employee_id,home_area,area_type,latitude,longitude,home_to_work_km,major_station_used_for_route,major_station_area,major_station_mode,major_station_lines,station_connectivity_score,nearest_major_station_distance_m,nearest_public_transport_access_m,home_to_station_m,station_access_category,first_mile_mode,uses_feeder_bus,feeder_bus_distance_km,feeder_bus_time_min,number_of_transfers,estimated_wait_time_min,origin_walk_time_min,main_transit_time_min,transfer_time_min,destination_walk_time_min,base_commute_time_min,delay_buffer_min,risk_adjusted_commute_time_min,base_commute_group,risk_adjusted_commute_group,delay_impact,crosses_45_min_after_delay,commute_time_score,station_access_score,transfer_score,reliability_score,adoption_score,adoption_potential,ml_cluster,commuter_segment
EMP0001,Quickborn,suburban,53.751563,9.917675,7.08,Quickborn,Quickborn,AKN,A1,0.7,2457.0,1076.0,1076.0,Acceptable,Walk to local stop + feeder bus,True,1.66,3.8,2,18.0,13.4,10.5,10,11.1,66.8,15,81.8,60+ min,60+ min,No impact,False,8,10,8,20,46,Medium,3,Moderate-potential commuters
EMP0002,Hamburg-Wandsbek,urban,53.595413,10.104764,14.23,Wandsbek Markt,Hamburg-Wandsbek,U-Bahn / Bus,"U1, Bus",0.85,3604.0,366.0,366.0,Excellent,Walk to local stop + feeder bus,True,3.89,9.0,1,12.0,4.6,32.3,5,11.1,73.9,15,88.9,60+ min,60+ min,No impact,False,8,25,14,20,67,High,2,Moderate-potential commuters
EMP0003,Henstedt-Ulzburg,outer_suburban,53.771968,9.948691,8.16,Henstedt-Ulzburg,Henstedt-Ulzburg,AKN,"A1, A2",0.7,2968.0,1281.0,1281.0,Acceptable,Walk to local stop + feeder bus,True,2.02,4.7,2,20.0,16.0,15.0,10,11.1,76.8,15,91.8,60+ min,60+ min,No impact,False,8,10,8,20,46,Medium,3,Long commute commuters
EMP0004,Pinneberg,suburban,53.679197,9.780776,13.65,Pinneberg,Pinneberg,S-Bahn / Regional,"S3, RE",0.8,2999.0,1375.0,1375.0,Acceptable,Walk to local stop + feeder bus,True,1.95,4.5,2,16.0,17.2,17.8,10,11.1,76.6,15,91.6,60+ min,60+ min,No impact,False,8,10,8,20,46,Medium,3,Long commute commuters
EMP0005,Norderstedt,near_workplace,53.703351,9.954122,2.01,Norderstedt Mitte,Norderstedt,U-Bahn / AKN,"U1, A2",0.95,2598.0,599.0,599.0,Good,Walk to local stop + feeder bus,True,2.4,5.5,1,9.0,7.5,0.0,5,11.1,38.1,15,53.1,31-45 min,46-60 min,Minor impact,True,28,18,14,10,70,High,0,Delay-sensitive commuters
EMP0006,Bad Oldesloe,regional,53.79417,10.329115,24.88,Bad Oldesloe,Bad Oldesloe,Regional,RE,0.65,3491.0,1396.0,1396.0,Acceptable,Walk to local stop + feeder bus,True,2.51,5.8,3,23.0,17.4,34.6,15,11.1,106.9,15,121.9,60+ min,60+ min,No impact,False,8,10,3,20,41,Low,1,Long commute commuters
EMP0007,Quickborn,suburban,53.694388,9.912103,4.84,Quickborn,Quickborn,AKN,A1,0.7,4106.0,852.0,852.0,Good,Walk to local stop + feeder bus,True,3.9,9.0,2,18.0,10.7,10.5,10,11.1,69.2,15,84.2,60+ min,60+ min,No impact,False,8,18,8,20,54,Medium,3,Moderate-potential commuters
EMP0008,Ahrensburg,suburban,53.665611,10.26406,18.84,Ahrensburg,Ahrensburg,Regional,RE,0.75,1953.0,1212.0,1212.0,Acceptable,Walk to local stop + feeder bus,True,0.89,2.1,2,17.0,15.2,20.9,10,11.1,76.1,15,91.1,60+ min,60+ min,No impact,False,8,10,8,20,46,Medium,3,Long commute commuters
EMP0009,Norderstedt,near_workplace,53.692529,9.944622,2.82,Richtweg,Norderstedt,U-Bahn,U1,0.85,3328.0,758.0,758.0,Good,Walk to local stop + feeder bus,True,3.08,7.1,1,11.0,9.5,2.9,5,11.1,46.6,15,61.6,46-60 min,60+ min,Minor impact,False,18,18,14,10,60,Medium,2,Delay-sensitive commuters
EMP0010,Hamburg-Wandsbek,urban,53.612544,10.096032,12.34,Ohlsdorf,Hamburg-Ohlsdorf,U-Bahn / S-Bahn,"U1, S1",0.95,4391.0,652.0,652.0,Good,Walk to local stop + feeder bus,True,4.49,10.4,1,10.0,8.1,18.2,5,11.1,62.7,15,77.7,60+ min,60+ min,No impact,False,8,18,14,20,60,Medium,2,Moderate-potential commuters
EMP0011,Hamburg-Eimsbuettel,urban,53.595705,9.92775,12.37,Kellinghusenstrasse,Hamburg-Eppendorf,U-Bahn,"U1, U3",0.9,4197.0,215.0,215.0,Excellent,Walk to local stop + feeder bus,True,4.78,11.0,1,11.0,2.7,27.1,5,11.1,67.9,15,82.9,60+ min,60+ min,No impact,False,8,25,14,20,67,High,2,Moderate-potential commuters
EMP0012,Elmshorn,outer_suburban,53.786794,9.650143,23.94,Elmshorn,Elmshorn,Regional,RE,0.7,3651.0,929.0,929.0,Good,Walk to local stop + feeder bus,True,3.27,7.5,3,20.0,11.6,28.8,15,11.1,94.0,15,109.0,60+ min,60+ min,No impact,False,8,18,3,20,49,Medium,3,Long commute commuters
EMP0013,Pinneberg,suburban,53.647052,9.767232,15.55,Pinneberg,Pinneberg,S-Bahn / Regional,"S3, RE",0.8,2109.0,1267.0,1267.0,Acceptable,Walk to local stop + feeder bus,True,1.01,2.3,2,16.0,15.8,17.8,10,11.1,73.1,15,88.1,60+ min,60+ min,No impact,False,8,10,8,20,46,Medium,3,Moderate-potential commuters
EMP0014,Ahrensburg,suburban,53.698216,10.226591,15.93,Ahrensburg,Ahrensburg,Regional,RE,0.75,2708.0,1146.0,1146.0,Acceptable,Walk to local stop + feeder bus,True,1.87,4.3,2,17.0,14.3,20.9,10,11.1,77.6,15,92.6,60+ min,60+ min,No impact,False,8,10,8,20,46,Medium,3,Long commute commuters
EMP0015,Hamburg-Wandsbek,urban,53.581237,10.035248,13.8,Barmbek,Hamburg-Barmbek,U-Bahn / S-Bahn,"U3, S1",0.9,863.0,694.0,694.0,Good,Walk directly to major station,False,0.0,0.0,1,5.0,10.8,25.2,5,11.1,57.0,15,72.0,46-60 min,60+ min,Minor impact,False,18,18,14,10,60,Medium,2,Delay-sensitive commuters
EMP0016,Hamburg-City,urban,53.522804,9.974211,19.9,Jungfernstieg,Hamburg-City,U-Bahn / S-Bahn,"U1, U2, U4, S1, S3",0.95,3500.0,493.0,493.0,Excellent,Walk to local stop + feeder bus,True,3.61,8.3,1,10.0,6.2,31.5,5,11.1,72.0,15,87.0,60+ min,60+ min,No impact,False,8,25,14,20,67,High,2,Moderate-potential commuters
EMP0017,Hamburg-Barmbek,urban,53.559016,10.041161,16.3,Wandsbek Markt,Hamburg-Wandsbek,U-Bahn / Bus,"U1, Bus",0.85,2235.0,636.0,636.0,Good,Walk to local stop + feeder bus,True,1.92,4.4,1,12.0,7.9,32.3,5,11.1,72.7,15,87.7,60+ min,60+ min,No impact,False,8,18,14,20,60,Medium,2,Moderate-potential commuters
EMP0018,Norderstedt,near_workplace,53.681659,10.018781,3.17,Ochsenzoll,Hamburg-Langenhorn,U-Bahn,U1,0.8,1281.0,409.0,409.0,Excellent,Walk directly to major station,False,0.0,0.0,0,7.0,16.0,7.1,0,11.1,41.1,15,56.1,31-45 min,46-60 min,Minor impact,True,28,25,20,10,83,Very High,0,High-potential PT users
EMP0019,Ahrensburg,suburban,53.660799,10.276565,19.76,Ahrensburg,Ahrensburg,Regional,RE,0.75,2936.0,861.0,861.0,Good,Walk to local stop + feeder bus,True,2.49,5.7,2,17.0,10.8,20.9,10,11.1,75.4,15,90.4,60+ min,60+ min,No impact,False,8,18,8,20,54,Medium,3,Long commute commuters
EMP0020,Hamburg-Harburg,outer_urban,53.445143,9.992871,28.53,Harburg,Hamburg-Harburg,S-Bahn / Regional,"S3, S5, RE",0.9,1214.0,860.0,860.0,Good,Walk directly to major station,False,0.0,0.0,2,5.0,15.2,35.2,10,11.1,76.4,15,91.4,60+ min,60+ min,No impact,False,8,18,8,20,54,Medium,2,Long commute commuters
EMP0021,Quickborn,suburban,53.753686,9.929119,6.84,Quickborn,Quickborn,AKN,A1,0.7,3015.0,998.0,998.0,Good,Walk to local stop + feeder bus,True,2.42,5.6,2,18.0,12.5,10.5,10,11.1,67.6,15,82.6,60+ min,60+ min,No impact,False,8,18,8,20,54,Medium,3,Moderate-potential commuters
EMP0022,Hamburg-Eimsbuettel,urban,53.560039,9.920661,16.31,Altona,Hamburg-Altona,S-Bahn / Regional,"S1, S2, S3, RE",0.95,1302.0,928.0,928.0,Good,Walk directly to major station,False,0.0,0.0,1,4.0,16.3,22.3,5,11.1,58.6,15,73.6,46-60 min,60+ min,Minor impact,False,18,18,14,10,60,Medium,2,Delay-sensitive commuters
EMP0023,Bad Oldesloe,regional,53.833988,10.37886,29.8,Bad Oldesloe,Bad Oldesloe,Regional,RE,0.65,2576.0,813.0,813.0,Good,Walk to local stop + feeder bus,True,2.12,4.9,3,23.0,10.2,34.6,15,11.1,98.7,15,113.7,60+ min,60+ min,No impact,False,8,18,3,20,49,Medium,3,Long commute commuters
EMP0024,Kaltenkirchen,outer_suburban,53.849798,10.025751,16.69,Kaltenkirchen,Kaltenkirchen,AKN,A1,0.65,4418.0,1811.0,1811.0,Poor,Walk to local stop + feeder bus,True,3.13,7.2,2,21.0,22.6,23.8,10,11.1,95.7,15,110.7,60+ min,60+ min,No impact,False,8,4,8,20,40,Low,1,Poor station access commuters
EMP0025,Quickborn,suburban,53.740463,9.878766,8.19,Quickborn,Quickborn,AKN,A1,0.7,1965.0,890.0,890.0,Good,Walk to local stop + feeder bus,True,1.29,3.0,2,18.0,11.1,10.5,10,11.1,63.6,15,78.6,60+ min,60+ min,No impact,False,8,18,8,20,54,Medium,3,Moderate-potential commuters
EMP0026,Hamburg-City,urban,53.544703,9.974726,17.47,Jungfernstieg,Hamburg-City,U-Bahn / S-Bahn,"U1, U2, U4, S1, S3",0.95,1510.0,581.0,581.0,Good,Walk to local stop + feeder bus,True,1.11,2.6,1,10.0,7.3,31.5,5,11.1,67.4,15,82.4,60+ min,60+ min,No impact,False,8,18,14,20,60,Medium,2,Moderate-potential commuters
EMP0027,Hamburg-Wandsbek,urban,53.58066,10.111202,15.84,Wandsbek Markt,Hamburg-Wandsbek,U-Bahn / Bus,"U1, Bus",0.85,3073.0,632.0,632.0,Good,Walk to local stop + feeder bus,True,2.93,6.8,1,12.0,7.9,32.3,5,11.1,75.0,15,90.0,60+ min,60+ min,No impact,False,8,18,14,20,60,Medium,2,Moderate-potential commuters
EMP0028,Norderstedt,near_workplace,53.700812,10.043904,3.91,Richtweg,Norderstedt,U-Bahn,U1,0.85,3284.0,433.0,433.0,Excellent,Walk to local stop + feeder bus,True,3.42,7.9,1,11.0,5.4,2.9,5,11.1,43.3,15,58.3,31-45 min,46-60 min,Minor impact,True,28,25,14,10,77,High,0,Delay-sensitive commuters
EMP0029,Norderstedt,near_workplace,53.72071,9.980367,2.13,Norderstedt Mitte,Norderstedt,U-Bahn / AKN,"U1, A2",0.95,1633.0,375.0,375.0,Excellent,Walk to local stop + feeder bus,True,1.51,3.5,1,9.0,4.7,0.0,5,11.1,33.2,15,48.2,31-45 min,46-60 min,Minor impact,True,28,25,14,10,77,High,0,Delay-sensitive commuters
EMP0030,Pinneberg,suburban,53.626227,9.784028,15.65,Pinneberg,Pinneberg,S-Bahn / Regional,"S3, RE",0.8,3204.0,1274.0,1274.0,Acceptable,Walk to local stop + feeder bus,True,2.32,5.3,2,16.0,15.9,17.8,10,11.1,76.2,15,91.2,60+ min,60+ min,No impact,False,8,10,8,20,46,Medium,3,Long commute commuters
EMP0031,Quickborn,suburban,53.755924,9.888131,8.75,Quickborn,Quickborn,AKN,A1,0.7,2961.0,946.0,946.0,Good,Walk to local stop + feeder bus,True,2.42,5.6,2,18.0,11.8,10.5,10,11.1,66.9,15,81.9,60+ min,60+ min,No impact,False,8,18,8,20,54,Medium,3,Moderate-potential commuters
EMP0032,Bad Oldesloe,regional,53.809971,10.428274,31.55,Bad Oldesloe,Bad Oldesloe,Regional,RE,0.65,3565.0,2217.0,2217.0,Poor,Walk to local stop + feeder bus,True,1.62,3.7,3,23.0,27.7,34.6,15,11.1,115.1,15,130.1,60+ min,60+ min,No impact,False,8,4,3,20,35,Low,1,Poor station access commuters
EMP0033,Hamburg-Altona,urban,53.534741,9.989144,18.57,Jungfernstieg,Hamburg-City,U-Bahn / S-Bahn,"U1, U2, U4, S1, S3",0.95,1946.0,435.0,435.0,Excellent,Walk to local stop + feeder bus,True,1.81,4.2,1,10.0,5.4,31.5,5,11.1,67.2,15,82.2,60+ min,60+ min,No impact,False,8,25,14,20,67,High,2,Moderate-potential commuters
EMP0034,Hamburg-Eimsbuettel,urban,53.553312,9.982414,16.5,Jungfernstieg,Hamburg-City,U-Bahn / S-Bahn,"U1, U2, U4, S1, S3",0.95,779.0,779.0,779.0,Good,Walk directly to major station,False,0.0,0.0,0,4.0,9.7,31.5,0,11.1,56.3,15,71.3,46-60 min,60+ min,Minor impact,False,18,18,20,10,66,High,2,Delay-sensitive commuters
EMP0035,Hamburg-Wandsbek,urban,53.611488,10.090279,12.21,Ohlsdorf,Hamburg-Ohlsdorf,U-Bahn / S-Bahn,"U1, S1",0.95,4051.0,766.0,766.0,Good,Walk to local stop + feeder bus,True,3.94,9.1,1,10.0,9.6,18.2,5,11.1,62.9,15,77.9,60+ min,60+ min,No impact,False,8,18,14,20,60,Medium,2,Moderate-potential commuters
EMP0036,Hamburg-City,urban,53.571019,9.960218,14.62,Dammtor,Hamburg-City,S-Bahn / Regional,"S-Bahn, RE",0.9,2226.0,549.0,549.0,Good,Walk to local stop + feeder bus,True,2.01,4.6,2,11.0,6.9,20.5,10,11.1,64.1,15,79.1,60+ min,60+ min,No impact,False,8,18,8,20,54,Medium,2,Moderate-potential commuters
EMP0037,Norderstedt,near_workplace,53.674278,10.015319,3.66,Ochsenzoll,Hamburg-Langenhorn,U-Bahn,U1,0.8,991.0,732.0,732.0,Good,Walk directly to major station,False,0.0,0.0,0,7.0,12.4,7.1,0,11.1,37.5,15,52.5,31-45 min,46-60 min,Minor impact,True,28,18,20,10,76,High,0,Delay-sensitive commuters
EMP0038,Hamburg-Wandsbek,urban,53.598842,10.049099,12.2,Barmbek,Hamburg-Barmbek,U-Bahn / S-Bahn,"U3, S1",0.9,1359.0,729.0,729.0,Good,Walk directly to major station,False,0.0,0.0,1,5.0,17.0,25.2,5,11.1,63.2,15,78.2,60+ min,60+ min,No impact,False,8,18,14,20,60,Medium,2,Moderate-potential commuters
EMP0039,Hamburg-City,urban,53.526861,9.981972,19.44,Jungfernstieg,Hamburg-City,U-Bahn / S-Bahn,"U1, U2, U4, S1, S3",0.95,2906.0,556.0,556.0,Good,Walk to local stop + feeder bus,True,2.82,6.5,1,10.0,7.0,31.5,5,11.1,71.0,15,86.0,60+ min,60+ min,No impact,False,8,18,14,20,60,Medium,2,Moderate-potential commuters
EMP0040,Pinneberg,suburban,53.643197,9.769802,15.57,Pinneberg,Pinneberg,S-Bahn / Regional,"S3, RE",0.8,2158.0,1649.0,1649.0,Poor,Walk to local stop + feeder bus,True,0.61,1.4,2,16.0,20.6,17.8,10,11.1,76.9,15,91.9,60+ min,60+ min,No impact,False,8,4,8,20,40,Low,3,Poor station access commuters
EMP0041,Hamburg-Wandsbek,urban,53.584867,10.155741,17.21,Wandsbek Markt,Hamburg-Wandsbek,U-Bahn / Bus,"U1, Bus",0.85,6031.0,497.0,497.0,Excellent,Walk to local stop + feeder bus,True,6.64,15.3,1,12.0,6.2,32.3,5,11.1,81.8,15,96.8,60+ min,60+ min,No impact,False,8,25,14,20,67,High,2,Long commute commuters
EMP0042,Henstedt-Ulzburg,outer_suburban,53.827724,9.951769,14.18,Kaltenkirchen,Kaltenkirchen,AKN,A1,0.65,1231.0,1231.0,1231.0,Acceptable,Walk directly to major station,False,0.0,0.0,1,10.0,15.4,23.8,5,11.1,65.2,15,80.2,60+ min,60+ min,No impact,False,8,10,14,20,52,Medium,3,Moderate-potential commuters
EMP0043,Pinneberg,suburban,53.693664,9.790939,12.78,Pinneberg,Pinneberg,S-Bahn / Regional,"S3, RE",0.8,4428.0,493.0,493.0,Excellent,Walk to local stop + feeder bus,True,4.72,10.9,2,16.0,6.2,17.8,10,11.1,72.0,15,87.0,60+ min,60+ min,No impact,False,8,25,8,20,61,Medium,2,Moderate-potential commuters
EMP0044,Hamburg-Altona,urban,53.552896,9.882257,17.87,Altona,Hamburg-Altona,S-Bahn / Regional,"S1, S2, S3, RE",0.95,3486.0,652.0,652.0,Good,Walk to local stop + feeder bus,True,3.4,7.8,2,10.0,8.1,22.3,10,11.1,69.3,15,84.3,60+ min,60+ min,No impact,False,8,18,8,20,54,Medium,2,Moderate-potential commuters
EMP0045,Henstedt-Ulzburg,outer_suburban,53.760793,9.990262,6.58,Henstedt-Ulzburg,Henstedt-Ulzburg,AKN,"A1, A2",0.7,3293.0,1278.0,1278.0,Acceptable,Walk to local stop + feeder bus,True,2.42,5.6,2,20.0,16.0,15.0,10,11.1,77.6,15,92.6,60+ min,60+ min,No impact,False,8,10,8,20,46,Medium,3,Long commute commuters
EMP0046,Ahrensburg,suburban,53.676998,10.294853,20.61,Ahrensburg,Ahrensburg,Regional,RE,0.75,3686.0,716.0,716.0,Good,Walk to local stop + feeder bus,True,3.56,8.2,2,17.0,9.0,20.9,10,11.1,76.1,15,91.1,60+ min,60+ min,No impact,False,8,18,8,20,54,Medium,3,Long commute commuters
EMP0047,Hamburg-Eimsbuettel,urban,53.570485,9.982644,14.59,Dammtor,Hamburg-City,S-Bahn / Regional,"S-Bahn, RE",0.9,1161.0,629.0,629.0,Good,Walk directly to major station,False,0.0,0.0,1,5.0,14.5,20.5,5,11.1,56.1,15,71.1,46-60 min,60+ min,Minor impact,False,18,18,14,10,60,Medium,2,Delay-sensitive commuters
EMP0048,Hamburg-Altona,urban,53.530211,9.915029,19.61,Altona,Hamburg-Altona,S-Bahn / Regional,"S1, S2, S3, RE",0.95,2759.0,526.0,526.0,Good,Walk to local stop + feeder bus,True,2.68,6.2,2,10.0,6.6,22.3,10,11.1,66.1,15,81.1,60+ min,60+ min,No impact,False,8,18,8,20,54,Medium,2,Moderate-potential commuters
EMP0049,Pinneberg,suburban,53.666121,9.859622,9.13,Pinneberg,Pinneberg,S-Bahn / Regional,"S3, RE",0.8,4341.0,788.0,788.0,Good,Walk to local stop + feeder bus,True,4.26,9.8,2,16.0,9.8,17.8,10,11.1,74.6,15,89.6,60+ min,60+ min,No impact,False,8,18,8,20,54,Medium,3,Moderate-potential commuters
EMP0050,Norderstedt,near_workplace,53.716447,9.975847,1.74,Norderstedt Mitte,Norderstedt,U-Bahn / AKN,"U1, A2",0.95,1458.0,526.0,526.0,Good,Walk directly to major station,False,0.0,0.0,0,4.0,18.2,0.0,0,11.1,33.3,15,48.3,31-45 min,46-60 min,Minor impact,True,28,18,20,10,76,High,0,Delay-sensitive commuters
EMP0051,Hamburg-City,urban,53.571969,9.995358,14.44,Dammtor,Hamburg-City,S-Bahn / Regional,"S-Bahn, RE",0.9,1307.0,1013.0,1013.0,Acceptable,Walk directly to major station,False,0.0,0.0,1,5.0,16.3,20.5,5,11.1,57.9,15,72.9,46-60 min,60+ min,Minor impact,False,18,10,14,10,52,Medium,2,Delay-sensitive commuters
EMP0052,Norderstedt,near_workplace,53.716709,9.941696,3.28,Quickborn,Quickborn,AKN,A1,0.7,2946.0,368.0,368.0,Excellent,Walk to local stop + feeder bus,True,3.09,7.1,2,14.0,4.6,10.5,10,11.1,57.3,15,72.3,46-60 min,60+ min,Minor impact,False,18,25,8,10,61,Medium,2,Delay-sensitive commuters
EMP0053,Ahrensburg,suburban,53.698027,10.285997,19.84,Ahrensburg,Ahrensburg,Regional,RE,0.75,4017.0,983.0,983.0,Good,Walk to local stop + feeder bus,True,3.64,8.4,2,17.0,12.3,20.9,10,11.1,79.6,15,94.6,60+ min,60+ min,No impact,False,8,18,8,20,54,Medium,3,Long commute commuters
EMP0054,Pinneberg,suburban,53.677918,9.827397,10.68,Pinneberg,Pinneberg,S-Bahn / Regional,"S3, RE",0.8,3329.0,1149.0,1149.0,Acceptable,Walk to local stop + feeder bus,True,2.62,6.0,2,16.0,14.4,17.8,10,11.1,75.3,15,90.3,60+ min,60+ min,No impact,False,8,10,8,20,46,Medium,3,Long commute commuters
EMP0055,Pinneberg,suburban,53.676791,9.798738,12.55,Pinneberg,Pinneberg,S-Bahn / Regional,"S3, RE",0.8,2537.0,1096.0,1096.0,Acceptable,Walk to local stop + feeder bus,True,1.73,4.0,2,16.0,13.7,17.8,10,11.1,72.6,15,87.6,60+ min,60+ min,No impact,False,8,10,8,20,46,Medium,3,Moderate-potential commuters
EMP0056,Ahrensburg,suburban,53.689959,10.276642,19.27,Ahrensburg,Ahrensburg,Regional,RE,0.75,2985.0,1449.0,1449.0,Acceptable,Walk to local stop + feeder bus,True,1.84,4.3,2,17.0,18.1,20.9,10,11.1,81.3,15,96.3,60+ min,60+ min,No impact,False,8,10,8,20,46,Medium,3,Long commute commuters
EMP0057,Hamburg-Wandsbek,urban,53.551522,10.033242,17.0,Hamburg Hbf,Hamburg-City,U-Bahn / S-Bahn / Regional,"U1, U2, U3, U4, S-Bahn, RE",1.0,1758.0,592.0,592.0,Good,Walk to local stop + feeder bus,True,1.4,3.2,1,9.0,7.4,21.7,5,11.1,57.4,15,72.4,46-60 min,60+ min,Minor impact,False,18,18,14,10,60,Medium,2,Delay-sensitive commuters
EMP0058,Hamburg-Barmbek,urban,53.597261,10.042315,12.22,Barmbek,Hamburg-Barmbek,U-Bahn / S-Bahn,"U3, S1",0.9,1146.0,806.0,806.0,Good,Walk directly to major station,False,0.0,0.0,1,5.0,14.3,25.2,5,11.1,60.6,15,75.6,60+ min,60+ min,No impact,False,8,18,14,20,60,Medium,2,Moderate-potential commuters
EMP0059,Norderstedt,near_workplace,53.727735,10.036276,4.47,Norderstedt Mitte,Norderstedt,U-Bahn / AKN,"U1, A2",0.95,3605.0,759.0,759.0,Good,Walk to local stop + feeder bus,True,3.42,7.9,1,9.0,9.5,0.0,5,11.1,42.4,15,57.4,31-45 min,46-60 min,Minor impact,True,28,18,14,10,70,High,0,Delay-sensitive commuters
EMP0060,Norderstedt,near_workplace,53.702618,10.051788,4.42,Richtweg,Norderstedt,U-Bahn,U1,0.85,3833.0,323.0,323.0,Excellent,Walk to local stop + feeder bus,True,4.21,9.7,1,11.0,4.0,2.9,5,11.1,43.8,15,58.8,31-45 min,46-60 min,Minor impact,True,28,25,14,10,77,High,0,Delay-sensitive commuters
EMP0061,Pinneberg,suburban,53.651985,9.779421,14.6,Pinneberg,Pinneberg,S-Bahn / Regional,"S3, RE",0.8,1180.0,812.0,812.0,Good,Walk directly to major station,False,0.0,0.0,1,7.0,14.7,17.8,5,11.1,55.6,15,70.6,46-60 min,60+ min,Minor impact,False,18,18,14,10,60,Medium,2,Delay-sensitive commuters
EMP0062,Hamburg-Wandsbek,urban,53.592675,10.055624,13.0,Barmbek,Hamburg-Barmbek,U-Bahn / S-Bahn,"U3, S1",0.9,993.0,810.0,810.0,Good,Walk directly to major station,False,0.0,0.0,1,5.0,12.4,25.2,5,11.1,58.7,15,73.7,46-60 min,60+ min,Minor impact,False,18,18,14,10,60,Medium,2,Delay-sensitive commuters
EMP0063,Hamburg-Barmbek,urban,53.568224,10.062253,15.7,Wandsbek Markt,Hamburg-Wandsbek,U-Bahn / Bus,"U1, Bus",0.85,524.0,524.0,524.0,Good,Walk directly to major station,False,0.0,0.0,0,6.0,6.5,32.3,0,11.1,55.9,15,70.9,46-60 min,60+ min,Minor impact,False,18,18,20,10,66,High,0,Delay-sensitive commuters
EMP0064,Quickborn,suburban,53.69915,9.901757,5.46,Quickborn,Quickborn,AKN,A1,0.7,3545.0,1560.0,1560.0,Poor,Walk to local stop + feeder bus,True,2.38,5.5,2,18.0,19.5,10.5,10,11.1,74.5,15,89.5,60+ min,60+ min,No impact,False,8,4,8,20,40,Low,3,Poor station access commuters
EMP0065,Hamburg-Harburg,outer_urban,53.434245,9.921297,30.03,Harburg,Hamburg-Harburg,S-Bahn / Regional,"S3, S5, RE",0.9,5212.0,887.0,887.0,Good,Walk to local stop + feeder bus,True,5.19,12.0,3,13.0,11.1,35.2,15,11.1,97.3,15,112.3,60+ min,60+ min,No impact,False,8,18,3,20,49,Medium,3,Long commute commuters
EMP0066,Hamburg-Barmbek,urban,53.61166,10.043861,10.75,Ohlsdorf,Hamburg-Ohlsdorf,U-Bahn / S-Bahn,"U1, S1",0.95,1341.0,826.0,826.0,Good,Walk directly to major station,False,0.0,0.0,0,4.0,16.8,18.2,0,11.1,50.0,15,65.0,46-60 min,60+ min,Minor impact,False,18,18,20,10,66,High,0,Delay-sensitive commuters
EMP0067,Hamburg-Barmbek,urban,53.61123,10.06952,11.51,Ohlsdorf,Hamburg-Ohlsdorf,U-Bahn / S-Bahn,"U1, S1",0.95,2763.0,612.0,612.0,Good,Walk to local stop + feeder bus,True,2.58,6.0,1,10.0,7.6,18.2,5,11.1,57.8,15,72.8,46-60 min,60+ min,Minor impact,False,18,18,14,10,60,Medium,2,Delay-sensitive commuters
EMP0068,Hamburg-Altona,urban,53.570114,9.93,15.07,Altona,Hamburg-Altona,S-Bahn / Regional,"S1, S2, S3, RE",0.95,2041.0,909.0,909.0,Good,Walk to local stop + feeder bus,True,1.36,3.1,2,10.0,11.4,22.3,10,11.1,67.8,15,82.8,60+ min,60+ min,No impact,False,8,18,8,20,54,Medium,2,Moderate-potential commuters
EMP0069,Norderstedt,near_workplace,53.684208,10.004576,2.35,Garstedt,Norderstedt,U-Bahn,U1,0.85,709.0,319.0,319.0,Excellent,Walk directly to major station,False,0.0,0.0,0,6.0,8.9,5.6,0,11.1,31.6,15,46.6,31-45 min,46-60 min,Minor impact,True,28,25,20,10,83,Very High,0,High-potential PT users
EMP0070,Hamburg-Wandsbek,urban,53.618322,10.103052,12.12,Ohlsdorf,Hamburg-Ohlsdorf,U-Bahn / S-Bahn,"U1, S1",0.95,4761.0,360.0,360.0,Excellent,Walk to local stop + feeder bus,True,5.28,12.2,1,10.0,4.5,18.2,5,11.1,60.9,15,75.9,60+ min,60+ min,No impact,False,8,25,14,20,67,High,2,Moderate-potential commuters
EMP0071,Hamburg-City,urban,53.531765,10.036573,19.2,Hamburg Hbf,Hamburg-City,U-Bahn / S-Bahn / Regional,"U1, U2, U3, U4, S-Bahn, RE",1.0,3052.0,314.0,314.0,Excellent,Walk to local stop + feeder bus,True,3.29,7.6,1,9.0,3.9,21.7,5,11.1,58.3,15,73.3,46-60 min,60+ min,Minor impact,False,18,25,14,10,67,High,2,Delay-sensitive commuters
EMP0072,Hamburg-Eimsbuettel,urban,53.588498,9.914642,13.41,Altona,Hamburg-Altona,S-Bahn / Regional,"S1, S2, S3, RE",0.95,4275.0,723.0,723.0,Good,Walk to local stop + feeder bus,True,4.26,9.8,2,10.0,9.0,22.3,10,11.1,72.2,15,87.2,60+ min,60+ min,No impact,False,8,18,8,20,54,Medium,2,Moderate-potential commuters
EMP0073,Henstedt-Ulzburg,outer_suburban,53.768879,10.00562,7.6,Henstedt-Ulzburg,Henstedt-Ulzburg,AKN,"A1, A2",0.7,2815.0,1432.0,1432.0,Acceptable,Walk to local stop + feeder bus,True,1.66,3.8,2,20.0,17.9,15.0,10,11.1,77.8,15,92.8,60+ min,60+ min,No impact,False,8,10,8,20,46,Medium,3,Long commute commuters
EMP0074,Hamburg-City,urban,53.550861,9.939402,17.04,Altona,Hamburg-Altona,S-Bahn / Regional,"S1, S2, S3, RE",0.95,317.0,317.0,317.0,Excellent,Walk directly to major station,False,0.0,0.0,1,4.0,4.0,22.3,5,11.1,46.3,15,61.3,46-60 min,60+ min,Minor impact,False,18,25,14,10,67,High,0,Delay-sensitive commuters
EMP0075,Norderstedt,near_workplace,53.672997,9.998159,3.31,Ochsenzoll,Hamburg-Langenhorn,U-Bahn,U1,0.8,483.0,483.0,483.0,Excellent,Walk directly to major station,False,0.0,0.0,0,7.0,6.0,7.1,0,11.1,31.2,15,46.2,31-45 min,46-60 min,Minor impact,True,28,25,20,10,83,Very High,0,High-potential PT users
EMP0076,Hamburg-Altona,urban,53.570891,9.979695,14.55,Dammtor,Hamburg-City,S-Bahn / Regional,"S-Bahn, RE",0.9,1286.0,910.0,910.0,Good,Walk directly to major station,False,0.0,0.0,1,5.0,16.1,20.5,5,11.1,57.7,15,72.7,46-60 min,60+ min,Minor impact,False,18,18,14,10,60,Medium,2,Delay-sensitive commuters
EMP0077,Hamburg-Altona,urban,53.561623,9.948493,15.76,Altona,Hamburg-Altona,S-Bahn / Regional,"S1, S2, S3, RE",0.95,1393.0,949.0,949.0,Good,Walk directly to major station,False,0.0,0.0,1,4.0,17.4,22.3,5,11.1,59.7,15,74.7,46-60 min,60+ min,Minor impact,False,18,18,14,10,60,Medium,2,Delay-sensitive commuters
EMP0078,Pinneberg,suburban,53.648703,9.795249,13.79,Pinneberg,Pinneberg,S-Bahn / Regional,"S3, RE",0.8,600.0,600.0,600.0,Good,Walk directly to major station,False,0.0,0.0,1,7.0,7.5,17.8,5,11.1,48.4,15,63.4,46-60 min,60+ min,Minor impact,False,18,18,14,10,60,Medium,2,Delay-sensitive commuters
EMP0079,Hamburg-Barmbek,urban,53.589679,10.044394,13.06,Barmbek,Hamburg-Barmbek,U-Bahn / S-Bahn,"U3, S1",0.9,299.0,299.0,299.0,Excellent,Walk directly to major station,False,0.0,0.0,1,5.0,3.7,25.2,5,11.1,50.0,15,65.0,46-60 min,60+ min,Minor impact,False,18,25,14,10,67,High,0,Delay-sensitive commuters
EMP0080,Ahrensburg,suburban,53.642138,10.263464,19.53,Ahrensburg,Ahrensburg,Regional,RE,0.75,3994.0,1258.0,1258.0,Acceptable,Walk to local stop + feeder bus,True,3.28,7.6,2,17.0,15.7,20.9,10,11.1,82.2,15,97.2,60+ min,60+ min,No impact,False,8,10,8,20,46,Medium,3,Long commute commuters
EMP0081,Pinneberg,suburban,53.69096,9.810998,11.49,Pinneberg,Pinneberg,S-Bahn / Regional,"S3, RE",0.8,4212.0,1104.0,1104.0,Acceptable,Walk to local stop + feeder bus,True,3.73,8.6,2,16.0,13.8,17.8,10,11.1,77.3,15,92.3,60+ min,60+ min,No impact,False,8,10,8,20,46,Medium,3,Long commute commuters
EMP0082,Hamburg-Eimsbuettel,urban,53.580132,9.936992,13.88,Altona,Hamburg-Altona,S-Bahn / Regional,"S1, S2, S3, RE",0.95,3131.0,765.0,765.0,Good,Walk to local stop + feeder bus,True,2.84,6.6,2,10.0,9.6,22.3,10,11.1,69.4,15,84.4,60+ min,60+ min,No impact,False,8,18,8,20,54,Medium,2,Moderate-potential commuters
EMP0083,Ahrensburg,suburban,53.697704,10.290625,20.15,Ahrensburg,Ahrensburg,Regional,RE,0.75,4234.0,1293.0,1293.0,Acceptable,Walk to local stop + feeder bus,True,3.53,8.1,2,17.0,16.2,20.9,10,11.1,83.2,15,98.2,60+ min,60+ min,No impact,False,8,10,8,20,46,Medium,3,Long commute commuters
EMP0084,Hamburg-City,urban,53.562832,9.953789,15.57,Altona,Hamburg-Altona,S-Bahn / Regional,"S1, S2, S3, RE",0.95,1729.0,198.0,198.0,Excellent,Walk to local stop + feeder bus,True,1.84,4.2,2,10.0,2.5,22.3,10,11.1,60.1,15,75.1,60+ min,60+ min,No impact,False,8,25,8,20,61,Medium,2,Moderate-potential commuters
EMP0085,Norderstedt,near_workplace,53.711623,9.978184,1.18,Norderstedt Mitte,Norderstedt,U-Bahn / AKN,"U1, A2",0.95,1043.0,247.0,247.0,Excellent,Walk directly to major station,False,0.0,0.0,0,4.0,13.0,0.0,0,11.1,28.1,15,43.1,0-30 min,31-45 min,Minor impact,False,35,25,20,10,90,Very High,0,High-potential PT users
EMP0086,Norderstedt,near_workplace,53.682604,10.027185,3.52,Ochsenzoll,Hamburg-Langenhorn,U-Bahn,U1,0.8,1834.0,554.0,554.0,Good,Walk to local stop + feeder bus,True,1.54,3.5,1,12.0,6.9,7.1,5,11.1,45.6,15,60.6,46-60 min,60+ min,Minor impact,False,18,18,14,10,60,Medium,2,Delay-sensitive commuters
EMP0087,Quickborn,suburban,53.727537,9.954776,3.48,Norderstedt Mitte,Norderstedt,U-Bahn / AKN,"U1, A2",0.95,3314.0,868.0,868.0,Good,Walk to local stop + feeder bus,True,2.93,6.8,1,13.0,10.9,0.0,5,11.1,46.7,15,61.7,46-60 min,60+ min,Minor impact,False,18,18,14,10,60,Medium,2,Delay-sensitive commuters
EMP0088,Hamburg-Wandsbek,urban,53.544296,10.081575,18.63,Wandsbek Markt,Hamburg-Wandsbek,U-Bahn / Bus,"U1, Bus",0.85,3227.0,566.0,566.0,Good,Walk to local stop + feeder bus,True,3.19,7.4,1,12.0,7.1,32.3,5,11.1,74.8,15,89.8,60+ min,60+ min,No impact,False,8,18,14,20,60,Medium,2,Moderate-potential commuters
EMP0089,Hamburg-City,urban,53.529778,10.001798,19.15,Jungfernstieg,Hamburg-City,U-Bahn / S-Bahn,"U1, U2, U4, S1, S3",0.95,2524.0,670.0,670.0,Good,Walk to local stop + feeder bus,True,2.22,5.1,1,10.0,8.4,31.5,5,11.1,71.1,15,86.1,60+ min,60+ min,No impact,False,8,18,14,20,60,Medium,2,Moderate-potential commuters
EMP0090,Hamburg-Wandsbek,urban,53.587256,10.11729,15.44,Wandsbek Markt,Hamburg-Wandsbek,U-Bahn / Bus,"U1, Bus",0.85,3728.0,383.0,383.0,Excellent,Walk to local stop + feeder bus,True,4.01,9.3,1,12.0,4.8,32.3,5,11.1,74.4,15,89.4,60+ min,60+ min,No impact,False,8,25,14,20,67,High,2,Moderate-potential commuters
EMP0091,Norderstedt,near_workplace,53.707116,9.974007,0.92,Norderstedt Mitte,Norderstedt,U-Bahn / AKN,"U1, A2",0.95,1241.0,807.0,807.0,Good,Walk directly to major station,False,0.0,0.0,0,4.0,15.5,0.0,0,11.1,30.6,15,45.6,31-45 min,46-60 min,Minor impact,True,28,18,20,10,76,High,0,Delay-sensitive commuters
EMP0092,Pinneberg,suburban,53.673598,9.813774,11.67,Pinneberg,Pinneberg,S-Bahn / Regional,"S3, RE",0.8,2443.0,1512.0,1512.0,Poor,Walk to local stop + feeder bus,True,1.12,2.6,2,16.0,18.9,17.8,10,11.1,76.4,15,91.4,60+ min,60+ min,No impact,False,8,4,8,20,40,Low,3,Poor station access commuters
EMP0093,Hamburg-Wandsbek,urban,53.601774,10.144705,15.32,Wandsbek Markt,Hamburg-Wandsbek,U-Bahn / Bus,"U1, Bus",0.85,6105.0,614.0,614.0,Good,Walk to local stop + feeder bus,True,6.59,15.2,1,12.0,7.7,32.3,5,11.1,83.2,15,98.2,60+ min,60+ min,No impact,False,8,18,14,20,60,Medium,2,Long commute commuters
EMP0094,Hamburg-Eimsbuettel,urban,53.549188,9.987963,16.96,Jungfernstieg,Hamburg-City,U-Bahn / S-Bahn,"U1, U2, U4, S1, S3",0.95,507.0,370.0,370.0,Excellent,Walk directly to major station,False,0.0,0.0,0,4.0,6.3,31.5,0,11.1,52.9,15,67.9,46-60 min,60+ min,Minor impact,False,18,25,20,10,73,High,0,Delay-sensitive commuters
EMP0095,Hamburg-Altona,urban,53.56896,9.972228,14.78,Dammtor,Hamburg-City,S-Bahn / Regional,"S-Bahn, RE",0.9,1442.0,828.0,828.0,Good,Walk directly to major station,False,0.0,0.0,1,5.0,18.0,20.5,5,11.1,59.6,15,74.6,46-60 min,60+ min,Minor impact,False,18,18,14,10,60,Medium,2,Delay-sensitive commuters
EMP0096,Hamburg-Harburg,outer_urban,53.433217,9.998014,29.87,Harburg,Hamburg-Harburg,S-Bahn / Regional,"S3, S5, RE",0.9,2576.0,835.0,835.0,Good,Walk to local stop + feeder bus,True,2.09,4.8,3,13.0,10.4,35.2,15,11.1,89.5,15,104.5,60+ min,60+ min,No impact,False,8,18,3,20,49,Medium,3,Long commute commuters
EMP0097,Hamburg-Eimsbuettel,urban,53.596434,9.919431,12.47,Kellinghusenstrasse,Hamburg-Eppendorf,U-Bahn,"U1, U3",0.9,4751.0,548.0,548.0,Good,Walk to local stop + feeder bus,True,5.04,11.6,1,11.0,6.8,27.1,5,11.1,72.6,15,87.6,60+ min,60+ min,No impact,False,8,18,14,20,60,Medium,2,Moderate-potential commuters
EMP0098,Norderstedt,near_workplace,53.718023,9.97587,1.9,Norderstedt Mitte,Norderstedt,U-Bahn / AKN,"U1, A2",0.95,1576.0,558.0,558.0,Good,Walk to local stop + feeder bus,True,1.22,2.8,1,9.0,7.0,0.0,5,11.1,34.9,15,49.9,31-45 min,46-60 min,Minor impact,True,28,18,14,10,70,High,0,Delay-sensitive commuters
EMP0099,Norderstedt,near_workplace,53.712326,10.043484,4.05,Norderstedt Mitte,Norderstedt,U-Bahn / AKN,"U1, A2",0.95,3370.0,596.0,596.0,Good,Walk to local stop + feeder bus,True,3.33,7.7,1,9.0,7.4,0.0,5,11.1,40.2,15,55.2,31-45 min,46-60 min,Minor impact,True,28,18,14,10,70,High,0,Delay-sensitive commuters
EMP0100,Bad Oldesloe,regional,53.802552,10.431087,31.42,Bad Oldesloe,Bad Oldesloe,Regional,RE,0.65,3864.0,715.0,715.0,Good,Walk to local stop + feeder bus,True,3.78,8.7,3,23.0,8.9,34.6,15,11.1,101.3,15,116.3,60+ min,60+ min,No impact,False,8,18,3,20,49,Medium,3,Long commute commuters
EMP0101,Kaltenkirchen,outer_suburban,53.806436,9.939035,12.03,Henstedt-Ulzburg,Henstedt-Ulzburg,AKN,"A1, A2",0.7,3362.0,1122.0,1122.0,Acceptable,Walk to local stop + feeder bus,True,2.69,6.2,2,20.0,14.0,15.0,10,11.1,76.3,15,91.3,60+ min,60+ min,No impact,False,8,10,8,20,46,Medium,3,Long commute commuters
EMP0102,Pinneberg,suburban,53.675189,9.748214,15.84,Pinneberg,Pinneberg,S-Bahn / Regional,"S3, RE",0.8,3985.0,1218.0,1218.0,Acceptable,Walk to local stop + feeder bus,True,3.32,7.7,2,16.0,15.2,17.8,10,11.1,77.8,15,92.8,60+ min,60+ min,No impact,False,8,10,8,20,46,Medium,3,Long commute commuters
EMP0103,Hamburg-Altona,urban,53.557903,9.937242,16.29,Altona,Hamburg-Altona,S-Bahn / Regional,"S1, S2, S3, RE",0.95,673.0,643.0,643.0,Good,Walk directly to major station,False,0.0,0.0,1,4.0,8.4,22.3,5,11.1,50.7,15,65.7,46-60 min,60+ min,Minor impact,False,18,18,14,10,60,Medium,2,Delay-sensitive commuters
EMP0104,Bad Oldesloe,regional,53.788295,10.345482,25.61,Bad Oldesloe,Bad Oldesloe,Regional,RE,0.65,3144.0,1999.0,1999.0,Poor,Walk to local stop + feeder bus,True,1.37,3.2,3,23.0,25.0,34.6,15,11.1,111.8,15,126.8,60+ min,60+ min,No impact,False,8,4,3,20,35,Low,1,Poor station access commuters
EMP0105,Quickborn,suburban,53.727509,9.941332,4.04,Quickborn,Quickborn,AKN,A1,0.7,2486.0,1591.0,1591.0,Poor,Walk to local stop + feeder bus,True,1.07,2.5,2,18.0,19.9,10.5,10,11.1,71.9,15,86.9,60+ min,60+ min,No impact,False,8,4,8,20,40,Low,3,Poor station access commuters
EMP0106,Quickborn,suburban,53.730628,9.846688,9.63,Quickborn,Quickborn,AKN,A1,0.7,3770.0,1063.0,1063.0,Acceptable,Walk to local stop + feeder bus,True,3.25,7.5,2,18.0,13.3,10.5,10,11.1,70.3,15,85.3,60+ min,60+ min,No impact,False,8,10,8,20,46,Medium,3,Moderate-potential commuters
EMP0107,Hamburg-Wandsbek,urban,53.55738,10.065624,16.91,Wandsbek Markt,Hamburg-Wandsbek,U-Bahn / Bus,"U1, Bus",0.85,1628.0,327.0,327.0,Excellent,Walk to local stop + feeder bus,True,1.56,3.6,1,12.0,4.1,32.3,5,11.1,68.0,15,83.0,60+ min,60+ min,No impact,False,8,25,14,20,67,High,2,Moderate-potential commuters
EMP0108,Hamburg-Altona,urban,53.546624,9.978449,17.25,Jungfernstieg,Hamburg-City,U-Bahn / S-Bahn,"U1, U2, U4, S1, S3",0.95,1189.0,193.0,193.0,Excellent,Walk directly to major station,False,0.0,0.0,0,4.0,14.9,31.5,0,11.1,61.4,15,76.4,60+ min,60+ min,No impact,False,8,25,20,20,73,High,0,Moderate-potential commuters
EMP0109,Norderstedt,near_workplace,53.69629,10.036993,3.5,Richtweg,Norderstedt,U-Bahn,U1,0.85,2768.0,478.0,478.0,Excellent,Walk to local stop + feeder bus,True,2.75,6.3,1,11.0,6.0,2.9,5,11.1,42.3,15,57.3,31-45 min,46-60 min,Minor impact,True,28,25,14,10,77,High,0,Delay-sensitive commuters
EMP0110,Kaltenkirchen,outer_suburban,53.831851,9.944424,14.71,Kaltenkirchen,Kaltenkirchen,AKN,A1,0.65,1288.0,925.0,925.0,Good,Walk directly to major station,False,0.0,0.0,1,10.0,16.1,23.8,5,11.1,65.9,15,80.9,60+ min,60+ min,No impact,False,8,18,14,20,60,Medium,3,Moderate-potential commuters
EMP0111,Hamburg-Wandsbek,urban,53.604053,10.083534,12.67,Barmbek,Hamburg-Barmbek,U-Bahn / S-Bahn,"U3, S1",0.9,3225.0,916.0,916.0,Good,Walk to local stop + feeder bus,True,2.77,6.4,2,11.0,11.4,25.2,10,11.1,75.1,15,90.1,60+ min,60+ min,No impact,False,8,18,8,20,54,Medium,2,Long commute commuters
EMP0112,Hamburg-City,urban,53.573936,9.963695,14.27,Dammtor,Hamburg-City,S-Bahn / Regional,"S-Bahn, RE",0.9,2229.0,634.0,634.0,Good,Walk to local stop + feeder bus,True,1.91,4.4,2,11.0,7.9,20.5,10,11.1,64.9,15,79.9,60+ min,60+ min,No impact,False,8,18,8,20,54,Medium,2,Moderate-potential commuters
EMP0113,Hamburg-Altona,urban,53.566012,9.985487,15.09,Dammtor,Hamburg-City,S-Bahn / Regional,"S-Bahn, RE",0.9,629.0,494.0,494.0,Excellent,Walk directly to major station,False,0.0,0.0,1,5.0,7.9,20.5,5,11.1,49.5,15,64.5,46-60 min,60+ min,Minor impact,False,18,25,14,10,67,High,0,Delay-sensitive commuters
EMP0114,Hamburg-Barmbek,urban,53.56763,10.050878,15.54,Wandsbek Markt,Hamburg-Wandsbek,U-Bahn / Bus,"U1, Bus",0.85,1170.0,380.0,380.0,Excellent,Walk directly to major station,False,0.0,0.0,0,6.0,14.6,32.3,0,11.1,63.9,15,78.9,60+ min,60+ min,No impact,False,8,25,20,20,73,High,0,Moderate-potential commuters
EMP0115,Hamburg-City,urban,53.559178,9.987871,15.85,Dammtor,Hamburg-City,S-Bahn / Regional,"S-Bahn, RE",0.9,201.0,201.0,201.0,Excellent,Walk directly to major station,False,0.0,0.0,1,5.0,2.5,20.5,5,11.1,44.1,15,59.1,31-45 min,46-60 min,Minor impact,True,28,25,14,10,77,High,0,Delay-sensitive commuters
EMP0116,Henstedt-Ulzburg,outer_suburban,53.798483,10.040969,11.38,Henstedt-Ulzburg,Henstedt-Ulzburg,AKN,"A1, A2",0.7,3986.0,1953.0,1953.0,Poor,Walk to local stop + feeder bus,True,2.44,5.6,2,20.0,24.4,15.0,10,11.1,86.1,15,101.1,60+ min,60+ min,No impact,False,8,4,8,20,40,Low,1,Poor station access commuters
EMP0117,Quickborn,suburban,53.738977,9.949295,4.75,Quickborn,Quickborn,AKN,A1,0.7,3108.0,1239.0,1239.0,Acceptable,Walk to local stop + feeder bus,True,2.24,5.2,2,18.0,15.5,10.5,10,11.1,70.2,15,85.2,60+ min,60+ min,No impact,False,8,10,8,20,46,Medium,3,Moderate-potential commuters
EMP0118,Quickborn,suburban,53.731538,9.920695,5.36,Quickborn,Quickborn,AKN,A1,0.7,1100.0,994.0,994.0,Good,Walk directly to major station,False,0.0,0.0,1,9.0,13.7,10.5,5,11.1,49.3,15,64.3,46-60 min,60+ min,Minor impact,False,18,18,14,10,60,Medium,2,Delay-sensitive commuters
EMP0119,Hamburg-Wandsbek,urban,53.591119,10.130843,15.62,Wandsbek Markt,Hamburg-Wandsbek,U-Bahn / Bus,"U1, Bus",0.85,4720.0,573.0,573.0,Good,Walk to local stop + feeder bus,True,4.98,11.5,1,12.0,7.2,32.3,5,11.1,79.0,15,94.0,60+ min,60+ min,No impact,False,8,18,14,20,60,Medium,2,Long commute commuters
EMP0120,Hamburg-Harburg,outer_urban,53.4674,10.00783,26.1,Harburg,Hamburg-Harburg,S-Bahn / Regional,"S3, S5, RE",0.9,1688.0,453.0,453.0,Excellent,Walk to local stop + feeder bus,True,1.48,3.4,3,13.0,5.7,35.2,15,11.1,83.3,15,98.3,60+ min,60+ min,No impact,False,8,25,3,20,56,Medium,3,Long commute commuters
EMP0121,Hamburg-Barmbek,urban,53.600401,10.020866,11.51,Barmbek,Hamburg-Barmbek,U-Bahn / S-Bahn,"U3, S1",0.9,2133.0,782.0,782.0,Good,Walk to local stop + feeder bus,True,1.62,3.7,2,11.0,9.8,25.2,10,11.1,70.8,15,85.8,60+ min,60+ min,No impact,False,8,18,8,20,54,Medium,2,Moderate-potential commuters
EMP0122,Pinneberg,suburban,53.65289,9.811344,12.64,Pinneberg,Pinneberg,S-Bahn / Regional,"S3, RE",0.8,953.0,548.0,548.0,Good,Walk directly to major station,False,0.0,0.0,1,7.0,11.9,17.8,5,11.1,52.8,15,67.8,46-60 min,60+ min,Minor impact,False,18,18,14,10,60,Medium,2,Delay-sensitive commuters
EMP0123,Norderstedt,near_workplace,53.695417,10.019466,2.4,Richtweg,Norderstedt,U-Bahn,U1,0.85,1611.0,466.0,466.0,Excellent,Walk to local stop + feeder bus,True,1.37,3.2,1,11.0,5.8,2.9,5,11.1,39.0,15,54.0,31-45 min,46-60 min,Minor impact,True,28,25,14,10,77,High,0,Delay-sensitive commuters
EMP0124,Hamburg-Eimsbuettel,urban,53.563417,9.941103,15.64,Altona,Hamburg-Altona,S-Bahn / Regional,"S1, S2, S3, RE",0.95,1332.0,715.0,715.0,Good,Walk directly to major station,False,0.0,0.0,1,4.0,16.6,22.3,5,11.1,59.0,15,74.0,46-60 min,60+ min,Minor impact,False,18,18,14,10,60,Medium,2,Delay-sensitive commuters
EMP0125,Norderstedt,near_workplace,53.733543,9.95712,3.98,Quickborn,Quickborn,AKN,A1,0.7,3506.0,293.0,293.0,Excellent,Walk to local stop + feeder bus,True,3.86,8.9,2,14.0,3.7,10.5,10,11.1,58.1,15,73.1,46-60 min,60+ min,Minor impact,False,18,25,8,10,61,Medium,2,Delay-sensitive commuters
EMP0126,Hamburg-Wandsbek,urban,53.595252,10.097895,14.0,Wandsbek Markt,Hamburg-Wandsbek,U-Bahn / Bus,"U1, Bus",0.85,3293.0,470.0,470.0,Excellent,Walk to local stop + feeder bus,True,3.39,7.8,1,12.0,5.9,32.3,5,11.1,74.0,15,89.0,60+ min,60+ min,No impact,False,8,25,14,20,67,High,2,Moderate-potential commuters
EMP0127,Hamburg-Altona,urban,53.571238,9.966646,14.55,Dammtor,Hamburg-City,S-Bahn / Regional,"S-Bahn, RE",0.9,1888.0,577.0,577.0,Good,Walk to local stop + feeder bus,True,1.57,3.6,2,11.0,7.2,20.5,10,11.1,63.4,15,78.4,60+ min,60+ min,No impact,False,8,18,8,20,54,Medium,2,Moderate-potential commuters
EMP0128,Norderstedt,near_workplace,53.730969,10.033981,4.6,Norderstedt Mitte,Norderstedt,U-Bahn / AKN,"U1, A2",0.95,3724.0,627.0,627.0,Good,Walk to local stop + feeder bus,True,3.72,8.6,1,9.0,7.8,0.0,5,11.1,41.5,15,56.5,31-45 min,46-60 min,Minor impact,True,28,18,14,10,70,High,0,Delay-sensitive commuters
EMP0129,Norderstedt,near_workplace,53.707876,9.939897,3.02,Norderstedt Mitte,Norderstedt,U-Bahn / AKN,"U1, A2",0.95,3482.0,282.0,282.0,Excellent,Walk to local stop + feeder bus,True,3.84,8.9,1,9.0,3.5,0.0,5,11.1,37.4,15,52.4,31-45 min,46-60 min,Minor impact,True,28,25,14,10,77,High,0,Delay-sensitive commuters
EMP0130,Hamburg-Barmbek,urban,53.557942,10.035355,16.33,Hamburg Hbf,Hamburg-City,U-Bahn / S-Bahn / Regional,"U1, U2, U3, U4, S-Bahn, RE",1.0,1981.0,404.0,404.0,Excellent,Walk to local stop + feeder bus,True,1.89,4.4,1,9.0,5.1,21.7,5,11.1,56.2,15,71.2,46-60 min,60+ min,Minor impact,False,18,25,14,10,67,High,2,Delay-sensitive commuters
EMP0131,Hamburg-City,urban,53.573054,10.004228,14.36,Dammtor,Hamburg-City,S-Bahn / Regional,"S-Bahn, RE",0.9,1686.0,311.0,311.0,Excellent,Walk to local stop + feeder bus,True,1.65,3.8,2,11.0,3.9,20.5,10,11.1,60.3,15,75.3,60+ min,60+ min,No impact,False,8,25,8,20,61,Medium,2,Moderate-potential commuters
EMP0132,Elmshorn,outer_suburban,53.734344,9.71934,17.83,Elmshorn,Elmshorn,Regional,RE,0.7,4879.0,1804.0,1804.0,Poor,Walk to local stop + feeder bus,True,3.69,8.5,3,20.0,22.5,28.8,15,11.1,105.9,15,120.9,60+ min,60+ min,No impact,False,8,4,3,20,35,Low,1,Poor station access commuters
EMP0133,Hamburg-Barmbek,urban,53.563926,10.021851,15.52,Hamburg Hbf,Hamburg-City,U-Bahn / S-Bahn / Regional,"U1, U2, U3, U4, S-Bahn, RE",1.0,1600.0,622.0,622.0,Good,Walk to local stop + feeder bus,True,1.17,2.7,1,9.0,7.8,21.7,5,11.1,57.2,15,72.2,46-60 min,60+ min,Minor impact,False,18,18,14,10,60,Medium,2,Delay-sensitive commuters
EMP0134,Hamburg-Eimsbuettel,urban,53.589369,10.002589,12.55,Kellinghusenstrasse,Hamburg-Eppendorf,U-Bahn,"U1, U3",0.9,845.0,845.0,845.0,Good,Walk directly to major station,False,0.0,0.0,0,5.0,10.6,27.1,0,11.1,53.7,15,68.7,46-60 min,60+ min,Minor impact,False,18,18,20,10,66,High,0,Delay-sensitive commuters
EMP0135,Hamburg-Harburg,outer_urban,53.428352,9.983454,30.4,Harburg,Hamburg-Harburg,S-Bahn / Regional,"S3, S5, RE",0.9,3115.0,780.0,780.0,Good,Walk to local stop + feeder bus,True,2.8,6.5,3,13.0,9.8,35.2,15,11.1,90.4,15,105.4,60+ min,60+ min,No impact,False,8,18,3,20,49,Medium,3,Long commute commuters
EMP0136,Norderstedt,near_workplace,53.728864,9.988166,3.03,Norderstedt Mitte,Norderstedt,U-Bahn / AKN,"U1, A2",0.95,2340.0,610.0,610.0,Good,Walk to local stop + feeder bus,True,2.08,4.8,1,9.0,7.6,0.0,5,11.1,37.5,15,52.5,31-45 min,46-60 min,Minor impact,True,28,18,14,10,70,High,0,Delay-sensitive commuters
EMP0137,Elmshorn,outer_suburban,53.726451,9.687972,19.71,Elmshorn,Elmshorn,Regional,RE,0.7,3831.0,1797.0,1797.0,Poor,Walk to local stop + feeder bus,True,2.44,5.6,3,20.0,22.5,28.8,15,11.1,102.9,15,117.9,60+ min,60+ min,No impact,False,8,4,3,20,35,Low,1,Poor station access commuters
EMP0138,Hamburg-Wandsbek,urban,53.600999,10.11428,14.09,Wandsbek Markt,Hamburg-Wandsbek,U-Bahn / Bus,"U1, Bus",0.85,4487.0,629.0,629.0,Good,Walk to local stop + feeder bus,True,4.63,10.7,1,12.0,7.9,32.3,5,11.1,78.9,15,93.9,60+ min,60+ min,No impact,False,8,18,14,20,60,Medium,2,Long commute commuters
EMP0139,Ahrensburg,suburban,53.679551,10.260609,18.34,Ahrensburg,Ahrensburg,Regional,RE,0.75,1511.0,1211.0,1211.0,Acceptable,Walk to local stop + feeder bus,True,0.36,0.8,2,17.0,15.1,20.9,10,11.1,74.9,15,89.9,60+ min,60+ min,No impact,False,8,10,8,20,46,Medium,3,Moderate-potential commuters
EMP0140,Norderstedt,near_workplace,53.725443,9.960166,3.09,Norderstedt Mitte,Norderstedt,U-Bahn / AKN,"U1, A2",0.95,2894.0,327.0,327.0,Excellent,Walk to local stop + feeder bus,True,3.08,7.1,1,9.0,4.1,0.0,5,11.1,36.2,15,51.2,31-45 min,46-60 min,Minor impact,True,28,25,14,10,77,High,0,Delay-sensitive commuters
EMP0141,Hamburg-Wandsbek,urban,53.56513,10.120931,17.65,Wandsbek Markt,Hamburg-Wandsbek,U-Bahn / Bus,"U1, Bus",0.85,3642.0,941.0,941.0,Good,Walk to local stop + feeder bus,True,3.24,7.5,1,12.0,11.8,32.3,5,11.1,79.5,15,94.5,60+ min,60+ min,No impact,False,8,18,14,20,60,Medium,2,Long commute commuters
EMP0142,Hamburg-Wandsbek,urban,53.550724,10.108484,18.67,Wandsbek Markt,Hamburg-Wandsbek,U-Bahn / Bus,"U1, Bus",0.85,3620.0,232.0,232.0,Excellent,Walk to local stop + feeder bus,True,4.07,9.4,1,12.0,2.9,32.3,5,11.1,72.6,15,87.6,60+ min,60+ min,No impact,False,8,25,14,20,67,High,2,Moderate-potential commuters
EMP0143,Elmshorn,outer_suburban,53.79298,9.620326,26.01,Elmshorn,Elmshorn,Regional,RE,0.7,4837.0,926.0,926.0,Good,Walk to local stop + feeder bus,True,4.69,10.8,3,20.0,11.6,28.8,15,11.1,97.2,15,112.2,60+ min,60+ min,No impact,False,8,18,3,20,49,Medium,3,Long commute commuters
EMP0144,Hamburg-Barmbek,urban,53.574951,10.063209,15.02,Wandsbek Markt,Hamburg-Wandsbek,U-Bahn / Bus,"U1, Bus",0.85,413.0,413.0,413.0,Excellent,Walk directly to major station,False,0.0,0.0,0,6.0,5.2,32.3,0,11.1,54.5,15,69.5,46-60 min,60+ min,Minor impact,False,18,25,20,10,73,High,0,Delay-sensitive commuters
EMP0145,Hamburg-Wandsbek,urban,53.550947,10.100612,18.43,Wandsbek Markt,Hamburg-Wandsbek,U-Bahn / Bus,"U1, Bus",0.85,3226.0,461.0,461.0,Excellent,Walk to local stop + feeder bus,True,3.32,7.7,1,12.0,5.8,32.3,5,11.1,73.7,15,88.7,60+ min,60+ min,No impact,False,8,25,14,20,67,High,2,Moderate-potential commuters
EMP0146,Hamburg-Altona,urban,53.521589,9.946697,20.18,Altona,Hamburg-Altona,S-Bahn / Regional,"S1, S2, S3, RE",0.95,3469.0,341.0,341.0,Excellent,Walk to local stop + feeder bus,True,3.75,8.7,2,10.0,4.3,22.3,10,11.1,66.3,15,81.3,60+ min,60+ min,No impact,False,8,25,8,20,61,Medium,2,Moderate-potential commuters
EMP0147,Hamburg-Altona,urban,53.530773,9.923487,19.43,Altona,Hamburg-Altona,S-Bahn / Regional,"S1, S2, S3, RE",0.95,2480.0,582.0,582.0,Good,Walk to local stop + feeder bus,True,2.28,5.3,2,10.0,7.3,22.3,10,11.1,65.9,15,80.9,60+ min,60+ min,No impact,False,8,18,8,20,54,Medium,2,Moderate-potential commuters
EMP0148,Hamburg-Barmbek,urban,53.578021,10.070949,14.88,Wandsbek Markt,Hamburg-Wandsbek,U-Bahn / Bus,"U1, Bus",0.85,718.0,605.0,605.0,Good,Walk directly to major station,False,0.0,0.0,0,6.0,9.0,32.3,0,11.1,58.3,15,73.3,46-60 min,60+ min,Minor impact,False,18,18,20,10,66,High,2,Delay-sensitive commuters
EMP0149,Hamburg-Wandsbek,urban,53.598505,10.100622,13.79,Wandsbek Markt,Hamburg-Wandsbek,U-Bahn / Bus,"U1, Bus",0.85,3689.0,980.0,980.0,Good,Walk to local stop + feeder bus,True,3.25,7.5,1,12.0,12.3,32.3,5,11.1,80.1,15,95.1,60+ min,60+ min,No impact,False,8,18,14,20,60,Medium,2,Long commute commuters
EMP0150,Norderstedt,near_workplace,53.703221,9.957565,1.79,Norderstedt Mitte,Norderstedt,U-Bahn / AKN,"U1, A2",0.95,2379.0,554.0,554.0,Good,Walk to local stop + feeder bus,True,2.19,5.1,1,9.0,6.9,0.0,5,11.1,37.0,15,52.0,31-45 min,46-60 min,Minor impact,True,28,18,14,10,70,High,0,Delay-sensitive commuters
EMP0151,Ahrensburg,suburban,53.68172,10.290068,20.23,Ahrensburg,Ahrensburg,Regional,RE,0.75,3445.0,956.0,956.0,Good,Walk to local stop + feeder bus,True,2.99,6.9,2,17.0,12.0,20.9,10,11.1,77.8,15,92.8,60+ min,60+ min,No impact,False,8,18,8,20,54,Medium,3,Long commute commuters
EMP0152,Kaltenkirchen,outer_suburban,53.837795,9.923293,15.66,Kaltenkirchen,Kaltenkirchen,AKN,A1,0.65,2541.0,1682.0,1682.0,Poor,Walk to local stop + feeder bus,True,1.03,2.4,2,21.0,21.0,23.8,10,11.1,89.3,15,104.3,60+ min,60+ min,No impact,False,8,4,8,20,40,Low,1,Poor station access commuters
EMP0153,Norderstedt,near_workplace,53.723103,9.943061,3.62,Quickborn,Quickborn,AKN,A1,0.7,2716.0,214.0,214.0,Excellent,Walk to local stop + feeder bus,True,3.0,6.9,2,14.0,2.7,10.5,10,11.1,55.1,15,70.1,46-60 min,60+ min,Minor impact,False,18,25,8,10,61,Medium,2,Delay-sensitive commuters
EMP0154,Hamburg-Barmbek,urban,53.567891,10.019041,15.05,Hamburg Hbf,Hamburg-City,U-Bahn / S-Bahn / Regional,"U1, U2, U3, U4, S-Bahn, RE",1.0,1876.0,852.0,852.0,Good,Walk to local stop + feeder bus,True,1.23,2.8,1,9.0,10.6,21.7,5,11.1,60.2,15,75.2,60+ min,60+ min,No impact,False,8,18,14,20,60,Medium,2,Moderate-potential commuters
EMP0155,Norderstedt,near_workplace,53.740146,10.014202,4.7,Norderstedt Mitte,Norderstedt,U-Bahn / AKN,"U1, A2",0.95,3842.0,748.0,748.0,Good,Walk to local stop + feeder bus,True,3.71,8.6,1,9.0,9.4,0.0,5,11.1,43.0,15,58.0,31-45 min,46-60 min,Minor impact,True,28,18,14,10,70,High,0,Delay-sensitive commuters
EMP0156,Pinneberg,suburban,53.628591,9.84012,12.52,Pinneberg,Pinneberg,S-Bahn / Regional,"S3, RE",0.8,4008.0,1225.0,1225.0,Acceptable,Walk to local stop + feeder bus,True,3.34,7.7,2,16.0,15.3,17.8,10,11.1,77.9,15,92.9,60+ min,60+ min,No impact,False,8,10,8,20,46,Medium,3,Long commute commuters
EMP0157,Hamburg-Altona,urban,53.547846,9.933037,17.44,Altona,Hamburg-Altona,S-Bahn / Regional,"S1, S2, S3, RE",0.95,480.0,480.0,480.0,Excellent,Walk directly to major station,False,0.0,0.0,1,4.0,6.0,22.3,5,11.1,48.3,15,63.3,46-60 min,60+ min,Minor impact,False,18,25,14,10,67,High,0,Delay-sensitive commuters
EMP0158,Pinneberg,suburban,53.691465,9.812533,11.38,Pinneberg,Pinneberg,S-Bahn / Regional,"S3, RE",0.8,4290.0,1071.0,1071.0,Acceptable,Walk to local stop + feeder bus,True,3.86,8.9,2,16.0,13.4,17.8,10,11.1,77.2,15,92.2,60+ min,60+ min,No impact,False,8,10,8,20,46,Medium,3,Long commute commuters
EMP0159,Quickborn,suburban,53.723579,9.898193,6.18,Quickborn,Quickborn,AKN,A1,0.7,909.0,909.0,909.0,Good,Walk directly to major station,False,0.0,0.0,1,9.0,11.4,10.5,5,11.1,46.9,15,61.9,46-60 min,60+ min,Minor impact,False,18,18,14,10,60,Medium,2,Delay-sensitive commuters
EMP0160,Quickborn,suburban,53.727633,9.845818,9.58,Quickborn,Quickborn,AKN,A1,0.7,3846.0,839.0,839.0,Good,Walk to local stop + feeder bus,True,3.61,8.3,2,18.0,10.5,10.5,10,11.1,68.3,15,83.3,60+ min,60+ min,No impact,False,8,18,8,20,54,Medium,3,Moderate-potential commuters
EMP0161,Norderstedt,near_workplace,53.682413,9.995935,2.27,Garstedt,Norderstedt,U-Bahn,U1,0.85,143.0,143.0,143.0,Excellent,Walk directly to major station,False,0.0,0.0,0,6.0,1.8,5.6,0,11.1,24.5,15,39.5,0-30 min,31-45 min,Minor impact,False,35,25,20,10,90,Very High,0,High-potential PT users
EMP0162,Kaltenkirchen,outer_suburban,53.876928,9.964328,19.53,Kaltenkirchen,Kaltenkirchen,AKN,A1,0.65,4442.0,1242.0,1242.0,Acceptable,Walk to local stop + feeder bus,True,3.84,8.9,2,21.0,15.5,23.8,10,11.1,90.2,15,105.2,60+ min,60+ min,No impact,False,8,10,8,20,46,Medium,3,Long commute commuters
EMP0163,Hamburg-City,urban,53.534693,10.043403,18.97,Hamburg Hbf,Hamburg-City,U-Bahn / S-Bahn / Regional,"U1, U2, U3, U4, S-Bahn, RE",1.0,3145.0,881.0,881.0,Good,Walk to local stop + feeder bus,True,2.72,6.3,1,9.0,11.0,21.7,5,11.1,64.0,15,79.0,60+ min,60+ min,No impact,False,8,18,14,20,60,Medium,2,Moderate-potential commuters
EMP0164,Norderstedt,near_workplace,53.68808,10.027753,3.22,Ochsenzoll,Hamburg-Langenhorn,U-Bahn,U1,0.8,2150.0,680.0,680.0,Good,Walk to local stop + feeder bus,True,1.76,4.1,1,12.0,8.5,7.1,5,11.1,47.7,15,62.7,46-60 min,60+ min,Minor impact,False,18,18,14,10,60,Medium,2,Delay-sensitive commuters
EMP0165,Hamburg-Barmbek,urban,53.587389,10.065114,13.77,Barmbek,Hamburg-Barmbek,U-Bahn / S-Bahn,"U3, S1",0.9,1394.0,474.0,474.0,Excellent,Walk directly to major station,False,0.0,0.0,1,5.0,17.4,25.2,5,11.1,63.7,15,78.7,60+ min,60+ min,No impact,False,8,25,14,20,67,High,2,Moderate-potential commuters
EMP0166,Hamburg-Eimsbuettel,urban,53.577863,9.919536,14.42,Altona,Hamburg-Altona,S-Bahn / Regional,"S1, S2, S3, RE",0.95,3052.0,945.0,945.0,Good,Walk to local stop + feeder bus,True,2.53,5.8,2,10.0,11.8,22.3,10,11.1,71.0,15,86.0,60+ min,60+ min,No impact,False,8,18,8,20,54,Medium,2,Moderate-potential commuters
EMP0167,Ahrensburg,suburban,53.636209,10.224718,17.41,Ahrensburg,Ahrensburg,Regional,RE,0.75,4415.0,789.0,789.0,Good,Walk to local stop + feeder bus,True,4.35,10.0,2,17.0,9.9,20.9,10,11.1,78.8,15,93.8,60+ min,60+ min,No impact,False,8,18,8,20,54,Medium,3,Long commute commuters
EMP0168,Ahrensburg,suburban,53.711523,10.225639,15.9,Ahrensburg,Ahrensburg,Regional,RE,0.75,4155.0,1142.0,1142.0,Acceptable,Walk to local stop + feeder bus,True,3.62,8.3,2,17.0,14.3,20.9,10,11.1,81.5,15,96.5,60+ min,60+ min,No impact,False,8,10,8,20,46,Medium,3,Long commute commuters
EMP0169,Hamburg-Altona,urban,53.560613,9.978211,15.69,Dammtor,Hamburg-City,S-Bahn / Regional,"S-Bahn, RE",0.9,726.0,562.0,562.0,Good,Walk directly to major station,False,0.0,0.0,1,5.0,9.1,20.5,5,11.1,50.7,15,65.7,46-60 min,60+ min,Minor impact,False,18,18,14,10,60,Medium,2,Delay-sensitive commuters
EMP0170,Elmshorn,outer_suburban,53.773873,9.620693,25.24,Elmshorn,Elmshorn,Regional,RE,0.7,3065.0,1280.0,1280.0,Acceptable,Walk to local stop + feeder bus,True,2.14,4.9,3,20.0,16.0,28.8,15,11.1,95.8,15,110.8,60+ min,60+ min,No impact,False,8,10,3,20,41,Low,1,Long commute commuters
EMP0171,Hamburg-Altona,urban,53.576121,9.967412,14.01,Kellinghusenstrasse,Hamburg-Eppendorf,U-Bahn,"U1, U3",0.9,1992.0,673.0,673.0,Good,Walk to local stop + feeder bus,True,1.58,3.7,1,11.0,8.4,27.1,5,11.1,66.2,15,81.2,60+ min,60+ min,No impact,False,8,18,14,20,60,Medium,2,Moderate-potential commuters
EMP0172,Hamburg-Wandsbek,urban,53.549681,10.089817,18.27,Wandsbek Markt,Hamburg-Wandsbek,U-Bahn / Bus,"U1, Bus",0.85,2903.0,340.0,340.0,Excellent,Walk to local stop + feeder bus,True,3.08,7.1,1,12.0,4.2,32.3,5,11.1,71.7,15,86.7,60+ min,60+ min,No impact,False,8,25,14,20,67,High,2,Moderate-potential commuters
EMP0173,Hamburg-City,urban,53.579004,9.988408,13.65,Kellinghusenstrasse,Hamburg-Eppendorf,U-Bahn,"U1, U3",0.9,1006.0,884.0,884.0,Good,Walk directly to major station,False,0.0,0.0,0,5.0,12.6,27.1,0,11.1,55.7,15,70.7,46-60 min,60+ min,Minor impact,False,18,18,20,10,66,High,2,Delay-sensitive commuters
EMP0174,Elmshorn,outer_suburban,53.729589,9.674044,20.67,Elmshorn,Elmshorn,Regional,RE,0.7,3047.0,1801.0,1801.0,Poor,Walk to local stop + feeder bus,True,1.49,3.4,3,20.0,22.5,28.8,15,11.1,100.8,15,115.8,60+ min,60+ min,No impact,False,8,4,3,20,35,Low,1,Poor station access commuters
EMP0175,Hamburg-City,urban,53.540325,10.004027,17.99,Hamburg Hbf,Hamburg-City,U-Bahn / S-Bahn / Regional,"U1, U2, U3, U4, S-Bahn, RE",1.0,1387.0,828.0,828.0,Good,Walk directly to major station,False,0.0,0.0,0,3.0,17.3,21.7,0,11.1,53.1,15,68.1,46-60 min,60+ min,Minor impact,False,18,18,20,10,66,High,0,Delay-sensitive commuters
EMP0176,Norderstedt,near_workplace,53.716152,9.941466,3.26,Quickborn,Quickborn,AKN,A1,0.7,2967.0,817.0,817.0,Good,Walk to local stop + feeder bus,True,2.58,6.0,2,14.0,10.2,10.5,10,11.1,61.7,15,76.7,60+ min,60+ min,No impact,False,8,18,8,20,54,Medium,3,Moderate-potential commuters
EMP0177,Hamburg-Wandsbek,urban,53.577976,10.124149,16.55,Wandsbek Markt,Hamburg-Wandsbek,U-Bahn / Bus,"U1, Bus",0.85,3831.0,696.0,696.0,Good,Walk to local stop + feeder bus,True,3.76,8.7,1,12.0,8.7,32.3,5,11.1,77.7,15,92.7,60+ min,60+ min,No impact,False,8,18,14,20,60,Medium,2,Long commute commuters
EMP0178,Lueneburg,regional,53.251911,10.405724,57.25,Lueneburg,Lueneburg,Regional,RE,0.7,702.0,702.0,702.0,Good,Walk directly to major station,False,0.0,0.0,2,9.0,8.8,73.1,10,11.1,111.9,15,126.9,60+ min,60+ min,No impact,False,8,18,8,20,54,Medium,3,Long commute commuters
EMP0179,Kaltenkirchen,outer_suburban,53.80658,9.955337,11.82,Henstedt-Ulzburg,Henstedt-Ulzburg,AKN,"A1, A2",0.7,2543.0,1161.0,1161.0,Acceptable,Walk to local stop + feeder bus,True,1.66,3.8,2,20.0,14.5,15.0,10,11.1,74.4,15,89.4,60+ min,60+ min,No impact,False,8,10,8,20,46,Medium,3,Moderate-potential commuters
EMP0180,Quickborn,suburban,53.723649,9.8791,7.36,Quickborn,Quickborn,AKN,A1,0.7,1831.0,863.0,863.0,Good,Walk to local stop + feeder bus,True,1.16,2.7,2,18.0,10.8,10.5,10,11.1,63.0,15,78.0,60+ min,60+ min,No impact,False,8,18,8,20,54,Medium,3,Moderate-potential commuters
EMP0181,Kaltenkirchen,outer_suburban,53.823427,9.92118,14.16,Kaltenkirchen,Kaltenkirchen,AKN,A1,0.65,3075.0,1726.0,1726.0,Poor,Walk to local stop + feeder bus,True,1.62,3.7,2,21.0,21.6,23.8,10,11.1,91.2,15,106.2,60+ min,60+ min,No impact,False,8,4,8,20,40,Low,1,Poor station access commuters
EMP0182,Kaltenkirchen,outer_suburban,53.830375,9.951627,14.47,Kaltenkirchen,Kaltenkirchen,AKN,A1,0.65,1003.0,1003.0,1003.0,Acceptable,Walk directly to major station,False,0.0,0.0,1,10.0,12.5,23.8,5,11.1,62.4,15,77.4,60+ min,60+ min,No impact,False,8,10,14,20,52,Medium,3,Moderate-potential commuters
EMP0183,Hamburg-Wandsbek,urban,53.551684,10.09636,18.24,Wandsbek Markt,Hamburg-Wandsbek,U-Bahn / Bus,"U1, Bus",0.85,2977.0,644.0,644.0,Good,Walk to local stop + feeder bus,True,2.8,6.5,1,12.0,8.1,32.3,5,11.1,74.8,15,89.8,60+ min,60+ min,No impact,False,8,18,14,20,60,Medium,2,Moderate-potential commuters
EMP0184,Hamburg-Altona,urban,53.552993,9.957097,16.63,Altona,Hamburg-Altona,S-Bahn / Regional,"S1, S2, S3, RE",0.95,1464.0,686.0,686.0,Good,Walk directly to major station,False,0.0,0.0,1,4.0,18.3,22.3,5,11.1,60.6,15,75.6,60+ min,60+ min,No impact,False,8,18,14,20,60,Medium,2,Moderate-potential commuters
EMP0185,Quickborn,suburban,53.73697,9.935096,5.1,Quickborn,Quickborn,AKN,A1,0.7,2150.0,949.0,949.0,Good,Walk to local stop + feeder bus,True,1.44,3.3,2,18.0,11.9,10.5,10,11.1,64.7,15,79.7,60+ min,60+ min,No impact,False,8,18,8,20,54,Medium,3,Moderate-potential commuters
EMP0186,Pinneberg,suburban,53.691381,9.837051,9.78,Pinneberg,Pinneberg,S-Bahn / Regional,"S3, RE",0.8,4923.0,1084.0,1084.0,Acceptable,Walk to local stop + feeder bus,True,4.61,10.6,2,16.0,13.6,17.8,10,11.1,79.1,15,94.1,60+ min,60+ min,No impact,False,8,10,8,20,46,Medium,3,Long commute commuters
EMP0187,Hamburg-Eimsbuettel,urban,53.550944,9.983348,16.76,Jungfernstieg,Hamburg-City,U-Bahn / S-Bahn,"U1, U2, U4, S1, S3",0.95,713.0,713.0,713.0,Good,Walk directly to major station,False,0.0,0.0,0,4.0,8.9,31.5,0,11.1,55.5,15,70.5,46-60 min,60+ min,Minor impact,False,18,18,20,10,66,High,0,Delay-sensitive commuters
EMP0188,Norderstedt,near_workplace,53.717107,9.992231,1.79,Norderstedt Mitte,Norderstedt,U-Bahn / AKN,"U1, A2",0.95,1013.0,166.0,166.0,Excellent,Walk directly to major station,False,0.0,0.0,0,4.0,12.7,0.0,0,11.1,27.7,15,42.7,0-30 min,31-45 min,Minor impact,False,35,25,20,10,90,Very High,0,High-potential PT users
EMP0189,Quickborn,suburban,53.709514,9.85565,8.53,Quickborn,Quickborn,AKN,A1,0.7,3979.0,988.0,988.0,Good,Walk to local stop + feeder bus,True,3.59,8.3,2,18.0,12.4,10.5,10,11.1,70.2,15,85.2,60+ min,60+ min,No impact,False,8,18,8,20,54,Medium,3,Moderate-potential commuters
EMP0190,Hamburg-Altona,urban,53.534306,9.905326,19.33,Altona,Hamburg-Altona,S-Bahn / Regional,"S1, S2, S3, RE",0.95,2778.0,631.0,631.0,Good,Walk to local stop + feeder bus,True,2.58,5.9,2,10.0,7.9,22.3,10,11.1,67.2,15,82.2,60+ min,60+ min,No impact,False,8,18,8,20,54,Medium,2,Moderate-potential commuters
EMP0191,Elmshorn,outer_suburban,53.746253,9.659058,21.98,Elmshorn,Elmshorn,Regional,RE,0.7,949.0,745.0,745.0,Good,Walk directly to major station,False,0.0,0.0,2,9.0,11.9,28.8,10,11.1,70.7,15,85.7,60+ min,60+ min,No impact,False,8,18,8,20,54,Medium,3,Moderate-potential commuters
EMP0192,Hamburg-City,urban,53.516026,9.980659,20.65,Jungfernstieg,Hamburg-City,U-Bahn / S-Bahn,"U1, U2, U4, S1, S3",0.95,4096.0,777.0,777.0,Good,Walk to local stop + feeder bus,True,3.98,9.2,1,10.0,9.7,31.5,5,11.1,76.5,15,91.5,60+ min,60+ min,No impact,False,8,18,14,20,60,Medium,2,Long commute commuters
EMP0193,Norderstedt,near_workplace,53.714001,9.991861,1.45,Norderstedt Mitte,Norderstedt,U-Bahn / AKN,"U1, A2",0.95,670.0,481.0,481.0,Excellent,Walk directly to major station,False,0.0,0.0,0,4.0,8.4,0.0,0,11.1,23.4,15,38.4,0-30 min,31-45 min,Minor impact,False,35,25,20,10,90,Very High,0,High-potential PT users
EMP0194,Henstedt-Ulzburg,outer_suburban,53.784216,9.943717,9.56,Henstedt-Ulzburg,Henstedt-Ulzburg,AKN,"A1, A2",0.7,2596.0,1616.0,1616.0,Poor,Walk to local stop + feeder bus,True,1.18,2.7,2,20.0,20.2,15.0,10,11.1,79.0,15,94.0,60+ min,60+ min,No impact,False,8,4,8,20,40,Low,3,Poor station access commuters
EMP0195,Norderstedt,near_workplace,53.713276,9.987597,1.3,Norderstedt Mitte,Norderstedt,U-Bahn / AKN,"U1, A2",0.95,679.0,472.0,472.0,Excellent,Walk directly to major station,False,0.0,0.0,0,4.0,8.5,0.0,0,11.1,23.5,15,38.5,0-30 min,31-45 min,Minor impact,False,35,25,20,10,90,Very High,0,High-potential PT users
EMP0196,Hamburg-City,urban,53.581437,9.971935,13.4,Kellinghusenstrasse,Hamburg-Eppendorf,U-Bahn,"U1, U3",0.9,1398.0,546.0,546.0,Good,Walk directly to major station,False,0.0,0.0,0,5.0,17.5,27.1,0,11.1,60.6,15,75.6,60+ min,60+ min,No impact,False,8,18,20,20,66,High,2,Moderate-potential commuters
EMP0197,Hamburg-Harburg,outer_urban,53.468149,9.995454,25.98,Harburg,Hamburg-Harburg,S-Bahn / Regional,"S3, S5, RE",0.9,1383.0,343.0,343.0,Excellent,Walk directly to major station,False,0.0,0.0,2,5.0,17.3,35.2,10,11.1,78.5,15,93.5,60+ min,60+ min,No impact,False,8,25,8,20,61,Medium,2,Long commute commuters
EMP0198,Henstedt-Ulzburg,outer_suburban,53.800021,9.958069,11.07,Henstedt-Ulzburg,Henstedt-Ulzburg,AKN,"A1, A2",0.7,1927.0,1378.0,1378.0,Acceptable,Walk to local stop + feeder bus,True,0.66,1.5,2,20.0,17.2,15.0,10,11.1,74.8,15,89.8,60+ min,60+ min,No impact,False,8,10,8,20,46,Medium,3,Moderate-potential commuters
EMP0199,Hamburg-City,urban,53.517441,9.981074,20.49,Jungfernstieg,Hamburg-City,U-Bahn / S-Bahn,"U1, U2, U4, S1, S3",0.95,3937.0,439.0,439.0,Excellent,Walk to local stop + feeder bus,True,4.2,9.7,1,10.0,5.5,31.5,5,11.1,72.7,15,87.7,60+ min,60+ min,No impact,False,8,25,14,20,67,High,2,Moderate-potential commuters
EMP0200,Hamburg-Altona,urban,53.529297,9.91928,19.65,Altona,Hamburg-Altona,S-Bahn / Regional,"S1, S2, S3, RE",0.95,2730.0,331.0,331.0,Excellent,Walk to local stop + feeder bus,True,2.88,6.6,2,10.0,4.1,22.3,10,11.1,64.1,15,79.1,60+ min,60+ min,No impact,False,8,25,8,20,61,Medium,2,Moderate-potential commuters
EMP0201,Quickborn,suburban,53.720482,9.907182,5.51,Quickborn,Quickborn,AKN,A1,0.7,1188.0,930.0,930.0,Good,Walk directly to major station,False,0.0,0.0,1,9.0,14.9,10.5,5,11.1,50.4,15,65.4,46-60 min,60+ min,Minor impact,False,18,18,14,10,60,Medium,2,Delay-sensitive commuters
EMP0202,Bad Oldesloe,regional,53.833162,10.366535,29.05,Bad Oldesloe,Bad Oldesloe,Regional,RE,0.65,2513.0,937.0,937.0,Good,Walk to local stop + feeder bus,True,1.89,4.4,3,23.0,11.7,34.6,15,11.1,99.7,15,114.7,60+ min,60+ min,No impact,False,8,18,3,20,49,Medium,3,Long commute commuters
EMP0203,Hamburg-Wandsbek,urban,53.592258,10.120972,15.13,Wandsbek Markt,Hamburg-Wandsbek,U-Bahn / Bus,"U1, Bus",0.85,4215.0,544.0,544.0,Good,Walk to local stop + feeder bus,True,4.41,10.2,1,12.0,6.8,32.3,5,11.1,77.3,15,92.3,60+ min,60+ min,No impact,False,8,18,14,20,60,Medium,2,Long commute commuters
EMP0204,Norderstedt,near_workplace,53.717789,9.99085,1.84,Norderstedt Mitte,Norderstedt,U-Bahn / AKN,"U1, A2",0.95,1096.0,375.0,375.0,Excellent,Walk directly to major station,False,0.0,0.0,0,4.0,13.7,0.0,0,11.1,28.8,15,43.8,0-30 min,31-45 min,Minor impact,False,35,25,20,10,90,Very High,0,High-potential PT users
EMP0205,Norderstedt,near_workplace,53.727377,9.957073,3.38,Norderstedt Mitte,Norderstedt,U-Bahn / AKN,"U1, A2",0.95,3189.0,609.0,609.0,Good,Walk to local stop + feeder bus,True,3.1,7.1,1,9.0,7.6,0.0,5,11.1,39.8,15,54.8,31-45 min,46-60 min,Minor impact,True,28,18,14,10,70,High,0,Delay-sensitive commuters
EMP0206,Hamburg-City,urban,53.568254,9.941195,15.11,Altona,Hamburg-Altona,S-Bahn / Regional,"S1, S2, S3, RE",0.95,1853.0,675.0,675.0,Good,Walk to local stop + feeder bus,True,1.41,3.3,2,10.0,8.4,22.3,10,11.1,65.0,15,80.0,60+ min,60+ min,No impact,False,8,18,8,20,54,Medium,2,Moderate-potential commuters
EMP0207,Norderstedt,near_workplace,53.726153,9.945507,3.74,Quickborn,Quickborn,AKN,A1,0.7,2783.0,766.0,766.0,Good,Walk to local stop + feeder bus,True,2.42,5.6,2,14.0,9.6,10.5,10,11.1,60.7,15,75.7,60+ min,60+ min,No impact,False,8,18,8,20,54,Medium,3,Moderate-potential commuters
EMP0208,Pinneberg,suburban,53.68426,9.842675,9.54,Pinneberg,Pinneberg,S-Bahn / Regional,"S3, RE",0.8,4514.0,714.0,714.0,Good,Walk to local stop + feeder bus,True,4.56,10.5,2,16.0,8.9,17.8,10,11.1,74.3,15,89.3,60+ min,60+ min,No impact,False,8,18,8,20,54,Medium,3,Moderate-potential commuters
EMP0209,Norderstedt,near_workplace,53.68152,9.982295,2.25,Garstedt,Norderstedt,U-Bahn,U1,0.85,788.0,503.0,503.0,Good,Walk directly to major station,False,0.0,0.0,0,6.0,9.9,5.6,0,11.1,32.6,15,47.6,31-45 min,46-60 min,Minor impact,True,28,18,20,10,76,High,0,Delay-sensitive commuters
EMP0210,Hamburg-Wandsbek,urban,53.619047,10.038924,9.86,Ohlsdorf,Hamburg-Ohlsdorf,U-Bahn / S-Bahn,"U1, S1",0.95,566.0,566.0,566.0,Good,Walk directly to major station,False,0.0,0.0,0,4.0,7.1,18.2,0,11.1,40.3,15,55.3,31-45 min,46-60 min,Minor impact,True,28,18,20,10,76,High,0,Delay-sensitive commuters
EMP0211,Pinneberg,suburban,53.651112,9.753359,16.24,Pinneberg,Pinneberg,S-Bahn / Regional,"S3, RE",0.8,2894.0,763.0,763.0,Good,Walk to local stop + feeder bus,True,2.56,5.9,2,16.0,9.5,17.8,10,11.1,70.3,15,85.3,60+ min,60+ min,No impact,False,8,18,8,20,54,Medium,3,Moderate-potential commuters
EMP0212,Hamburg-Barmbek,urban,53.570132,10.052932,15.31,Wandsbek Markt,Hamburg-Wandsbek,U-Bahn / Bus,"U1, Bus",0.85,952.0,561.0,561.0,Good,Walk directly to major station,False,0.0,0.0,0,6.0,11.9,32.3,0,11.1,61.2,15,76.2,60+ min,60+ min,No impact,False,8,18,20,20,66,High,2,Moderate-potential commuters
EMP0213,Hamburg-City,urban,53.536554,10.022699,18.53,Hamburg Hbf,Hamburg-City,U-Bahn / S-Bahn / Regional,"U1, U2, U3, U4, S-Bahn, RE",1.0,2083.0,784.0,784.0,Good,Walk to local stop + feeder bus,True,1.56,3.6,1,9.0,9.8,21.7,5,11.1,60.1,15,75.1,60+ min,60+ min,No impact,False,8,18,14,20,60,Medium,2,Moderate-potential commuters
EMP0214,Ahrensburg,suburban,53.684535,10.25018,17.59,Ahrensburg,Ahrensburg,Regional,RE,0.75,1291.0,1136.0,1136.0,Acceptable,Walk directly to major station,False,0.0,0.0,1,8.0,16.1,20.9,5,11.1,61.0,15,76.0,60+ min,60+ min,No impact,False,8,10,14,20,52,Medium,3,Moderate-potential commuters
EMP0215,Quickborn,suburban,53.733491,9.862032,8.81,Quickborn,Quickborn,AKN,A1,0.7,2774.0,1168.0,1168.0,Acceptable,Walk to local stop + feeder bus,True,1.93,4.4,2,18.0,14.6,10.5,10,11.1,68.6,15,83.6,60+ min,60+ min,No impact,False,8,10,8,20,46,Medium,3,Moderate-potential commuters
EMP0216,Quickborn,suburban,53.754564,9.881893,8.96,Quickborn,Quickborn,AKN,A1,0.7,2996.0,843.0,843.0,Good,Walk to local stop + feeder bus,True,2.58,6.0,2,18.0,10.5,10.5,10,11.1,66.0,15,81.0,60+ min,60+ min,No impact,False,8,18,8,20,54,Medium,3,Moderate-potential commuters
EMP0217,Norderstedt,near_workplace,53.720955,10.000297,2.38,Norderstedt Mitte,Norderstedt,U-Bahn / AKN,"U1, A2",0.95,1523.0,525.0,525.0,Good,Walk to local stop + feeder bus,True,1.2,2.8,1,9.0,6.6,0.0,5,11.1,34.4,15,49.4,31-45 min,46-60 min,Minor impact,True,28,18,14,10,70,High,0,Delay-sensitive commuters
EMP0218,Norderstedt,near_workplace,53.716755,10.052835,4.79,Norderstedt Mitte,Norderstedt,U-Bahn / AKN,"U1, A2",0.95,4069.0,745.0,745.0,Good,Walk to local stop + feeder bus,True,3.99,9.2,1,9.0,9.3,0.0,5,11.1,43.6,15,58.6,31-45 min,46-60 min,Minor impact,True,28,18,14,10,70,High,0,Delay-sensitive commuters
EMP0219,Elmshorn,outer_suburban,53.76032,9.706659,19.41,Elmshorn,Elmshorn,Regional,RE,0.7,3597.0,1058.0,1058.0,Acceptable,Walk to local stop + feeder bus,True,3.05,7.0,3,20.0,13.2,28.8,15,11.1,95.1,15,110.1,60+ min,60+ min,No impact,False,8,10,3,20,41,Low,3,Long commute commuters
EMP0220,Hamburg-Eimsbuettel,urban,53.603097,9.936009,11.42,Kellinghusenstrasse,Hamburg-Eppendorf,U-Bahn,"U1, U3",0.9,3939.0,811.0,811.0,Good,Walk to local stop + feeder bus,True,3.75,8.7,1,11.0,10.1,27.1,5,11.1,72.9,15,87.9,60+ min,60+ min,No impact,False,8,18,14,20,60,Medium,2,Moderate-potential commuters
EMP0221,Hamburg-Altona,urban,53.550684,9.948393,16.96,Altona,Hamburg-Altona,S-Bahn / Regional,"S1, S2, S3, RE",0.95,897.0,508.0,508.0,Good,Walk directly to major station,False,0.0,0.0,1,4.0,11.2,22.3,5,11.1,53.5,15,68.5,46-60 min,60+ min,Minor impact,False,18,18,14,10,60,Medium,2,Delay-sensitive commuters
EMP0222,Hamburg-Wandsbek,urban,53.589754,10.098998,14.55,Wandsbek Markt,Hamburg-Wandsbek,U-Bahn / Bus,"U1, Bus",0.85,2891.0,530.0,530.0,Good,Walk to local stop + feeder bus,True,2.83,6.5,1,12.0,6.6,32.3,5,11.1,73.5,15,88.5,60+ min,60+ min,No impact,False,8,18,14,20,60,Medium,2,Moderate-potential commuters
EMP0223,Pinneberg,suburban,53.669332,9.847549,9.72,Pinneberg,Pinneberg,S-Bahn / Regional,"S3, RE",0.8,3742.0,815.0,815.0,Good,Walk to local stop + feeder bus,True,3.51,8.1,2,16.0,10.2,17.8,10,11.1,73.2,15,88.2,60+ min,60+ min,No impact,False,8,18,8,20,54,Medium,3,Moderate-potential commuters
EMP0224,Elmshorn,outer_suburban,53.782145,9.623808,25.36,Elmshorn,Elmshorn,Regional,RE,0.7,3671.0,909.0,909.0,Good,Walk to local stop + feeder bus,True,3.31,7.6,3,20.0,11.4,28.8,15,11.1,93.8,15,108.8,60+ min,60+ min,No impact,False,8,18,3,20,49,Medium,3,Long commute commuters
EMP0225,Hamburg-Altona,urban,53.538623,9.915611,18.7,Altona,Hamburg-Altona,S-Bahn / Regional,"S1, S2, S3, RE",0.95,1963.0,631.0,631.0,Good,Walk to local stop + feeder bus,True,1.6,3.7,2,10.0,7.9,22.3,10,11.1,64.9,15,79.9,60+ min,60+ min,No impact,False,8,18,8,20,54,Medium,2,Moderate-potential commuters
EMP0226,Elmshorn,outer_suburban,53.765064,9.596117,26.51,Elmshorn,Elmshorn,Regional,RE,0.7,3936.0,1928.0,1928.0,Poor,Walk to local stop + feeder bus,True,2.41,5.6,3,20.0,24.1,28.8,15,11.1,104.5,15,119.5,60+ min,60+ min,No impact,False,8,4,3,20,35,Low,1,Poor station access commuters
EMP0227,Norderstedt,near_workplace,53.73007,9.950304,3.88,Quickborn,Quickborn,AKN,A1,0.7,3048.0,403.0,403.0,Excellent,Walk to local stop + feeder bus,True,3.17,7.3,2,14.0,5.0,10.5,10,11.1,57.9,15,72.9,46-60 min,60+ min,Minor impact,False,18,25,8,10,61,Medium,2,Delay-sensitive commuters
EMP0228,Hamburg-Barmbek,urban,53.583524,10.057057,13.98,Barmbek,Hamburg-Barmbek,U-Bahn / S-Bahn,"U3, S1",0.9,945.0,534.0,534.0,Good,Walk directly to major station,False,0.0,0.0,1,5.0,11.8,25.2,5,11.1,58.0,15,73.0,46-60 min,60+ min,Minor impact,False,18,18,14,10,60,Medium,2,Delay-sensitive commuters
EMP0229,Hamburg-Harburg,outer_urban,53.464491,10.032491,26.57,Harburg,Hamburg-Harburg,S-Bahn / Regional,"S3, S5, RE",0.9,2905.0,996.0,996.0,Good,Walk to local stop + feeder bus,True,2.29,5.3,3,13.0,12.5,35.2,15,11.1,91.9,15,106.9,60+ min,60+ min,No impact,False,8,18,3,20,49,Medium,3,Long commute commuters
EMP0230,Norderstedt,near_workplace,53.727887,9.982469,2.92,Norderstedt Mitte,Norderstedt,U-Bahn / AKN,"U1, A2",0.95,2313.0,454.0,454.0,Excellent,Walk to local stop + feeder bus,True,2.23,5.1,1,9.0,5.7,0.0,5,11.1,35.9,15,50.9,31-45 min,46-60 min,Minor impact,True,28,25,14,10,77,High,0,Delay-sensitive commuters
EMP0231,Norderstedt,near_workplace,53.710448,9.950623,2.44,Norderstedt Mitte,Norderstedt,U-Bahn / AKN,"U1, A2",0.95,2789.0,342.0,342.0,Excellent,Walk to local stop + feeder bus,True,2.94,6.8,1,9.0,4.3,0.0,5,11.1,36.1,15,51.1,31-45 min,46-60 min,Minor impact,True,28,25,14,10,77,High,0,Delay-sensitive commuters
EMP0232,Hamburg-Eimsbuettel,urban,53.581717,9.983934,13.34,Kellinghusenstrasse,Hamburg-Eppendorf,U-Bahn,"U1, U3",0.9,805.0,805.0,805.0,Good,Walk directly to major station,False,0.0,0.0,0,5.0,10.1,27.1,0,11.1,53.2,15,68.2,46-60 min,60+ min,Minor impact,False,18,18,20,10,66,High,0,Delay-sensitive commuters
EMP0233,Bad Oldesloe,regional,53.791997,10.327781,24.7,Bad Oldesloe,Bad Oldesloe,Regional,RE,0.65,3698.0,2308.0,2308.0,Poor,Walk to local stop + feeder bus,True,1.67,3.8,3,23.0,28.9,34.6,15,11.1,116.3,15,131.3,60+ min,60+ min,No impact,False,8,4,3,20,35,Low,1,Poor station access commuters
EMP0234,Hamburg-Harburg,outer_urban,53.440245,9.997418,29.08,Harburg,Hamburg-Harburg,S-Bahn / Regional,"S3, S5, RE",0.9,1803.0,1035.0,1035.0,Acceptable,Walk to local stop + feeder bus,True,0.92,2.1,3,13.0,12.9,35.2,15,11.1,89.3,15,104.3,60+ min,60+ min,No impact,False,8,10,3,20,41,Low,3,Long commute commuters
EMP0235,Elmshorn,outer_suburban,53.750749,9.622179,24.46,Elmshorn,Elmshorn,Regional,RE,0.7,2058.0,1218.0,1218.0,Acceptable,Walk to local stop + feeder bus,True,1.01,2.3,3,20.0,15.2,28.8,15,11.1,92.4,15,107.4,60+ min,60+ min,No impact,False,8,10,3,20,41,Low,3,Long commute commuters
EMP0236,Ahrensburg,suburban,53.6912,10.228504,16.1,Ahrensburg,Ahrensburg,Regional,RE,0.75,1929.0,1120.0,1120.0,Acceptable,Walk to local stop + feeder bus,True,0.97,2.2,2,17.0,14.0,20.9,10,11.1,75.1,15,90.1,60+ min,60+ min,No impact,False,8,10,8,20,46,Medium,3,Long commute commuters
EMP0237,Hamburg-Wandsbek,urban,53.608123,10.116718,13.57,Wandsbek Markt,Hamburg-Wandsbek,U-Bahn / Bus,"U1, Bus",0.85,5187.0,289.0,289.0,Excellent,Walk to local stop + feeder bus,True,5.88,13.6,1,12.0,3.6,32.3,5,11.1,77.5,15,92.5,60+ min,60+ min,No impact,False,8,25,14,20,67,High,2,Long commute commuters
EMP0238,Ahrensburg,suburban,53.646317,10.234022,17.55,Ahrensburg,Ahrensburg,Regional,RE,0.75,3206.0,1648.0,1648.0,Poor,Walk to local stop + feeder bus,True,1.87,4.3,2,17.0,20.6,20.9,10,11.1,83.8,15,98.8,60+ min,60+ min,No impact,False,8,4,8,20,40,Low,3,Poor station access commuters
EMP0239,Norderstedt,near_workplace,53.673866,10.018531,3.82,Ochsenzoll,Hamburg-Langenhorn,U-Bahn,U1,0.8,1206.0,458.0,458.0,Excellent,Walk directly to major station,False,0.0,0.0,0,7.0,15.1,7.1,0,11.1,40.2,15,55.2,31-45 min,46-60 min,Minor impact,True,28,25,20,10,83,Very High,0,High-potential PT users
EMP0240,Norderstedt,near_workplace,53.682179,9.998624,2.36,Garstedt,Norderstedt,U-Bahn,U1,0.85,318.0,318.0,318.0,Excellent,Walk directly to major station,False,0.0,0.0,0,6.0,4.0,5.6,0,11.1,26.7,15,41.7,0-30 min,31-45 min,Minor impact,False,35,25,20,10,90,Very High,0,High-potential PT users
EMP0241,Ahrensburg,suburban,53.665761,10.248351,17.82,Ahrensburg,Ahrensburg,Regional,RE,0.75,1198.0,1166.0,1166.0,Acceptable,Walk directly to major station,False,0.0,0.0,1,8.0,15.0,20.9,5,11.1,59.9,15,74.9,46-60 min,60+ min,Minor impact,False,18,10,14,10,52,Medium,3,Delay-sensitive commuters
EMP0242,Ahrensburg,suburban,53.658852,10.221982,16.34,Ahrensburg,Ahrensburg,Regional,RE,0.75,2117.0,1056.0,1056.0,Acceptable,Walk to local stop + feeder bus,True,1.27,2.9,2,17.0,13.2,20.9,10,11.1,75.0,15,90.0,60+ min,60+ min,No impact,False,8,10,8,20,46,Medium,3,Moderate-potential commuters
EMP0243,Hamburg-City,urban,53.545828,9.983295,17.33,Jungfernstieg,Hamburg-City,U-Bahn / S-Bahn,"U1, U2, U4, S1, S3",0.95,985.0,276.0,276.0,Excellent,Walk directly to major station,False,0.0,0.0,0,4.0,12.3,31.5,0,11.1,58.9,15,73.9,46-60 min,60+ min,Minor impact,False,18,25,20,10,73,High,0,Delay-sensitive commuters
EMP0244,Hamburg-Barmbek,urban,53.610447,10.039755,10.78,Ohlsdorf,Hamburg-Ohlsdorf,U-Bahn / S-Bahn,"U1, S1",0.95,1308.0,553.0,553.0,Good,Walk directly to major station,False,0.0,0.0,0,4.0,16.3,18.2,0,11.1,49.6,15,64.6,46-60 min,60+ min,Minor impact,False,18,18,20,10,66,High,0,Delay-sensitive commuters
EMP0245,Hamburg-Harburg,outer_urban,53.484753,9.951479,24.22,Harburg,Hamburg-Harburg,S-Bahn / Regional,"S3, S5, RE",0.9,4131.0,1067.0,1067.0,Acceptable,Walk to local stop + feeder bus,True,3.68,8.5,3,13.0,13.3,35.2,15,11.1,96.0,15,111.0,60+ min,60+ min,No impact,False,8,10,3,20,41,Low,3,Long commute commuters
EMP0246,Henstedt-Ulzburg,outer_suburban,53.828945,10.009587,14.24,Kaltenkirchen,Kaltenkirchen,AKN,A1,0.65,3249.0,1473.0,1473.0,Acceptable,Walk to local stop + feeder bus,True,2.13,4.9,2,21.0,18.4,23.8,10,11.1,89.2,15,104.2,60+ min,60+ min,No impact,False,8,10,8,20,46,Medium,3,Long commute commuters
EMP0247,Hamburg-Harburg,outer_urban,53.436224,9.929334,29.74,Harburg,Hamburg-Harburg,S-Bahn / Regional,"S3, S5, RE",0.9,4638.0,1057.0,1057.0,Acceptable,Walk to local stop + feeder bus,True,4.3,9.9,3,13.0,13.2,35.2,15,11.1,97.3,15,112.3,60+ min,60+ min,No impact,False,8,10,3,20,41,Low,3,Long commute commuters
EMP0248,Hamburg-Eimsbuettel,urban,53.551737,9.974999,16.69,Jungfernstieg,Hamburg-City,U-Bahn / S-Bahn,"U1, U2, U4, S1, S3",0.95,1256.0,536.0,536.0,Good,Walk directly to major station,False,0.0,0.0,0,4.0,15.7,31.5,0,11.1,62.2,15,77.2,60+ min,60+ min,No impact,False,8,18,20,20,66,High,2,Moderate-potential commuters
EMP0249,Hamburg-Eimsbuettel,urban,53.589905,9.923368,13.07,Altona,Hamburg-Altona,S-Bahn / Regional,"S1, S2, S3, RE",0.95,4284.0,421.0,421.0,Excellent,Walk to local stop + feeder bus,True,4.64,10.7,2,10.0,5.3,22.3,10,11.1,69.3,15,84.3,60+ min,60+ min,No impact,False,8,25,8,20,61,Medium,2,Moderate-potential commuters
EMP0250,Hamburg-Wandsbek,urban,53.562185,10.133791,18.37,Wandsbek Markt,Hamburg-Wandsbek,U-Bahn / Bus,"U1, Bus",0.85,4544.0,726.0,726.0,Good,Walk to local stop + feeder bus,True,4.58,10.6,1,12.0,9.1,32.3,5,11.1,80.0,15,95.0,60+ min,60+ min,No impact,False,8,18,14,20,60,Medium,2,Long commute commuters
EMP0251,Pinneberg,suburban,53.640265,9.739871,17.51,Pinneberg,Pinneberg,S-Bahn / Regional,"S3, RE",0.8,4063.0,1113.0,1113.0,Acceptable,Walk to local stop + feeder bus,True,3.54,8.2,2,16.0,13.9,17.8,10,11.1,77.0,15,92.0,60+ min,60+ min,No impact,False,8,10,8,20,46,Medium,3,Long commute commuters
EMP0252,Henstedt-Ulzburg,outer_suburban,53.770773,10.020045,8.03,Henstedt-Ulzburg,Henstedt-Ulzburg,AKN,"A1, A2",0.7,3289.0,1364.0,1364.0,Acceptable,Walk to local stop + feeder bus,True,2.31,5.3,2,20.0,17.0,15.0,10,11.1,78.5,15,93.5,60+ min,60+ min,No impact,False,8,10,8,20,46,Medium,3,Long commute commuters
EMP0253,Hamburg-Wandsbek,urban,53.595489,10.033397,12.24,Barmbek,Hamburg-Barmbek,U-Bahn / S-Bahn,"U3, S1",0.9,1175.0,382.0,382.0,Excellent,Walk directly to major station,False,0.0,0.0,1,5.0,14.7,25.2,5,11.1,60.9,15,75.9,60+ min,60+ min,No impact,False,8,25,14,20,67,High,2,Moderate-potential commuters
EMP0254,Hamburg-City,urban,53.549041,9.95272,17.1,Altona,Hamburg-Altona,S-Bahn / Regional,"S1, S2, S3, RE",0.95,1216.0,681.0,681.0,Good,Walk directly to major station,False,0.0,0.0,1,4.0,15.2,22.3,5,11.1,57.5,15,72.5,46-60 min,60+ min,Minor impact,False,18,18,14,10,60,Medium,2,Delay-sensitive commuters
EMP0255,Hamburg-City,urban,53.557792,10.044836,16.49,Wandsbek Markt,Hamburg-Wandsbek,U-Bahn / Bus,"U1, Bus",0.85,2154.0,318.0,318.0,Excellent,Walk to local stop + feeder bus,True,2.2,5.1,1,12.0,4.0,32.3,5,11.1,69.4,15,84.4,60+ min,60+ min,No impact,False,8,25,14,20,67,High,2,Moderate-potential commuters
EMP0256,Quickborn,suburban,53.739908,9.921922,5.92,Quickborn,Quickborn,AKN,A1,0.7,1540.0,965.0,965.0,Good,Walk to local stop + feeder bus,True,0.69,1.6,2,18.0,12.1,10.5,10,11.1,63.2,15,78.2,60+ min,60+ min,No impact,False,8,18,8,20,54,Medium,3,Moderate-potential commuters
EMP0257,Ahrensburg,suburban,53.650505,10.19769,15.15,Ahrensburg,Ahrensburg,Regional,RE,0.75,3851.0,1132.0,1132.0,Acceptable,Walk to local stop + feeder bus,True,3.26,7.5,2,17.0,14.2,20.9,10,11.1,80.6,15,95.6,60+ min,60+ min,No impact,False,8,10,8,20,46,Medium,3,Long commute commuters
EMP0258,Norderstedt,near_workplace,53.721844,9.975469,2.32,Norderstedt Mitte,Norderstedt,U-Bahn / AKN,"U1, A2",0.95,1916.0,560.0,560.0,Good,Walk to local stop + feeder bus,True,1.63,3.8,1,9.0,7.0,0.0,5,11.1,35.8,15,50.8,31-45 min,46-60 min,Minor impact,True,28,18,14,10,70,High,0,Delay-sensitive commuters
EMP0259,Norderstedt,near_workplace,53.734047,10.033153,4.81,Norderstedt Mitte,Norderstedt,U-Bahn / AKN,"U1, A2",0.95,3929.0,441.0,441.0,Excellent,Walk to local stop + feeder bus,True,4.19,9.7,1,9.0,5.5,0.0,5,11.1,40.2,15,55.2,31-45 min,46-60 min,Minor impact,True,28,25,14,10,77,High,0,Delay-sensitive commuters
EMP0260,Hamburg-Harburg,outer_urban,53.471317,10.010752,25.68,Harburg,Hamburg-Harburg,S-Bahn / Regional,"S3, S5, RE",0.9,2147.0,976.0,976.0,Good,Walk to local stop + feeder bus,True,1.41,3.2,3,13.0,12.2,35.2,15,11.1,89.7,15,104.7,60+ min,60+ min,No impact,False,8,18,3,20,49,Medium,3,Long commute commuters
EMP0261,Norderstedt,near_workplace,53.700268,10.037811,3.51,Richtweg,Norderstedt,U-Bahn,U1,0.85,2879.0,355.0,355.0,Excellent,Walk to local stop + feeder bus,True,3.03,7.0,1,11.0,4.4,2.9,5,11.1,41.4,15,56.4,31-45 min,46-60 min,Minor impact,True,28,25,14,10,77,High,0,Delay-sensitive commuters
EMP0262,Ahrensburg,suburban,53.701198,10.199922,14.17,Ahrensburg,Ahrensburg,Regional,RE,0.75,3887.0,1000.0,1000.0,Good,Walk to local stop + feeder bus,True,3.46,8.0,2,17.0,12.5,20.9,10,11.1,79.4,15,94.4,60+ min,60+ min,No impact,False,8,18,8,20,54,Medium,3,Long commute commuters
EMP0263,Hamburg-Altona,urban,53.54608,9.910486,17.98,Altona,Hamburg-Altona,S-Bahn / Regional,"S1, S2, S3, RE",0.95,1748.0,714.0,714.0,Good,Walk to local stop + feeder bus,True,1.24,2.9,2,10.0,8.9,22.3,10,11.1,65.1,15,80.1,60+ min,60+ min,No impact,False,8,18,8,20,54,Medium,2,Moderate-potential commuters
EMP0264,Norderstedt,near_workplace,53.691394,10.027833,3.07,Richtweg,Norderstedt,U-Bahn,U1,0.85,2199.0,242.0,242.0,Excellent,Walk to local stop + feeder bus,True,2.35,5.4,1,11.0,3.0,2.9,5,11.1,38.4,15,53.4,31-45 min,46-60 min,Minor impact,True,28,25,14,10,77,High,0,Delay-sensitive commuters
EMP0265,Elmshorn,outer_suburban,53.768151,9.684847,21.06,Elmshorn,Elmshorn,Regional,RE,0.7,2619.0,1347.0,1347.0,Acceptable,Walk to local stop + feeder bus,True,1.53,3.5,3,20.0,16.8,28.8,15,11.1,95.2,15,110.2,60+ min,60+ min,No impact,False,8,10,3,20,41,Low,1,Long commute commuters
EMP0266,Hamburg-City,urban,53.546493,10.013902,17.37,Hamburg Hbf,Hamburg-City,U-Bahn / S-Bahn / Regional,"U1, U2, U3, U4, S-Bahn, RE",1.0,838.0,695.0,695.0,Good,Walk directly to major station,False,0.0,0.0,0,3.0,10.5,21.7,0,11.1,46.2,15,61.2,46-60 min,60+ min,Minor impact,False,18,18,20,10,66,High,0,Delay-sensitive commuters
EMP0267,Hamburg-Altona,urban,53.521237,9.919189,20.53,Altona,Hamburg-Altona,S-Bahn / Regional,"S1, S2, S3, RE",0.95,3577.0,448.0,448.0,Excellent,Walk to local stop + feeder bus,True,3.75,8.7,2,10.0,5.6,22.3,10,11.1,67.6,15,82.6,60+ min,60+ min,No impact,False,8,25,8,20,61,Medium,2,Moderate-potential commuters
EMP0268,Norderstedt,near_workplace,53.729621,10.012964,3.62,Norderstedt Mitte,Norderstedt,U-Bahn / AKN,"U1, A2",0.95,2746.0,489.0,489.0,Excellent,Walk to local stop + feeder bus,True,2.71,6.3,1,9.0,6.1,0.0,5,11.1,37.4,15,52.4,31-45 min,46-60 min,Minor impact,True,28,25,14,10,77,High,0,Delay-sensitive commuters
EMP0269,Norderstedt,near_workplace,53.713265,9.943421,3.0,Quickborn,Quickborn,AKN,A1,0.7,3258.0,317.0,317.0,Excellent,Walk to local stop + feeder bus,True,3.53,8.1,2,14.0,4.0,10.5,10,11.1,57.6,15,72.6,46-60 min,60+ min,Minor impact,False,18,25,8,10,61,Medium,2,Delay-sensitive commuters
EMP0270,Norderstedt,near_workplace,53.716592,9.9576,2.43,Norderstedt Mitte,Norderstedt,U-Bahn / AKN,"U1, A2",0.95,2506.0,502.0,502.0,Good,Walk to local stop + feeder bus,True,2.4,5.5,1,9.0,6.3,0.0,5,11.1,36.9,15,51.9,31-45 min,46-60 min,Minor impact,True,28,18,14,10,70,High,0,Delay-sensitive commuters
EMP0271,Norderstedt,near_workplace,53.714584,9.968016,1.8,Norderstedt Mitte,Norderstedt,U-Bahn / AKN,"U1, A2",0.95,1788.0,541.0,541.0,Good,Walk to local stop + feeder bus,True,1.5,3.5,1,9.0,6.8,0.0,5,11.1,35.3,15,50.3,31-45 min,46-60 min,Minor impact,True,28,18,14,10,70,High,0,Delay-sensitive commuters
EMP0272,Hamburg-City,urban,53.541394,10.013244,17.93,Hamburg Hbf,Hamburg-City,U-Bahn / S-Bahn / Regional,"U1, U2, U3, U4, S-Bahn, RE",1.0,1329.0,899.0,899.0,Good,Walk directly to major station,False,0.0,0.0,0,3.0,16.6,21.7,0,11.1,52.4,15,67.4,46-60 min,60+ min,Minor impact,False,18,18,20,10,66,High,0,Delay-sensitive commuters
EMP0273,Norderstedt,near_workplace,53.684905,10.002734,2.22,Garstedt,Norderstedt,U-Bahn,U1,0.85,613.0,613.0,613.0,Good,Walk directly to major station,False,0.0,0.0,0,6.0,7.7,5.6,0,11.1,30.4,15,45.4,31-45 min,46-60 min,Minor impact,True,28,18,20,10,76,High,0,Delay-sensitive commuters
EMP0274,Hamburg-Harburg,outer_urban,53.462225,10.048492,26.96,Harburg,Hamburg-Harburg,S-Bahn / Regional,"S3, S5, RE",0.9,3869.0,1349.0,1349.0,Acceptable,Walk to local stop + feeder bus,True,3.02,7.0,3,13.0,16.9,35.2,15,11.1,98.0,15,113.0,60+ min,60+ min,No impact,False,8,10,3,20,41,Low,3,Long commute commuters
EMP0275,Pinneberg,suburban,53.650732,9.831895,11.54,Pinneberg,Pinneberg,S-Bahn / Regional,"S3, RE",0.8,2328.0,1429.0,1429.0,Acceptable,Walk to local stop + feeder bus,True,1.08,2.5,2,16.0,17.9,17.8,10,11.1,75.2,15,90.2,60+ min,60+ min,No impact,False,8,10,8,20,46,Medium,3,Long commute commuters
EMP0276,Hamburg-Eimsbuettel,urban,53.588613,9.982278,12.58,Kellinghusenstrasse,Hamburg-Eppendorf,U-Bahn,"U1, U3",0.9,514.0,514.0,514.0,Good,Walk directly to major station,False,0.0,0.0,0,5.0,6.4,27.1,0,11.1,49.6,15,64.6,46-60 min,60+ min,Minor impact,False,18,18,20,10,66,High,0,Delay-sensitive commuters
EMP0277,Hamburg-Altona,urban,53.542846,9.969836,17.69,Jungfernstieg,Hamburg-City,U-Bahn / S-Bahn,"U1, U2, U4, S1, S3",0.95,1893.0,434.0,434.0,Excellent,Walk to local stop + feeder bus,True,1.75,4.0,1,10.0,5.4,31.5,5,11.1,67.0,15,82.0,60+ min,60+ min,No impact,False,8,25,14,20,67,High,2,Moderate-potential commuters
EMP0278,Hamburg-Wandsbek,urban,53.586758,10.149329,16.77,Wandsbek Markt,Hamburg-Wandsbek,U-Bahn / Bus,"U1, Bus",0.85,5677.0,788.0,788.0,Good,Walk to local stop + feeder bus,True,5.87,13.5,1,12.0,9.9,32.3,5,11.1,83.7,15,98.7,60+ min,60+ min,No impact,False,8,18,14,20,60,Medium,2,Long commute commuters
EMP0279,Henstedt-Ulzburg,outer_suburban,53.819761,9.961091,13.22,Kaltenkirchen,Kaltenkirchen,AKN,A1,0.65,1918.0,1378.0,1378.0,Acceptable,Walk to local stop + feeder bus,True,0.65,1.5,2,21.0,17.2,23.8,10,11.1,84.6,15,99.6,60+ min,60+ min,No impact,False,8,10,8,20,46,Medium,3,Long commute commuters
EMP0280,Henstedt-Ulzburg,outer_suburban,53.764876,9.928444,7.94,Quickborn,Quickborn,AKN,A1,0.7,4095.0,1024.0,1024.0,Acceptable,Walk to local stop + feeder bus,True,3.69,8.5,2,20.0,12.8,10.5,10,11.1,72.8,15,87.8,60+ min,60+ min,No impact,False,8,10,8,20,46,Medium,3,Moderate-potential commuters
EMP0281,Norderstedt,near_workplace,53.735225,9.994649,3.79,Norderstedt Mitte,Norderstedt,U-Bahn / AKN,"U1, A2",0.95,3030.0,388.0,388.0,Excellent,Walk to local stop + feeder bus,True,3.17,7.3,1,9.0,4.8,0.0,5,11.1,37.2,15,52.2,31-45 min,46-60 min,Minor impact,True,28,25,14,10,77,High,0,Delay-sensitive commuters
EMP0282,Hamburg-City,urban,53.577537,9.956784,13.93,Kellinghusenstrasse,Hamburg-Eppendorf,U-Bahn,"U1, U3",0.9,2482.0,455.0,455.0,Excellent,Walk to local stop + feeder bus,True,2.43,5.6,1,11.0,5.7,27.1,5,11.1,65.4,15,80.4,60+ min,60+ min,No impact,False,8,25,14,20,67,High,2,Moderate-potential commuters
EMP0283,Hamburg-City,urban,53.5574,9.953908,16.17,Altona,Hamburg-Altona,S-Bahn / Regional,"S1, S2, S3, RE",0.95,1386.0,573.0,573.0,Good,Walk directly to major station,False,0.0,0.0,1,4.0,17.3,22.3,5,11.1,59.7,15,74.7,46-60 min,60+ min,Minor impact,False,18,18,14,10,60,Medium,2,Delay-sensitive commuters
EMP0284,Hamburg-City,urban,53.555054,9.997422,16.33,Jungfernstieg,Hamburg-City,U-Bahn / S-Bahn,"U1, U2, U4, S1, S3",0.95,408.0,285.0,285.0,Excellent,Walk directly to major station,False,0.0,0.0,0,4.0,5.1,31.5,0,11.1,51.7,15,66.7,46-60 min,60+ min,Minor impact,False,18,25,20,10,73,High,0,Delay-sensitive commuters
EMP0285,Hamburg-Barmbek,urban,53.567058,10.049332,15.57,Wandsbek Markt,Hamburg-Wandsbek,U-Bahn / Bus,"U1, Bus",0.85,1290.0,665.0,665.0,Good,Walk directly to major station,False,0.0,0.0,0,6.0,16.1,32.3,0,11.1,65.4,15,80.4,60+ min,60+ min,No impact,False,8,18,20,20,66,High,2,Moderate-potential commuters
EMP0286,Hamburg-Eimsbuettel,urban,53.554546,9.978505,16.37,Dammtor,Hamburg-City,S-Bahn / Regional,"S-Bahn, RE",0.9,991.0,906.0,906.0,Good,Walk directly to major station,False,0.0,0.0,1,5.0,12.4,20.5,5,11.1,54.0,15,69.0,46-60 min,60+ min,Minor impact,False,18,18,14,10,60,Medium,2,Delay-sensitive commuters
EMP0287,Norderstedt,near_workplace,53.675794,9.977074,2.92,Garstedt,Norderstedt,U-Bahn,U1,0.85,1373.0,368.0,368.0,Excellent,Walk directly to major station,False,0.0,0.0,0,6.0,17.2,5.6,0,11.1,39.9,15,54.9,31-45 min,46-60 min,Minor impact,True,28,25,20,10,83,Very High,0,High-potential PT users
EMP0288,Hamburg-Eimsbuettel,urban,53.586009,9.972398,12.89,Kellinghusenstrasse,Hamburg-Eppendorf,U-Bahn,"U1, U3",0.9,1183.0,1009.0,1009.0,Acceptable,Walk directly to major station,False,0.0,0.0,0,5.0,14.8,27.1,0,11.1,57.9,15,72.9,46-60 min,60+ min,Minor impact,False,18,10,20,10,58,Medium,2,Delay-sensitive commuters
EMP0289,Hamburg-Barmbek,urban,53.59675,9.996862,11.7,Kellinghusenstrasse,Hamburg-Eppendorf,U-Bahn,"U1, U3",0.9,1073.0,509.0,509.0,Good,Walk directly to major station,False,0.0,0.0,0,5.0,13.4,27.1,0,11.1,56.6,15,71.6,46-60 min,60+ min,Minor impact,False,18,18,20,10,66,High,0,Delay-sensitive commuters
EMP0290,Norderstedt,near_workplace,53.740651,9.993151,4.37,Norderstedt Mitte,Norderstedt,U-Bahn / AKN,"U1, A2",0.95,3631.0,303.0,303.0,Excellent,Walk to local stop + feeder bus,True,3.99,9.2,1,9.0,3.8,0.0,5,11.1,38.1,15,53.1,31-45 min,46-60 min,Minor impact,True,28,25,14,10,77,High,0,Delay-sensitive commuters
EMP0291,Henstedt-Ulzburg,outer_suburban,53.810449,9.956728,12.23,Henstedt-Ulzburg,Henstedt-Ulzburg,AKN,"A1, A2",0.7,2815.0,1800.0,1800.0,Poor,Walk to local stop + feeder bus,True,1.22,2.8,2,20.0,22.5,15.0,10,11.1,81.4,15,96.4,60+ min,60+ min,No impact,False,8,4,8,20,40,Low,3,Poor station access commuters
EMP0292,Norderstedt,near_workplace,53.691791,10.013261,2.19,Richtweg,Norderstedt,U-Bahn,U1,0.85,1254.0,459.0,459.0,Excellent,Walk directly to major station,False,0.0,0.0,0,6.0,15.7,2.9,0,11.1,35.7,15,50.7,31-45 min,46-60 min,Minor impact,True,28,25,20,10,83,Very High,0,High-potential PT users
EMP0293,Elmshorn,outer_suburban,53.719733,9.607282,24.91,Elmshorn,Elmshorn,Regional,RE,0.7,4854.0,1043.0,1043.0,Acceptable,Walk to local stop + feeder bus,True,4.57,10.6,3,20.0,13.0,28.8,15,11.1,98.4,15,113.4,60+ min,60+ min,No impact,False,8,10,3,20,41,Low,3,Long commute commuters
EMP0294,Norderstedt,near_workplace,53.691933,10.032637,3.34,Richtweg,Norderstedt,U-Bahn,U1,0.85,2501.0,760.0,760.0,Good,Walk to local stop + feeder bus,True,2.09,4.8,1,11.0,9.5,2.9,5,11.1,44.3,15,59.3,31-45 min,46-60 min,Minor impact,True,28,18,14,10,70,High,0,Delay-sensitive commuters
EMP0295,Henstedt-Ulzburg,outer_suburban,53.785676,10.014101,9.54,Henstedt-Ulzburg,Henstedt-Ulzburg,AKN,"A1, A2",0.7,2163.0,590.0,590.0,Good,Walk to local stop + feeder bus,True,1.89,4.4,2,20.0,7.4,15.0,10,11.1,67.8,15,82.8,60+ min,60+ min,No impact,False,8,18,8,20,54,Medium,3,Moderate-potential commuters
EMP0296,Kaltenkirchen,outer_suburban,53.840661,9.979297,15.46,Kaltenkirchen,Kaltenkirchen,AKN,A1,0.65,1206.0,1206.0,1206.0,Acceptable,Walk directly to major station,False,0.0,0.0,1,10.0,15.1,23.8,5,11.1,64.9,15,79.9,60+ min,60+ min,No impact,False,8,10,14,20,52,Medium,3,Moderate-potential commuters
EMP0297,Bad Oldesloe,regional,53.835437,10.360349,28.83,Bad Oldesloe,Bad Oldesloe,Regional,RE,0.65,2861.0,1278.0,1278.0,Acceptable,Walk to local stop + feeder bus,True,1.9,4.4,3,23.0,16.0,34.6,15,11.1,104.0,15,119.0,60+ min,60+ min,No impact,False,8,10,3,20,41,Low,1,Long commute commuters
EMP0298,Ahrensburg,suburban,53.691875,10.191218,13.65,Ahrensburg,Ahrensburg,Regional,RE,0.75,3664.0,1262.0,1262.0,Acceptable,Walk to local stop + feeder bus,True,2.88,6.7,2,17.0,15.8,20.9,10,11.1,81.3,15,96.3,60+ min,60+ min,No impact,False,8,10,8,20,46,Medium,3,Long commute commuters
EMP0299,Quickborn,suburban,53.734387,9.925835,5.31,Quickborn,Quickborn,AKN,A1,0.7,1485.0,1040.0,1040.0,Acceptable,Walk directly to major station,False,0.0,0.0,1,9.0,18.6,10.5,5,11.1,54.1,15,69.1,46-60 min,60+ min,Minor impact,False,18,10,14,10,52,Medium,3,Delay-sensitive commuters
EMP0300,Pinneberg,suburban,53.66692,9.766438,14.88,Pinneberg,Pinneberg,S-Bahn / Regional,"S3, RE",0.8,2474.0,1030.0,1030.0,Acceptable,Walk to local stop + feeder bus,True,1.73,4.0,2,16.0,12.9,17.8,10,11.1,71.8,15,86.8,60+ min,60+ min,No impact,False,8,10,8,20,46,Medium,3,Moderate-potential commuters
EMP0301,Quickborn,suburban,53.740533,9.890185,7.57,Quickborn,Quickborn,AKN,A1,0.7,1396.0,1212.0,1212.0,Acceptable,Walk directly to major station,False,0.0,0.0,1,9.0,17.5,10.5,5,11.1,53.0,15,68.0,46-60 min,60+ min,Minor impact,False,18,10,14,10,52,Medium,3,Delay-sensitive commuters
EMP0302,Norderstedt,near_workplace,53.692731,9.945628,2.75,Richtweg,Norderstedt,U-Bahn,U1,0.85,3260.0,575.0,575.0,Good,Walk to local stop + feeder bus,True,3.22,7.4,1,11.0,7.2,2.9,5,11.1,44.6,15,59.6,31-45 min,46-60 min,Minor impact,True,28,18,14,10,70,High,0,Delay-sensitive commuters
EMP0303,Hamburg-Barmbek,urban,53.590533,10.071799,13.63,Barmbek,Hamburg-Barmbek,U-Bahn / S-Bahn,"U3, S1",0.9,1876.0,672.0,672.0,Good,Walk to local stop + feeder bus,True,1.45,3.3,2,11.0,8.4,25.2,10,11.1,69.0,15,84.0,60+ min,60+ min,No impact,False,8,18,8,20,54,Medium,2,Moderate-potential commuters
EMP0304,Hamburg-Wandsbek,urban,53.605897,10.074671,12.19,Barmbek,Hamburg-Barmbek,U-Bahn / S-Bahn,"U3, S1",0.9,2918.0,450.0,450.0,Excellent,Walk to local stop + feeder bus,True,2.96,6.8,2,11.0,5.6,25.2,10,11.1,69.7,15,84.7,60+ min,60+ min,No impact,False,8,25,8,20,61,Medium,2,Moderate-potential commuters
EMP0305,Henstedt-Ulzburg,outer_suburban,53.764199,10.005364,7.08,Henstedt-Ulzburg,Henstedt-Ulzburg,AKN,"A1, A2",0.7,3254.0,994.0,994.0,Good,Walk to local stop + feeder bus,True,2.71,6.3,2,20.0,12.4,15.0,10,11.1,74.8,15,89.8,60+ min,60+ min,No impact,False,8,18,8,20,54,Medium,3,Moderate-potential commuters
EMP0306,Hamburg-Wandsbek,urban,53.582544,10.15012,17.16,Wandsbek Markt,Hamburg-Wandsbek,U-Bahn / Bus,"U1, Bus",0.85,5611.0,434.0,434.0,Excellent,Walk to local stop + feeder bus,True,6.21,14.3,1,12.0,5.4,32.3,5,11.1,80.1,15,95.1,60+ min,60+ min,No impact,False,8,25,14,20,67,High,2,Long commute commuters
EMP0307,Hamburg-Eimsbuettel,urban,53.577054,9.924145,14.42,Altona,Hamburg-Altona,S-Bahn / Regional,"S1, S2, S3, RE",0.95,2877.0,519.0,519.0,Good,Walk to local stop + feeder bus,True,2.83,6.5,2,10.0,6.5,22.3,10,11.1,66.4,15,81.4,60+ min,60+ min,No impact,False,8,18,8,20,54,Medium,2,Moderate-potential commuters
EMP0308,Hamburg-Harburg,outer_urban,53.470599,9.952954,25.78,Harburg,Hamburg-Harburg,S-Bahn / Regional,"S3, S5, RE",0.9,2996.0,1122.0,1122.0,Acceptable,Walk to local stop + feeder bus,True,2.25,5.2,3,13.0,14.0,35.2,15,11.1,93.4,15,108.4,60+ min,60+ min,No impact,False,8,10,3,20,41,Low,3,Long commute commuters
EMP0309,Hamburg-Altona,urban,53.577224,9.93624,14.2,Altona,Hamburg-Altona,S-Bahn / Regional,"S1, S2, S3, RE",0.95,2806.0,670.0,670.0,Good,Walk to local stop + feeder bus,True,2.56,5.9,2,10.0,8.4,22.3,10,11.1,67.6,15,82.6,60+ min,60+ min,No impact,False,8,18,8,20,54,Medium,2,Moderate-potential commuters
EMP0310,Norderstedt,near_workplace,53.714079,9.994555,1.52,Norderstedt Mitte,Norderstedt,U-Bahn / AKN,"U1, A2",0.95,686.0,388.0,388.0,Excellent,Walk directly to major station,False,0.0,0.0,0,4.0,8.6,0.0,0,11.1,23.6,15,38.6,0-30 min,31-45 min,Minor impact,False,35,25,20,10,90,Very High,0,High-potential PT users
EMP0311,Hamburg-Wandsbek,urban,53.591764,10.136067,15.78,Wandsbek Markt,Hamburg-Wandsbek,U-Bahn / Bus,"U1, Bus",0.85,5061.0,768.0,768.0,Good,Walk to local stop + feeder bus,True,5.15,11.9,1,12.0,9.6,32.3,5,11.1,81.8,15,96.8,60+ min,60+ min,No impact,False,8,18,14,20,60,Medium,2,Long commute commuters
EMP0312,Hamburg-Eimsbuettel,urban,53.57786,9.941765,14.06,Altona,Hamburg-Altona,S-Bahn / Regional,"S1, S2, S3, RE",0.95,2910.0,654.0,654.0,Good,Walk to local stop + feeder bus,True,2.71,6.2,2,10.0,8.2,22.3,10,11.1,67.8,15,82.8,60+ min,60+ min,No impact,False,8,18,8,20,54,Medium,2,Moderate-potential commuters
EMP0313,Hamburg-City,urban,53.526461,10.025772,19.67,Hamburg Hbf,Hamburg-City,U-Bahn / S-Bahn / Regional,"U1, U2, U3, U4, S-Bahn, RE",1.0,3178.0,432.0,432.0,Excellent,Walk to local stop + feeder bus,True,3.3,7.6,1,9.0,5.4,21.7,5,11.1,59.8,15,74.8,46-60 min,60+ min,Minor impact,False,18,25,14,10,67,High,2,Delay-sensitive commuters
EMP0314,Hamburg-Eimsbuettel,urban,53.564924,9.973168,15.23,Dammtor,Hamburg-City,S-Bahn / Regional,"S-Bahn, RE",0.9,1154.0,476.0,476.0,Excellent,Walk directly to major station,False,0.0,0.0,1,5.0,14.4,20.5,5,11.1,56.0,15,71.0,46-60 min,60+ min,Minor impact,False,18,25,14,10,67,High,2,Delay-sensitive commuters
EMP0315,Hamburg-Eimsbuettel,urban,53.58118,9.98853,13.4,Kellinghusenstrasse,Hamburg-Eppendorf,U-Bahn,"U1, U3",0.9,765.0,477.0,477.0,Excellent,Walk directly to major station,False,0.0,0.0,0,5.0,9.6,27.1,0,11.1,52.7,15,67.7,46-60 min,60+ min,Minor impact,False,18,25,20,10,73,High,0,Delay-sensitive commuters
EMP0316,Hamburg-Altona,urban,53.516826,9.942262,20.75,Altona,Hamburg-Altona,S-Bahn / Regional,"S1, S2, S3, RE",0.95,3941.0,647.0,647.0,Good,Walk to local stop + feeder bus,True,3.95,9.1,2,10.0,8.1,22.3,10,11.1,70.5,15,85.5,60+ min,60+ min,No impact,False,8,18,8,20,54,Medium,2,Moderate-potential commuters
EMP0317,Hamburg-Eimsbuettel,urban,53.557987,9.922108,16.5,Altona,Hamburg-Altona,S-Bahn / Regional,"S1, S2, S3, RE",0.95,1081.0,561.0,561.0,Good,Walk directly to major station,False,0.0,0.0,1,4.0,13.5,22.3,5,11.1,55.8,15,70.8,46-60 min,60+ min,Minor impact,False,18,18,14,10,60,Medium,2,Delay-sensitive commuters
EMP0318,Pinneberg,suburban,53.684868,9.794316,12.67,Pinneberg,Pinneberg,S-Bahn / Regional,"S3, RE",0.8,3437.0,1412.0,1412.0,Acceptable,Walk to local stop + feeder bus,True,2.43,5.6,2,16.0,17.6,17.8,10,11.1,78.2,15,93.2,60+ min,60+ min,No impact,False,8,10,8,20,46,Medium,3,Long commute commuters
EMP0319,Hamburg-Altona,urban,53.521563,9.968257,20.06,Jungfernstieg,Hamburg-City,U-Bahn / S-Bahn,"U1, U2, U4, S1, S3",0.95,3788.0,531.0,531.0,Good,Walk to local stop + feeder bus,True,3.91,9.0,1,10.0,6.6,31.5,5,11.1,73.2,15,88.2,60+ min,60+ min,No impact,False,8,18,14,20,60,Medium,2,Moderate-potential commuters
EMP0320,Elmshorn,outer_suburban,53.754997,9.718063,18.51,Elmshorn,Elmshorn,Regional,RE,0.7,4279.0,821.0,821.0,Good,Walk to local stop + feeder bus,True,4.15,9.6,3,20.0,10.3,28.8,15,11.1,94.7,15,109.7,60+ min,60+ min,No impact,False,8,18,3,20,49,Medium,3,Long commute commuters
EMP0321,Kaltenkirchen,outer_suburban,53.837405,9.938139,15.4,Kaltenkirchen,Kaltenkirchen,AKN,A1,0.65,1566.0,1566.0,1566.0,Poor,Walk to local stop + feeder bus,True,0.0,0.0,2,21.0,19.6,23.8,10,11.1,85.4,15,100.4,60+ min,60+ min,No impact,False,8,4,8,20,40,Low,3,Poor station access commuters
EMP0322,Hamburg-Wandsbek,urban,53.563527,10.090038,16.86,Wandsbek Markt,Hamburg-Wandsbek,U-Bahn / Bus,"U1, Bus",0.85,1789.0,294.0,294.0,Excellent,Walk to local stop + feeder bus,True,1.79,4.1,1,12.0,3.7,32.3,5,11.1,68.1,15,83.1,60+ min,60+ min,No impact,False,8,25,14,20,67,High,2,Moderate-potential commuters
EMP0323,Hamburg-Altona,urban,53.559694,9.97295,15.81,Dammtor,Hamburg-City,S-Bahn / Regional,"S-Bahn, RE",0.9,1080.0,745.0,745.0,Good,Walk directly to major station,False,0.0,0.0,1,5.0,13.5,20.5,5,11.1,55.1,15,70.1,46-60 min,60+ min,Minor impact,False,18,18,14,10,60,Medium,2,Delay-sensitive commuters
EMP0324,Hamburg-Barmbek,urban,53.582101,10.089949,15.0,Wandsbek Markt,Hamburg-Wandsbek,U-Bahn / Bus,"U1, Bus",0.85,1886.0,383.0,383.0,Excellent,Walk to local stop + feeder bus,True,1.8,4.2,1,12.0,4.8,32.3,5,11.1,69.3,15,84.3,60+ min,60+ min,No impact,False,8,25,14,20,67,High,2,Moderate-potential commuters
EMP0325,Henstedt-Ulzburg,outer_suburban,53.824746,9.946529,13.91,Kaltenkirchen,Kaltenkirchen,AKN,A1,0.65,1699.0,1086.0,1086.0,Acceptable,Walk to local stop + feeder bus,True,0.74,1.7,2,21.0,13.6,23.8,10,11.1,81.1,15,96.1,60+ min,60+ min,No impact,False,8,10,8,20,46,Medium,3,Long commute commuters
EMP0326,Pinneberg,suburban,53.656866,9.834638,11.06,Pinneberg,Pinneberg,S-Bahn / Regional,"S3, RE",0.8,2501.0,823.0,823.0,Good,Walk to local stop + feeder bus,True,2.01,4.6,2,16.0,10.3,17.8,10,11.1,69.8,15,84.8,60+ min,60+ min,No impact,False,8,18,8,20,54,Medium,3,Moderate-potential commuters
EMP0327,Ahrensburg,suburban,53.674557,10.265138,18.72,Ahrensburg,Ahrensburg,Regional,RE,0.75,1722.0,1225.0,1225.0,Acceptable,Walk to local stop + feeder bus,True,0.6,1.4,2,17.0,15.3,20.9,10,11.1,75.6,15,90.6,60+ min,60+ min,No impact,False,8,10,8,20,46,Medium,3,Long commute commuters
EMP0328,Hamburg-Barmbek,urban,53.60776,10.032351,10.91,Ohlsdorf,Hamburg-Ohlsdorf,U-Bahn / S-Bahn,"U1, S1",0.95,1475.0,802.0,802.0,Good,Walk directly to major station,False,0.0,0.0,0,4.0,18.4,18.2,0,11.1,51.6,15,66.6,46-60 min,60+ min,Minor impact,False,18,18,20,10,66,High,0,Delay-sensitive commuters
EMP0329,Hamburg-Harburg,outer_urban,53.466564,10.051737,26.52,Harburg,Hamburg-Harburg,S-Bahn / Regional,"S3, S5, RE",0.9,4189.0,683.0,683.0,Good,Walk to local stop + feeder bus,True,4.21,9.7,3,13.0,8.5,35.2,15,11.1,92.5,15,107.5,60+ min,60+ min,No impact,False,8,18,3,20,49,Medium,3,Long commute commuters
EMP0330,Hamburg-Altona,urban,53.544557,9.941727,17.7,Altona,Hamburg-Altona,S-Bahn / Regional,"S1, S2, S3, RE",0.95,939.0,705.0,705.0,Good,Walk directly to major station,False,0.0,0.0,1,4.0,11.7,22.3,5,11.1,54.1,15,69.1,46-60 min,60+ min,Minor impact,False,18,18,14,10,60,Medium,2,Delay-sensitive commuters
EMP0331,Quickborn,suburban,53.74414,9.943435,5.44,Quickborn,Quickborn,AKN,A1,0.7,2977.0,1443.0,1443.0,Acceptable,Walk to local stop + feeder bus,True,1.84,4.2,2,18.0,18.0,10.5,10,11.1,71.8,15,86.8,60+ min,60+ min,No impact,False,8,10,8,20,46,Medium,3,Moderate-potential commuters
EMP0332,Hamburg-City,urban,53.554497,9.966435,16.41,Dammtor,Hamburg-City,S-Bahn / Regional,"S-Bahn, RE",0.9,1659.0,364.0,364.0,Excellent,Walk to local stop + feeder bus,True,1.55,3.6,2,11.0,4.6,20.5,10,11.1,60.7,15,75.7,60+ min,60+ min,No impact,False,8,25,8,20,61,Medium,2,Moderate-potential commuters
EMP0333,Pinneberg,suburban,53.691473,9.767696,14.32,Pinneberg,Pinneberg,S-Bahn / Regional,"S3, RE",0.8,4592.0,1420.0,1420.0,Acceptable,Walk to local stop + feeder bus,True,3.81,8.8,2,16.0,17.8,17.8,10,11.1,81.4,15,96.4,60+ min,60+ min,No impact,False,8,10,8,20,46,Medium,3,Long commute commuters
EMP0334,Henstedt-Ulzburg,outer_suburban,53.803456,9.954349,11.49,Henstedt-Ulzburg,Henstedt-Ulzburg,AKN,"A1, A2",0.7,2353.0,1179.0,1179.0,Acceptable,Walk to local stop + feeder bus,True,1.41,3.3,2,20.0,14.7,15.0,10,11.1,74.1,15,89.1,60+ min,60+ min,No impact,False,8,10,8,20,46,Medium,3,Moderate-potential commuters
EMP0335,Norderstedt,near_workplace,53.738885,10.012703,4.53,Norderstedt Mitte,Norderstedt,U-Bahn / AKN,"U1, A2",0.95,3675.0,405.0,405.0,Excellent,Walk to local stop + feeder bus,True,3.92,9.1,1,9.0,5.1,0.0,5,11.1,39.2,15,54.2,31-45 min,46-60 min,Minor impact,True,28,25,14,10,77,High,0,Delay-sensitive commuters
EMP0336,Hamburg-Harburg,outer_urban,53.447828,10.0389,28.46,Harburg,Hamburg-Harburg,S-Bahn / Regional,"S3, S5, RE",0.9,3299.0,829.0,829.0,Good,Walk to local stop + feeder bus,True,2.96,6.8,3,13.0,10.4,35.2,15,11.1,91.4,15,106.4,60+ min,60+ min,No impact,False,8,18,3,20,49,Medium,3,Long commute commuters
EMP0337,Norderstedt,near_workplace,53.707808,9.973237,1.01,Norderstedt Mitte,Norderstedt,U-Bahn / AKN,"U1, A2",0.95,1288.0,534.0,534.0,Good,Walk directly to major station,False,0.0,0.0,0,4.0,16.1,0.0,0,11.1,31.2,15,46.2,31-45 min,46-60 min,Minor impact,True,28,18,20,10,76,High,0,Delay-sensitive commuters
EMP0338,Quickborn,suburban,53.735722,9.844094,9.99,Quickborn,Quickborn,AKN,A1,0.7,3975.0,727.0,727.0,Good,Walk to local stop + feeder bus,True,3.9,9.0,2,18.0,9.1,10.5,10,11.1,67.6,15,82.6,60+ min,60+ min,No impact,False,8,18,8,20,54,Medium,3,Moderate-potential commuters
EMP0339,Norderstedt,near_workplace,53.703758,9.954933,1.97,Norderstedt Mitte,Norderstedt,U-Bahn / AKN,"U1, A2",0.95,2537.0,640.0,640.0,Good,Walk to local stop + feeder bus,True,2.28,5.3,1,9.0,8.0,0.0,5,11.1,38.3,15,53.3,31-45 min,46-60 min,Minor impact,True,28,18,14,10,70,High,0,Delay-sensitive commuters
EMP0340,Elmshorn,outer_suburban,53.777375,9.61429,25.77,Elmshorn,Elmshorn,Regional,RE,0.7,3637.0,979.0,979.0,Good,Walk to local stop + feeder bus,True,3.19,7.4,3,20.0,12.2,28.8,15,11.1,94.4,15,109.4,60+ min,60+ min,No impact,False,8,18,3,20,49,Medium,3,Long commute commuters
EMP0341,Norderstedt,near_workplace,53.705928,9.939883,2.98,Norderstedt Mitte,Norderstedt,U-Bahn / AKN,"U1, A2",0.95,3491.0,220.0,220.0,Excellent,Walk to local stop + feeder bus,True,3.92,9.1,1,9.0,2.8,0.0,5,11.1,36.9,15,51.9,31-45 min,46-60 min,Minor impact,True,28,25,14,10,77,High,0,Delay-sensitive commuters
EMP0342,Elmshorn,outer_suburban,53.753902,9.612125,25.18,Elmshorn,Elmshorn,Regional,RE,0.7,2687.0,1156.0,1156.0,Acceptable,Walk to local stop + feeder bus,True,1.84,4.2,3,20.0,14.5,28.8,15,11.1,93.5,15,108.5,60+ min,60+ min,No impact,False,8,10,3,20,41,Low,3,Long commute commuters
EMP0343,Ahrensburg,suburban,53.68961,10.26254,18.35,Ahrensburg,Ahrensburg,Regional,RE,0.75,2246.0,821.0,821.0,Good,Walk to local stop + feeder bus,True,1.71,3.9,2,17.0,10.3,20.9,10,11.1,73.1,15,88.1,60+ min,60+ min,No impact,False,8,18,8,20,54,Medium,3,Moderate-potential commuters
EMP0344,Hamburg-Harburg,outer_urban,53.427986,9.982029,30.44,Harburg,Hamburg-Harburg,S-Bahn / Regional,"S3, S5, RE",0.9,3171.0,616.0,616.0,Good,Walk to local stop + feeder bus,True,3.07,7.1,3,13.0,7.7,35.2,15,11.1,89.0,15,104.0,60+ min,60+ min,No impact,False,8,18,3,20,49,Medium,3,Long commute commuters
EMP0345,Ahrensburg,suburban,53.652876,10.218652,16.34,Ahrensburg,Ahrensburg,Regional,RE,0.75,2802.0,846.0,846.0,Good,Walk to local stop + feeder bus,True,2.35,5.4,2,17.0,10.6,20.9,10,11.1,74.9,15,89.9,60+ min,60+ min,No impact,False,8,18,8,20,54,Medium,3,Moderate-potential commuters
EMP0346,Ahrensburg,suburban,53.6839,10.17635,12.78,Ahrensburg,Ahrensburg,Regional,RE,0.75,4243.0,702.0,702.0,Good,Walk to local stop + feeder bus,True,4.25,9.8,2,17.0,8.8,20.9,10,11.1,77.5,15,92.5,60+ min,60+ min,No impact,False,8,18,8,20,54,Medium,3,Long commute commuters
EMP0347,Elmshorn,outer_suburban,53.754795,9.718369,18.48,Elmshorn,Elmshorn,Regional,RE,0.7,4299.0,511.0,511.0,Good,Walk to local stop + feeder bus,True,4.55,10.5,3,20.0,6.4,28.8,15,11.1,91.7,15,106.7,60+ min,60+ min,No impact,False,8,18,3,20,49,Medium,3,Long commute commuters
EMP0348,Hamburg-City,urban,53.539703,9.954247,18.12,Altona,Hamburg-Altona,S-Bahn / Regional,"S1, S2, S3, RE",0.95,1867.0,663.0,663.0,Good,Walk to local stop + feeder bus,True,1.45,3.3,2,10.0,8.3,22.3,10,11.1,65.0,15,80.0,60+ min,60+ min,No impact,False,8,18,8,20,54,Medium,2,Moderate-potential commuters
EMP0349,Hamburg-Harburg,outer_urban,53.475132,10.045498,25.51,Harburg,Hamburg-Harburg,S-Bahn / Regional,"S3, S5, RE",0.9,4188.0,303.0,303.0,Excellent,Walk to local stop + feeder bus,True,4.66,10.8,3,13.0,3.8,35.2,15,11.1,88.8,15,103.8,60+ min,60+ min,No impact,False,8,25,3,20,56,Medium,3,Long commute commuters
EMP0350,Norderstedt,near_workplace,53.736684,9.982334,3.89,Norderstedt Mitte,Norderstedt,U-Bahn / AKN,"U1, A2",0.95,3263.0,374.0,374.0,Excellent,Walk to local stop + feeder bus,True,3.47,8.0,1,9.0,4.7,0.0,5,11.1,37.7,15,52.7,31-45 min,46-60 min,Minor impact,True,28,25,14,10,77,High,0,Delay-sensitive commuters
EMP0351,Hamburg-Harburg,outer_urban,53.498867,9.94596,22.7,Harburg,Hamburg-Harburg,S-Bahn / Regional,"S3, S5, RE",0.9,5622.0,718.0,718.0,Good,Walk to local stop + feeder bus,True,5.88,13.6,3,13.0,9.0,35.2,15,11.1,96.8,15,111.8,60+ min,60+ min,No impact,False,8,18,3,20,49,Medium,3,Long commute commuters
EMP0352,Hamburg-City,urban,53.53388,10.032533,18.93,Hamburg Hbf,Hamburg-City,U-Bahn / S-Bahn / Regional,"U1, U2, U3, U4, S-Bahn, RE",1.0,2701.0,772.0,772.0,Good,Walk to local stop + feeder bus,True,2.31,5.3,1,9.0,9.7,21.7,5,11.1,61.7,15,76.7,60+ min,60+ min,No impact,False,8,18,14,20,60,Medium,2,Moderate-potential commuters
EMP0353,Hamburg-Barmbek,urban,53.558099,10.052604,16.59,Wandsbek Markt,Hamburg-Wandsbek,U-Bahn / Bus,"U1, Bus",0.85,1815.0,316.0,316.0,Excellent,Walk to local stop + feeder bus,True,1.8,4.2,1,12.0,4.0,32.3,5,11.1,68.4,15,83.4,60+ min,60+ min,No impact,False,8,25,14,20,67,High,2,Moderate-potential commuters
EMP0354,Hamburg-Barmbek,urban,53.605832,10.062962,11.85,Barmbek,Hamburg-Barmbek,U-Bahn / S-Bahn,"U3, S1",0.9,2439.0,531.0,531.0,Good,Walk to local stop + feeder bus,True,2.29,5.3,2,11.0,6.6,25.2,10,11.1,69.2,15,84.2,60+ min,60+ min,No impact,False,8,18,8,20,54,Medium,2,Moderate-potential commuters
EMP0355,Hamburg-Wandsbek,urban,53.600333,10.054802,12.18,Barmbek,Hamburg-Barmbek,U-Bahn / S-Bahn,"U3, S1",0.9,1645.0,554.0,554.0,Good,Walk to local stop + feeder bus,True,1.31,3.0,2,11.0,6.9,25.2,10,11.1,67.2,15,82.2,60+ min,60+ min,No impact,False,8,18,8,20,54,Medium,2,Moderate-potential commuters
EMP0356,Hamburg-Barmbek,urban,53.593589,10.012056,12.16,Kellinghusenstrasse,Hamburg-Eppendorf,U-Bahn,"U1, U3",0.9,1583.0,781.0,781.0,Good,Walk to local stop + feeder bus,True,0.96,2.2,1,11.0,9.8,27.1,5,11.1,66.1,15,81.1,60+ min,60+ min,No impact,False,8,18,14,20,60,Medium,2,Moderate-potential commuters
EMP0357,Quickborn,suburban,53.762605,9.894816,8.99,Quickborn,Quickborn,AKN,A1,0.7,3566.0,1103.0,1103.0,Acceptable,Walk to local stop + feeder bus,True,2.96,6.8,2,18.0,13.8,10.5,10,11.1,70.1,15,85.1,60+ min,60+ min,No impact,False,8,10,8,20,46,Medium,3,Moderate-potential commuters
EMP0358,Ahrensburg,suburban,53.663725,10.296966,21.0,Ahrensburg,Ahrensburg,Regional,RE,0.75,4019.0,709.0,709.0,Good,Walk to local stop + feeder bus,True,3.97,9.2,2,17.0,8.9,20.9,10,11.1,76.9,15,91.9,60+ min,60+ min,No impact,False,8,18,8,20,54,Medium,3,Long commute commuters
EMP0359,Hamburg-Wandsbek,urban,53.565094,10.133803,18.1,Wandsbek Markt,Hamburg-Wandsbek,U-Bahn / Bus,"U1, Bus",0.85,4478.0,700.0,700.0,Good,Walk to local stop + feeder bus,True,4.53,10.5,1,12.0,8.7,32.3,5,11.1,79.5,15,94.5,60+ min,60+ min,No impact,False,8,18,14,20,60,Medium,2,Long commute commuters
EMP0360,Hamburg-Harburg,outer_urban,53.437686,9.925172,29.62,Harburg,Hamburg-Harburg,S-Bahn / Regional,"S3, S5, RE",0.9,4812.0,640.0,640.0,Good,Walk to local stop + feeder bus,True,5.01,11.6,3,13.0,8.0,35.2,15,11.1,93.8,15,108.8,60+ min,60+ min,No impact,False,8,18,3,20,49,Medium,3,Long commute commuters
EMP0361,Elmshorn,outer_suburban,53.774887,9.65847,22.94,Elmshorn,Elmshorn,Regional,RE,0.7,2350.0,873.0,873.0,Good,Walk to local stop + feeder bus,True,1.77,4.1,3,20.0,10.9,28.8,15,11.1,89.8,15,104.8,60+ min,60+ min,No impact,False,8,18,3,20,49,Medium,3,Long commute commuters
EMP0362,Norderstedt,near_workplace,53.700589,9.9506,2.24,Norderstedt Mitte,Norderstedt,U-Bahn / AKN,"U1, A2",0.95,2897.0,399.0,399.0,Excellent,Walk to local stop + feeder bus,True,3.0,6.9,1,9.0,5.0,0.0,5,11.1,37.0,15,52.0,31-45 min,46-60 min,Minor impact,True,28,25,14,10,77,High,0,Delay-sensitive commuters
EMP0363,Norderstedt,near_workplace,53.698536,9.995395,0.79,Richtweg,Norderstedt,U-Bahn,U1,0.85,394.0,394.0,394.0,Excellent,Walk directly to major station,False,0.0,0.0,0,6.0,4.9,2.9,0,11.1,24.9,15,39.9,0-30 min,31-45 min,Minor impact,False,35,25,20,10,90,Very High,0,High-potential PT users
EMP0364,Norderstedt,near_workplace,53.687594,10.041169,4.04,Ochsenzoll,Hamburg-Langenhorn,U-Bahn,U1,0.8,2896.0,258.0,258.0,Excellent,Walk to local stop + feeder bus,True,3.17,7.3,1,12.0,3.2,7.1,5,11.1,45.7,15,60.7,46-60 min,60+ min,Minor impact,False,18,25,14,10,67,High,0,Delay-sensitive commuters
EMP0365,Pinneberg,suburban,53.684046,9.807309,11.84,Pinneberg,Pinneberg,S-Bahn / Regional,"S3, RE",0.8,3409.0,667.0,667.0,Good,Walk to local stop + feeder bus,True,3.29,7.6,2,16.0,8.3,17.8,10,11.1,70.8,15,85.8,60+ min,60+ min,No impact,False,8,18,8,20,54,Medium,3,Moderate-potential commuters
EMP0366,Hamburg-Eimsbuettel,urban,53.581094,9.952453,13.58,Kellinghusenstrasse,Hamburg-Eppendorf,U-Bahn,"U1, U3",0.9,2595.0,642.0,642.0,Good,Walk to local stop + feeder bus,True,2.34,5.4,1,11.0,8.0,27.1,5,11.1,67.6,15,82.6,60+ min,60+ min,No impact,False,8,18,14,20,60,Medium,2,Moderate-potential commuters
EMP0367,Quickborn,suburban,53.728966,9.871084,8.06,Quickborn,Quickborn,AKN,A1,0.7,2177.0,811.0,811.0,Good,Walk to local stop + feeder bus,True,1.64,3.8,2,18.0,10.1,10.5,10,11.1,63.4,15,78.4,60+ min,60+ min,No impact,False,8,18,8,20,54,Medium,3,Moderate-potential commuters
EMP0368,Pinneberg,suburban,53.682421,9.755072,15.26,Pinneberg,Pinneberg,S-Bahn / Regional,"S3, RE",0.8,4197.0,919.0,919.0,Good,Walk to local stop + feeder bus,True,3.93,9.1,2,16.0,11.5,17.8,10,11.1,75.5,15,90.5,60+ min,60+ min,No impact,False,8,18,8,20,54,Medium,3,Long commute commuters
EMP0369,Hamburg-Altona,urban,53.56261,9.916455,16.11,Altona,Hamburg-Altona,S-Bahn / Regional,"S1, S2, S3, RE",0.95,1701.0,361.0,361.0,Excellent,Walk to local stop + feeder bus,True,1.61,3.7,2,10.0,4.5,22.3,10,11.1,61.6,15,76.6,60+ min,60+ min,No impact,False,8,25,8,20,61,Medium,2,Moderate-potential commuters
EMP0370,Kaltenkirchen,outer_suburban,53.798002,9.948836,10.96,Henstedt-Ulzburg,Henstedt-Ulzburg,AKN,"A1, A2",0.7,2353.0,1431.0,1431.0,Acceptable,Walk to local stop + feeder bus,True,1.11,2.6,2,20.0,17.9,15.0,10,11.1,76.5,15,91.5,60+ min,60+ min,No impact,False,8,10,8,20,46,Medium,3,Long commute commuters
EMP0371,Quickborn,suburban,53.729468,9.931249,4.68,Quickborn,Quickborn,AKN,A1,0.7,1801.0,497.0,497.0,Excellent,Walk to local stop + feeder bus,True,1.56,3.6,2,18.0,6.2,10.5,10,11.1,59.4,15,74.4,46-60 min,60+ min,Minor impact,False,18,25,8,10,61,Medium,2,Delay-sensitive commuters
EMP0372,Hamburg-Altona,urban,53.584767,9.945093,13.26,Kellinghusenstrasse,Hamburg-Eppendorf,U-Bahn,"U1, U3",0.9,2986.0,561.0,561.0,Good,Walk to local stop + feeder bus,True,2.91,6.7,1,11.0,7.0,27.1,5,11.1,67.9,15,82.9,60+ min,60+ min,No impact,False,8,18,14,20,60,Medium,2,Moderate-potential commuters
EMP0373,Hamburg-Eimsbuettel,urban,53.568151,9.915494,15.53,Altona,Hamburg-Altona,S-Bahn / Regional,"S1, S2, S3, RE",0.95,2210.0,753.0,753.0,Good,Walk to local stop + feeder bus,True,1.75,4.0,2,10.0,9.4,22.3,10,11.1,66.8,15,81.8,60+ min,60+ min,No impact,False,8,18,8,20,54,Medium,2,Moderate-potential commuters
EMP0374,Hamburg-Altona,urban,53.549009,9.890807,18.07,Altona,Hamburg-Altona,S-Bahn / Regional,"S1, S2, S3, RE",0.95,2938.0,179.0,179.0,Excellent,Walk to local stop + feeder bus,True,3.31,7.6,2,10.0,2.2,22.3,10,11.1,63.2,15,78.2,60+ min,60+ min,No impact,False,8,25,8,20,61,Medium,2,Moderate-potential commuters
EMP0375,Norderstedt,near_workplace,53.68311,10.001098,2.34,Garstedt,Norderstedt,U-Bahn,U1,0.85,468.0,468.0,468.0,Excellent,Walk directly to major station,False,0.0,0.0,0,6.0,5.8,5.6,0,11.1,28.5,15,43.5,0-30 min,31-45 min,Minor impact,False,35,25,20,10,90,Very High,0,High-potential PT users
EMP0376,Norderstedt,near_workplace,53.696722,9.973893,0.9,Richtweg,Norderstedt,U-Bahn,U1,0.85,1403.0,407.0,407.0,Excellent,Walk directly to major station,False,0.0,0.0,0,6.0,17.5,2.9,0,11.1,37.5,15,52.5,31-45 min,46-60 min,Minor impact,True,28,25,20,10,83,Very High,0,High-potential PT users
EMP0377,Elmshorn,outer_suburban,53.784953,9.608605,26.4,Elmshorn,Elmshorn,Regional,RE,0.7,4512.0,1979.0,1979.0,Poor,Walk to local stop + feeder bus,True,3.04,7.0,3,20.0,24.7,28.8,15,11.1,106.6,15,121.6,60+ min,60+ min,No impact,False,8,4,3,20,35,Low,1,Poor station access commuters
EMP0378,Hamburg-Wandsbek,urban,53.563236,10.130087,18.14,Wandsbek Markt,Hamburg-Wandsbek,U-Bahn / Bus,"U1, Bus",0.85,4278.0,759.0,759.0,Good,Walk to local stop + feeder bus,True,4.22,9.7,1,12.0,9.5,32.3,5,11.1,79.5,15,94.5,60+ min,60+ min,No impact,False,8,18,14,20,60,Medium,2,Long commute commuters
EMP0379,Hamburg-Eimsbuettel,urban,53.594064,9.997062,12.0,Kellinghusenstrasse,Hamburg-Eppendorf,U-Bahn,"U1, U3",0.9,820.0,413.0,413.0,Excellent,Walk directly to major station,False,0.0,0.0,0,5.0,10.2,27.1,0,11.1,53.4,15,68.4,46-60 min,60+ min,Minor impact,False,18,25,20,10,73,High,0,Delay-sensitive commuters
EMP0380,Quickborn,suburban,53.757357,9.868489,9.83,Quickborn,Quickborn,AKN,A1,0.7,3747.0,1047.0,1047.0,Acceptable,Walk to local stop + feeder bus,True,3.24,7.5,2,18.0,13.1,10.5,10,11.1,70.1,15,85.1,60+ min,60+ min,No impact,False,8,10,8,20,46,Medium,3,Moderate-potential commuters
EMP0381,Hamburg-Barmbek,urban,53.582599,10.063,14.22,Wandsbek Markt,Hamburg-Wandsbek,U-Bahn / Bus,"U1, Bus",0.85,1208.0,642.0,642.0,Good,Walk directly to major station,False,0.0,0.0,0,6.0,15.1,32.3,0,11.1,64.4,15,79.4,60+ min,60+ min,No impact,False,8,18,20,20,66,High,2,Moderate-potential commuters
EMP0382,Elmshorn,outer_suburban,53.757215,9.6752,21.27,Elmshorn,Elmshorn,Regional,RE,0.7,1503.0,1489.0,1489.0,Acceptable,Walk to local stop + feeder bus,True,0.02,0.0,3,20.0,18.6,28.8,15,11.1,93.5,15,108.5,60+ min,60+ min,No impact,False,8,10,3,20,41,Low,1,Long commute commuters
EMP0383,Ahrensburg,suburban,53.682886,10.252519,17.76,Ahrensburg,Ahrensburg,Regional,RE,0.75,1250.0,573.0,573.0,Good,Walk directly to major station,False,0.0,0.0,1,8.0,15.6,20.9,5,11.1,60.5,15,75.5,60+ min,60+ min,No impact,False,8,18,14,20,60,Medium,2,Moderate-potential commuters
EMP0384,Hamburg-Wandsbek,urban,53.595533,10.081981,13.44,Barmbek,Hamburg-Barmbek,U-Bahn / S-Bahn,"U3, S1",0.9,2680.0,610.0,610.0,Good,Walk to local stop + feeder bus,True,2.48,5.7,2,11.0,7.6,25.2,10,11.1,70.6,15,85.6,60+ min,60+ min,No impact,False,8,18,8,20,54,Medium,2,Moderate-potential commuters
EMP0385,Hamburg-Eimsbuettel,urban,53.593696,9.992232,12.02,Kellinghusenstrasse,Hamburg-Eppendorf,U-Bahn,"U1, U3",0.9,650.0,613.0,613.0,Good,Walk directly to major station,False,0.0,0.0,0,5.0,8.1,27.1,0,11.1,51.3,15,66.3,46-60 min,60+ min,Minor impact,False,18,18,20,10,66,High,0,Delay-sensitive commuters
EMP0386,Lueneburg,regional,53.212292,10.381998,60.45,Lueneburg,Lueneburg,Regional,RE,0.7,4506.0,1721.0,1721.0,Poor,Walk to local stop + feeder bus,True,3.34,7.7,3,22.0,21.5,73.1,15,11.1,150.4,15,165.4,60+ min,60+ min,No impact,False,8,4,3,20,35,Low,1,Poor station access commuters
EMP0387,Quickborn,suburban,53.705972,9.860071,8.21,Quickborn,Quickborn,AKN,A1,0.7,4012.0,992.0,992.0,Good,Walk to local stop + feeder bus,True,3.62,8.4,2,18.0,12.4,10.5,10,11.1,70.3,15,85.3,60+ min,60+ min,No impact,False,8,18,8,20,54,Medium,3,Moderate-potential commuters
EMP0388,Elmshorn,outer_suburban,53.733012,9.610923,24.83,Elmshorn,Elmshorn,Regional,RE,0.7,3620.0,1494.0,1494.0,Acceptable,Walk to local stop + feeder bus,True,2.55,5.9,3,20.0,18.7,28.8,15,11.1,99.4,15,114.4,60+ min,60+ min,No impact,False,8,10,3,20,41,Low,1,Long commute commuters
EMP0389,Norderstedt,near_workplace,53.70141,9.955389,1.92,Norderstedt Mitte,Norderstedt,U-Bahn / AKN,"U1, A2",0.95,2569.0,242.0,242.0,Excellent,Walk to local stop + feeder bus,True,2.79,6.4,1,9.0,3.0,0.0,5,11.1,34.5,15,49.5,31-45 min,46-60 min,Minor impact,True,28,25,14,10,77,High,0,Delay-sensitive commuters
EMP0390,Henstedt-Ulzburg,outer_suburban,53.773516,10.026932,8.46,Henstedt-Ulzburg,Henstedt-Ulzburg,AKN,"A1, A2",0.7,3475.0,1377.0,1377.0,Acceptable,Walk to local stop + feeder bus,True,2.52,5.8,2,20.0,17.2,15.0,10,11.1,79.1,15,94.1,60+ min,60+ min,No impact,False,8,10,8,20,46,Medium,3,Long commute commuters
EMP0391,Hamburg-Harburg,outer_urban,53.479431,10.042114,25.0,Harburg,Hamburg-Harburg,S-Bahn / Regional,"S3, S5, RE",0.9,4270.0,711.0,711.0,Good,Walk to local stop + feeder bus,True,4.27,9.9,3,13.0,8.9,35.2,15,11.1,93.0,15,108.0,60+ min,60+ min,No impact,False,8,18,3,20,49,Medium,3,Long commute commuters
EMP0392,Norderstedt,near_workplace,53.706051,10.018801,2.3,Norderstedt Mitte,Norderstedt,U-Bahn / AKN,"U1, A2",0.95,1725.0,365.0,365.0,Excellent,Walk to local stop + feeder bus,True,1.63,3.8,1,9.0,4.6,0.0,5,11.1,33.4,15,48.4,31-45 min,46-60 min,Minor impact,True,28,25,14,10,77,High,0,Delay-sensitive commuters
EMP0393,Hamburg-Barmbek,urban,53.589663,10.092734,14.35,Wandsbek Markt,Hamburg-Wandsbek,U-Bahn / Bus,"U1, Bus",0.85,2597.0,748.0,748.0,Good,Walk to local stop + feeder bus,True,2.22,5.1,1,12.0,9.4,32.3,5,11.1,74.8,15,89.8,60+ min,60+ min,No impact,False,8,18,14,20,60,Medium,2,Moderate-potential commuters
EMP0394,Pinneberg,suburban,53.642786,9.848621,11.1,Pinneberg,Pinneberg,S-Bahn / Regional,"S3, RE",0.8,3624.0,763.0,763.0,Good,Walk to local stop + feeder bus,True,3.43,7.9,2,16.0,9.5,17.8,10,11.1,72.4,15,87.4,60+ min,60+ min,No impact,False,8,18,8,20,54,Medium,3,Moderate-potential commuters
EMP0395,Norderstedt,near_workplace,53.713228,9.98168,1.3,Norderstedt Mitte,Norderstedt,U-Bahn / AKN,"U1, A2",0.95,935.0,372.0,372.0,Excellent,Walk directly to major station,False,0.0,0.0,0,4.0,11.7,0.0,0,11.1,26.7,15,41.7,0-30 min,31-45 min,Minor impact,False,35,25,20,10,90,Very High,0,High-potential PT users
EMP0396,Hamburg-Wandsbek,urban,53.585655,10.0414,13.44,Barmbek,Hamburg-Barmbek,U-Bahn / S-Bahn,"U3, S1",0.9,228.0,228.0,228.0,Excellent,Walk directly to major station,False,0.0,0.0,1,5.0,2.8,25.2,5,11.1,49.1,15,64.1,46-60 min,60+ min,Minor impact,False,18,25,14,10,67,High,0,Delay-sensitive commuters
EMP0397,Ahrensburg,suburban,53.682005,10.295559,20.59,Ahrensburg,Ahrensburg,Regional,RE,0.75,3806.0,1522.0,1522.0,Poor,Walk to local stop + feeder bus,True,2.74,6.3,2,17.0,19.0,20.9,10,11.1,84.3,15,99.3,60+ min,60+ min,No impact,False,8,4,8,20,40,Low,3,Poor station access commuters
EMP0398,Hamburg-Altona,urban,53.566513,9.917312,15.67,Altona,Hamburg-Altona,S-Bahn / Regional,"S1, S2, S3, RE",0.95,1992.0,988.0,988.0,Good,Walk to local stop + feeder bus,True,1.2,2.8,2,10.0,12.4,22.3,10,11.1,68.5,15,83.5,60+ min,60+ min,No impact,False,8,18,8,20,54,Medium,2,Moderate-potential commuters
EMP0399,Hamburg-Wandsbek,urban,53.561282,10.066178,16.51,Wandsbek Markt,Hamburg-Wandsbek,U-Bahn / Bus,"U1, Bus",0.85,1193.0,429.0,429.0,Excellent,Walk directly to major station,False,0.0,0.0,0,6.0,14.9,32.3,0,11.1,64.2,15,79.2,60+ min,60+ min,No impact,False,8,25,20,20,73,High,0,Moderate-potential commuters
EMP0400,Hamburg-Wandsbek,urban,53.549825,10.063284,17.67,Wandsbek Markt,Hamburg-Wandsbek,U-Bahn / Bus,"U1, Bus",0.85,2478.0,554.0,554.0,Good,Walk to local stop + feeder bus,True,2.31,5.3,1,12.0,6.9,32.3,5,11.1,72.6,15,87.6,60+ min,60+ min,No impact,False,8,18,14,20,60,Medium,2,Moderate-potential commuters
EMP0401,Hamburg-Altona,urban,53.528113,9.904392,20.01,Altona,Hamburg-Altona,S-Bahn / Regional,"S1, S2, S3, RE",0.95,3339.0,308.0,308.0,Excellent,Walk to local stop + feeder bus,True,3.64,8.4,2,10.0,3.8,22.3,10,11.1,65.6,15,80.6,60+ min,60+ min,No impact,False,8,25,8,20,61,Medium,2,Moderate-potential commuters
EMP0402,Kaltenkirchen,outer_suburban,53.861794,10.009707,17.88,Kaltenkirchen,Kaltenkirchen,AKN,A1,0.65,4171.0,1610.0,1610.0,Poor,Walk to local stop + feeder bus,True,3.07,7.1,2,21.0,20.1,23.8,10,11.1,93.1,15,108.1,60+ min,60+ min,No impact,False,8,4,8,20,40,Low,1,Poor station access commuters
EMP0403,Ahrensburg,suburban,53.659747,10.18966,14.29,Ahrensburg,Ahrensburg,Regional,RE,0.75,3666.0,971.0,971.0,Good,Walk to local stop + feeder bus,True,3.23,7.5,2,17.0,12.1,20.9,10,11.1,78.5,15,93.5,60+ min,60+ min,No impact,False,8,18,8,20,54,Medium,3,Long commute commuters
EMP0404,Norderstedt,near_workplace,53.728527,10.013264,3.53,Norderstedt Mitte,Norderstedt,U-Bahn / AKN,"U1, A2",0.95,2650.0,592.0,592.0,Good,Walk to local stop + feeder bus,True,2.47,5.7,1,9.0,7.4,0.0,5,11.1,38.2,15,53.2,31-45 min,46-60 min,Minor impact,True,28,18,14,10,70,High,0,Delay-sensitive commuters
EMP0405,Lueneburg,regional,53.235844,10.425991,59.47,Lueneburg,Lueneburg,Regional,RE,0.7,1570.0,1570.0,1570.0,Poor,Walk to local stop + feeder bus,True,0.0,0.0,3,22.0,19.6,73.1,15,11.1,140.8,15,155.8,60+ min,60+ min,No impact,False,8,4,3,20,35,Low,1,Poor station access commuters
EMP0406,Henstedt-Ulzburg,outer_suburban,53.796167,10.033874,10.99,Henstedt-Ulzburg,Henstedt-Ulzburg,AKN,"A1, A2",0.7,3476.0,602.0,602.0,Good,Walk to local stop + feeder bus,True,3.45,8.0,2,20.0,7.5,15.0,10,11.1,71.6,15,86.6,60+ min,60+ min,No impact,False,8,18,8,20,54,Medium,3,Moderate-potential commuters
EMP0407,Hamburg-Altona,urban,53.549218,9.905497,17.74,Altona,Hamburg-Altona,S-Bahn / Regional,"S1, S2, S3, RE",0.95,1973.0,859.0,859.0,Good,Walk to local stop + feeder bus,True,1.34,3.1,2,10.0,10.7,22.3,10,11.1,67.2,15,82.2,60+ min,60+ min,No impact,False,8,18,8,20,54,Medium,2,Moderate-potential commuters
EMP0408,Henstedt-Ulzburg,outer_suburban,53.806986,9.934591,12.16,Henstedt-Ulzburg,Henstedt-Ulzburg,AKN,"A1, A2",0.7,3642.0,1197.0,1197.0,Acceptable,Walk to local stop + feeder bus,True,2.93,6.8,2,20.0,15.0,15.0,10,11.1,77.8,15,92.8,60+ min,60+ min,No impact,False,8,10,8,20,46,Medium,3,Long commute commuters
EMP0409,Norderstedt,near_workplace,53.708621,9.953239,2.2,Norderstedt Mitte,Norderstedt,U-Bahn / AKN,"U1, A2",0.95,2605.0,442.0,442.0,Excellent,Walk to local stop + feeder bus,True,2.6,6.0,1,9.0,5.5,0.0,5,11.1,36.6,15,51.6,31-45 min,46-60 min,Minor impact,True,28,25,14,10,77,High,0,Delay-sensitive commuters
EMP0410,Lueneburg,regional,53.21154,10.4143,61.48,Lueneburg,Lueneburg,Regional,RE,0.7,4054.0,2439.0,2439.0,Poor,Walk to local stop + feeder bus,True,1.94,4.5,3,22.0,30.5,73.1,15,11.1,156.1,15,171.1,60+ min,60+ min,No impact,False,8,4,3,20,35,Low,1,Poor station access commuters
EMP0411,Pinneberg,suburban,53.684569,9.77802,13.73,Pinneberg,Pinneberg,S-Bahn / Regional,"S3, RE",0.8,3622.0,694.0,694.0,Good,Walk to local stop + feeder bus,True,3.51,8.1,2,16.0,8.7,17.8,10,11.1,71.7,15,86.7,60+ min,60+ min,No impact,False,8,18,8,20,54,Medium,3,Moderate-potential commuters
EMP0412,Pinneberg,suburban,53.628054,9.789494,15.24,Pinneberg,Pinneberg,S-Bahn / Regional,"S3, RE",0.8,2927.0,608.0,608.0,Good,Walk to local stop + feeder bus,True,2.78,6.4,2,16.0,7.6,17.8,10,11.1,68.9,15,83.9,60+ min,60+ min,No impact,False,8,18,8,20,54,Medium,2,Moderate-potential commuters
EMP0413,Norderstedt,near_workplace,53.706243,9.978731,0.64,Norderstedt Mitte,Norderstedt,U-Bahn / AKN,"U1, A2",0.95,946.0,444.0,444.0,Excellent,Walk directly to major station,False,0.0,0.0,0,4.0,11.8,0.0,0,11.1,26.9,15,41.9,0-30 min,31-45 min,Minor impact,False,35,25,20,10,90,Very High,0,High-potential PT users
EMP0414,Kaltenkirchen,outer_suburban,53.805892,9.956787,11.73,Henstedt-Ulzburg,Henstedt-Ulzburg,AKN,"A1, A2",0.7,2422.0,1175.0,1175.0,Acceptable,Walk to local stop + feeder bus,True,1.5,3.5,2,20.0,14.7,15.0,10,11.1,74.2,15,89.2,60+ min,60+ min,No impact,False,8,10,8,20,46,Medium,3,Moderate-potential commuters
EMP0415,Norderstedt,near_workplace,53.729312,9.974794,3.14,Norderstedt Mitte,Norderstedt,U-Bahn / AKN,"U1, A2",0.95,2649.0,433.0,433.0,Excellent,Walk to local stop + feeder bus,True,2.66,6.1,1,9.0,5.4,0.0,5,11.1,36.6,15,51.6,31-45 min,46-60 min,Minor impact,True,28,25,14,10,77,High,0,Delay-sensitive commuters
EMP0416,Hamburg-City,urban,53.51645,10.005465,20.64,Jungfernstieg,Hamburg-City,U-Bahn / S-Bahn,"U1, U2, U4, S1, S3",0.95,4025.0,652.0,652.0,Good,Walk to local stop + feeder bus,True,4.05,9.3,1,10.0,8.2,31.5,5,11.1,75.0,15,90.0,60+ min,60+ min,No impact,False,8,18,14,20,60,Medium,2,Moderate-potential commuters
EMP0417,Norderstedt,near_workplace,53.692407,10.002912,1.59,Richtweg,Norderstedt,U-Bahn,U1,0.85,595.0,595.0,595.0,Good,Walk directly to major station,False,0.0,0.0,0,6.0,7.4,2.9,0,11.1,27.4,15,42.4,0-30 min,31-45 min,Minor impact,False,35,18,20,10,83,Very High,0,High-potential PT users
EMP0418,Quickborn,suburban,53.731295,9.920388,5.36,Quickborn,Quickborn,AKN,A1,0.7,1079.0,423.0,423.0,Excellent,Walk directly to major station,False,0.0,0.0,1,9.0,13.5,10.5,5,11.1,49.0,15,64.0,46-60 min,60+ min,Minor impact,False,18,25,14,10,67,High,0,Delay-sensitive commuters
EMP0419,Hamburg-City,urban,53.574784,9.993842,14.13,Kellinghusenstrasse,Hamburg-Eppendorf,U-Bahn,"U1, U3",0.9,1491.0,818.0,818.0,Good,Walk directly to major station,False,0.0,0.0,0,5.0,18.6,27.1,0,11.1,61.8,15,76.8,60+ min,60+ min,No impact,False,8,18,20,20,66,High,2,Moderate-potential commuters
EMP0420,Kaltenkirchen,outer_suburban,53.841653,9.897101,16.59,Kaltenkirchen,Kaltenkirchen,AKN,A1,0.65,4289.0,1707.0,1707.0,Poor,Walk to local stop + feeder bus,True,3.1,7.2,2,21.0,21.3,23.8,10,11.1,94.3,15,109.3,60+ min,60+ min,No impact,False,8,4,8,20,40,Low,1,Poor station access commuters
EMP0421,Pinneberg,suburban,53.688985,9.809362,11.62,Pinneberg,Pinneberg,S-Bahn / Regional,"S3, RE",0.8,3974.0,1384.0,1384.0,Acceptable,Walk to local stop + feeder bus,True,3.11,7.2,2,16.0,17.3,17.8,10,11.1,79.4,15,94.4,60+ min,60+ min,No impact,False,8,10,8,20,46,Medium,3,Long commute commuters
EMP0422,Norderstedt,near_workplace,53.726779,10.043697,4.79,Norderstedt Mitte,Norderstedt,U-Bahn / AKN,"U1, A2",0.95,3947.0,504.0,504.0,Good,Walk to local stop + feeder bus,True,4.13,9.5,1,9.0,6.3,0.0,5,11.1,40.9,15,55.9,31-45 min,46-60 min,Minor impact,True,28,18,14,10,70,High,0,Delay-sensitive commuters
EMP0423,Norderstedt,near_workplace,53.721155,10.036842,4.06,Norderstedt Mitte,Norderstedt,U-Bahn / AKN,"U1, A2",0.95,3246.0,706.0,706.0,Good,Walk to local stop + feeder bus,True,3.05,7.0,1,9.0,8.8,0.0,5,11.1,40.9,15,55.9,31-45 min,46-60 min,Minor impact,True,28,18,14,10,70,High,0,Delay-sensitive commuters
EMP0424,Norderstedt,near_workplace,53.693696,10.038275,3.64,Richtweg,Norderstedt,U-Bahn,U1,0.85,2853.0,337.0,337.0,Excellent,Walk to local stop + feeder bus,True,3.02,7.0,1,11.0,4.2,2.9,5,11.1,41.2,15,56.2,31-45 min,46-60 min,Minor impact,True,28,25,14,10,77,High,0,Delay-sensitive commuters
EMP0425,Hamburg-Harburg,outer_urban,53.426556,10.017539,30.67,Harburg,Hamburg-Harburg,S-Bahn / Regional,"S3, S5, RE",0.9,3716.0,807.0,807.0,Good,Walk to local stop + feeder bus,True,3.49,8.1,3,13.0,10.1,35.2,15,11.1,92.4,15,107.4,60+ min,60+ min,No impact,False,8,18,3,20,49,Medium,3,Long commute commuters
EMP0426,Ahrensburg,suburban,53.679672,10.304656,21.22,Ahrensburg,Ahrensburg,Regional,RE,0.75,4355.0,1220.0,1220.0,Acceptable,Walk to local stop + feeder bus,True,3.76,8.7,2,17.0,15.3,20.9,10,11.1,82.8,15,97.8,60+ min,60+ min,No impact,False,8,10,8,20,46,Medium,3,Long commute commuters
EMP0427,Hamburg-City,urban,53.519765,9.993631,20.24,Jungfernstieg,Hamburg-City,U-Bahn / S-Bahn,"U1, U2, U4, S1, S3",0.95,3584.0,591.0,591.0,Good,Walk to local stop + feeder bus,True,3.59,8.3,1,10.0,7.4,31.5,5,11.1,73.2,15,88.2,60+ min,60+ min,No impact,False,8,18,14,20,60,Medium,2,Moderate-potential commuters
EMP0428,Henstedt-Ulzburg,outer_suburban,53.8174,9.92227,13.5,Kaltenkirchen,Kaltenkirchen,AKN,A1,0.65,3398.0,1167.0,1167.0,Acceptable,Walk to local stop + feeder bus,True,2.68,6.2,2,21.0,14.6,23.8,10,11.1,86.6,15,101.6,60+ min,60+ min,No impact,False,8,10,8,20,46,Medium,3,Long commute commuters
EMP0429,Norderstedt,near_workplace,53.710146,10.027173,2.96,Norderstedt Mitte,Norderstedt,U-Bahn / AKN,"U1, A2",0.95,2275.0,440.0,440.0,Excellent,Walk to local stop + feeder bus,True,2.2,5.1,1,9.0,5.5,0.0,5,11.1,35.6,15,50.6,31-45 min,46-60 min,Minor impact,True,28,25,14,10,77,High,0,Delay-sensitive commuters
EMP0430,Ahrensburg,suburban,53.674943,10.275089,19.36,Ahrensburg,Ahrensburg,Regional,RE,0.75,2377.0,982.0,982.0,Good,Walk to local stop + feeder bus,True,1.67,3.9,2,17.0,12.3,20.9,10,11.1,75.0,15,90.0,60+ min,60+ min,No impact,False,8,18,8,20,54,Medium,3,Moderate-potential commuters
EMP0431,Elmshorn,outer_suburban,53.714992,9.615398,24.34,Elmshorn,Elmshorn,Regional,RE,0.7,4993.0,1526.0,1526.0,Poor,Walk to local stop + feeder bus,True,4.16,9.6,3,20.0,19.1,28.8,15,11.1,103.5,15,118.5,60+ min,60+ min,No impact,False,8,4,3,20,35,Low,1,Poor station access commuters
EMP0432,Quickborn,suburban,53.755106,9.899301,8.17,Quickborn,Quickborn,AKN,A1,0.7,2698.0,1224.0,1224.0,Acceptable,Walk to local stop + feeder bus,True,1.77,4.1,2,18.0,15.3,10.5,10,11.1,68.9,15,83.9,60+ min,60+ min,No impact,False,8,10,8,20,46,Medium,3,Moderate-potential commuters
EMP0433,Pinneberg,suburban,53.634859,9.750365,17.13,Pinneberg,Pinneberg,S-Bahn / Regional,"S3, RE",0.8,3739.0,522.0,522.0,Good,Walk to local stop + feeder bus,True,3.86,8.9,2,16.0,6.5,17.8,10,11.1,70.3,15,85.3,60+ min,60+ min,No impact,False,8,18,8,20,54,Medium,2,Moderate-potential commuters
EMP0434,Henstedt-Ulzburg,outer_suburban,53.809559,9.969918,12.03,Henstedt-Ulzburg,Henstedt-Ulzburg,AKN,"A1, A2",0.7,2315.0,622.0,622.0,Good,Walk to local stop + feeder bus,True,2.03,4.7,2,20.0,7.8,15.0,10,11.1,68.5,15,83.5,60+ min,60+ min,No impact,False,8,18,8,20,54,Medium,3,Moderate-potential commuters
EMP0435,Norderstedt,near_workplace,53.674641,9.98509,3.01,Ochsenzoll,Hamburg-Langenhorn,U-Bahn,U1,0.8,1080.0,663.0,663.0,Good,Walk directly to major station,False,0.0,0.0,0,7.0,13.5,7.1,0,11.1,38.6,15,53.6,31-45 min,46-60 min,Minor impact,True,28,18,20,10,76,High,0,Delay-sensitive commuters
EMP0436,Hamburg-City,urban,53.543259,10.031699,17.89,Hamburg Hbf,Hamburg-City,U-Bahn / S-Bahn / Regional,"U1, U2, U3, U4, S-Bahn, RE",1.0,1957.0,560.0,560.0,Good,Walk to local stop + feeder bus,True,1.68,3.9,1,9.0,7.0,21.7,5,11.1,57.6,15,72.6,46-60 min,60+ min,Minor impact,False,18,18,14,10,60,Medium,2,Delay-sensitive commuters
EMP0437,Norderstedt,near_workplace,53.74262,9.989548,4.56,Norderstedt Mitte,Norderstedt,U-Bahn / AKN,"U1, A2",0.95,3856.0,378.0,378.0,Excellent,Walk to local stop + feeder bus,True,4.17,9.6,1,9.0,4.7,0.0,5,11.1,39.4,15,54.4,31-45 min,46-60 min,Minor impact,True,28,25,14,10,77,High,0,Delay-sensitive commuters
EMP0438,Hamburg-Wandsbek,urban,53.616747,10.045581,10.27,Ohlsdorf,Hamburg-Ohlsdorf,U-Bahn / S-Bahn,"U1, S1",0.95,1072.0,733.0,733.0,Good,Walk directly to major station,False,0.0,0.0,0,4.0,13.4,18.2,0,11.1,46.6,15,61.6,46-60 min,60+ min,Minor impact,False,18,18,20,10,66,High,0,Delay-sensitive commuters
EMP0439,Quickborn,suburban,53.726552,9.936254,4.21,Quickborn,Quickborn,AKN,A1,0.7,2179.0,1313.0,1313.0,Acceptable,Walk to local stop + feeder bus,True,1.04,2.4,2,18.0,16.4,10.5,10,11.1,68.3,15,83.3,60+ min,60+ min,No impact,False,8,10,8,20,46,Medium,3,Moderate-potential commuters
EMP0440,Hamburg-Harburg,outer_urban,53.427746,9.966415,30.49,Harburg,Hamburg-Harburg,S-Bahn / Regional,"S3, S5, RE",0.9,3539.0,948.0,948.0,Good,Walk to local stop + feeder bus,True,3.11,7.2,3,13.0,11.8,35.2,15,11.1,93.2,15,108.2,60+ min,60+ min,No impact,False,8,18,3,20,49,Medium,3,Long commute commuters
EMP0441,Henstedt-Ulzburg,outer_suburban,53.755079,9.981897,5.94,Henstedt-Ulzburg,Henstedt-Ulzburg,AKN,"A1, A2",0.7,3883.0,771.0,771.0,Good,Walk to local stop + feeder bus,True,3.73,8.6,2,20.0,9.6,15.0,10,11.1,74.3,15,89.3,60+ min,60+ min,No impact,False,8,18,8,20,54,Medium,3,Moderate-potential commuters
EMP0442,Norderstedt,near_workplace,53.680842,10.023703,3.47,Ochsenzoll,Hamburg-Langenhorn,U-Bahn,U1,0.8,1555.0,240.0,240.0,Excellent,Walk to local stop + feeder bus,True,1.58,3.6,1,12.0,3.0,7.1,5,11.1,41.8,15,56.8,31-45 min,46-60 min,Minor impact,True,28,25,14,10,77,High,0,Delay-sensitive commuters
EMP0443,Quickborn,suburban,53.718614,9.932311,3.92,Quickborn,Quickborn,AKN,A1,0.7,2316.0,983.0,983.0,Good,Walk to local stop + feeder bus,True,1.6,3.7,2,18.0,12.3,10.5,10,11.1,65.5,15,80.5,60+ min,60+ min,No impact,False,8,18,8,20,54,Medium,3,Moderate-potential commuters
EMP0444,Hamburg-City,urban,53.562013,10.012591,15.64,Hamburg Hbf,Hamburg-City,U-Bahn / S-Bahn / Regional,"U1, U2, U3, U4, S-Bahn, RE",1.0,1106.0,777.0,777.0,Good,Walk directly to major station,False,0.0,0.0,0,3.0,13.8,21.7,0,11.1,49.6,15,64.6,46-60 min,60+ min,Minor impact,False,18,18,20,10,66,High,0,Delay-sensitive commuters
EMP0445,Hamburg-Altona,urban,53.564214,9.902297,16.22,Altona,Hamburg-Altona,S-Bahn / Regional,"S1, S2, S3, RE",0.95,2552.0,599.0,599.0,Good,Walk to local stop + feeder bus,True,2.34,5.4,2,10.0,7.5,22.3,10,11.1,66.2,15,81.2,60+ min,60+ min,No impact,False,8,18,8,20,54,Medium,2,Moderate-potential commuters
EMP0446,Pinneberg,suburban,53.663897,9.858039,9.33,Pinneberg,Pinneberg,S-Bahn / Regional,"S3, RE",0.8,4170.0,406.0,406.0,Excellent,Walk to local stop + feeder bus,True,4.52,10.4,2,16.0,5.1,17.8,10,11.1,70.4,15,85.4,60+ min,60+ min,No impact,False,8,25,8,20,61,Medium,2,Moderate-potential commuters
EMP0447,Lueneburg,regional,53.240821,10.410357,58.48,Lueneburg,Lueneburg,Regional,RE,0.7,834.0,834.0,834.0,Good,Walk directly to major station,False,0.0,0.0,2,9.0,10.4,73.1,10,11.1,113.6,15,128.6,60+ min,60+ min,No impact,False,8,18,8,20,54,Medium,3,Long commute commuters
EMP0448,Hamburg-Harburg,outer_urban,53.452325,10.012103,27.79,Harburg,Hamburg-Harburg,S-Bahn / Regional,"S3, S5, RE",0.9,1456.0,663.0,663.0,Good,Walk directly to major station,False,0.0,0.0,2,5.0,18.2,35.2,10,11.1,79.4,15,94.4,60+ min,60+ min,No impact,False,8,18,8,20,54,Medium,2,Long commute commuters
EMP0449,Norderstedt,near_workplace,53.696463,9.968495,1.21,Richtweg,Norderstedt,U-Bahn,U1,0.85,1753.0,613.0,613.0,Good,Walk to local stop + feeder bus,True,1.37,3.2,1,11.0,7.7,2.9,5,11.1,40.8,15,55.8,31-45 min,46-60 min,Minor impact,True,28,18,14,10,70,High,0,Delay-sensitive commuters
EMP0450,Hamburg-Harburg,outer_urban,53.469691,9.990037,25.8,Harburg,Hamburg-Harburg,S-Bahn / Regional,"S3, S5, RE",0.9,1524.0,846.0,846.0,Good,Walk to local stop + feeder bus,True,0.81,1.9,3,13.0,10.6,35.2,15,11.1,86.7,15,101.7,60+ min,60+ min,No impact,False,8,18,3,20,49,Medium,3,Long commute commuters
EMP0451,Norderstedt,near_workplace,53.702374,9.990592,0.4,Norderstedt Mitte,Norderstedt,U-Bahn / AKN,"U1, A2",0.95,642.0,642.0,642.0,Good,Walk directly to major station,False,0.0,0.0,0,4.0,8.0,0.0,0,11.1,23.1,15,38.1,0-30 min,31-45 min,Minor impact,False,35,18,20,10,83,Very High,0,High-potential PT users
EMP0452,Kaltenkirchen,outer_suburban,53.847328,9.937521,16.49,Kaltenkirchen,Kaltenkirchen,AKN,A1,0.65,1974.0,1746.0,1746.0,Poor,Walk to local stop + feeder bus,True,0.27,0.6,2,21.0,21.8,23.8,10,11.1,88.3,15,103.3,60+ min,60+ min,No impact,False,8,4,8,20,40,Low,1,Poor station access commuters
EMP0453,Pinneberg,suburban,53.637803,9.770685,15.78,Pinneberg,Pinneberg,S-Bahn / Regional,"S3, RE",0.8,2500.0,1043.0,1043.0,Acceptable,Walk to local stop + feeder bus,True,1.75,4.0,2,16.0,13.0,17.8,10,11.1,72.0,15,87.0,60+ min,60+ min,No impact,False,8,10,8,20,46,Medium,3,Moderate-potential commuters
EMP0454,Hamburg-City,urban,53.54206,9.999411,17.78,Jungfernstieg,Hamburg-City,U-Bahn / S-Bahn,"U1, U2, U4, S1, S3",0.95,1162.0,904.0,904.0,Good,Walk directly to major station,False,0.0,0.0,0,4.0,14.5,31.5,0,11.1,61.1,15,76.1,60+ min,60+ min,No impact,False,8,18,20,20,66,High,2,Moderate-potential commuters
EMP0455,Norderstedt,near_workplace,53.718082,9.940599,3.42,Quickborn,Quickborn,AKN,A1,0.7,2804.0,466.0,466.0,Excellent,Walk to local stop + feeder bus,True,2.8,6.5,2,14.0,5.8,10.5,10,11.1,57.8,15,72.8,46-60 min,60+ min,Minor impact,False,18,25,8,10,61,Medium,2,Delay-sensitive commuters
EMP0456,Hamburg-City,urban,53.566293,9.995473,15.07,Dammtor,Hamburg-City,S-Bahn / Regional,"S-Bahn, RE",0.9,738.0,738.0,738.0,Good,Walk directly to major station,False,0.0,0.0,1,5.0,9.2,20.5,5,11.1,50.8,15,65.8,46-60 min,60+ min,Minor impact,False,18,18,14,10,60,Medium,2,Delay-sensitive commuters
EMP0457,Lueneburg,regional,53.274487,10.382317,54.3,Lueneburg,Lueneburg,Regional,RE,0.7,3621.0,2367.0,2367.0,Poor,Walk to local stop + feeder bus,True,1.51,3.5,3,22.0,29.6,73.1,15,11.1,154.2,15,169.2,60+ min,60+ min,No impact,False,8,4,3,20,35,Low,1,Poor station access commuters
EMP0458,Hamburg-Wandsbek,urban,53.595219,10.110949,14.48,Wandsbek Markt,Hamburg-Wandsbek,U-Bahn / Bus,"U1, Bus",0.85,3884.0,624.0,624.0,Good,Walk to local stop + feeder bus,True,3.91,9.0,1,12.0,7.8,32.3,5,11.1,77.1,15,92.1,60+ min,60+ min,No impact,False,8,18,14,20,60,Medium,2,Long commute commuters
EMP0459,Ahrensburg,suburban,53.656504,10.190807,14.48,Ahrensburg,Ahrensburg,Regional,RE,0.75,3783.0,1637.0,1637.0,Poor,Walk to local stop + feeder bus,True,2.58,5.9,2,17.0,20.5,20.9,10,11.1,85.3,15,100.3,60+ min,60+ min,No impact,False,8,4,8,20,40,Low,3,Poor station access commuters
EMP0460,Hamburg-Harburg,outer_urban,53.424329,9.9398,30.98,Harburg,Hamburg-Harburg,S-Bahn / Regional,"S3, S5, RE",0.9,4889.0,533.0,533.0,Good,Walk to local stop + feeder bus,True,5.23,12.1,3,13.0,6.7,35.2,15,11.1,92.9,15,107.9,60+ min,60+ min,No impact,False,8,18,3,20,49,Medium,3,Long commute commuters
EMP0461,Hamburg-Barmbek,urban,53.571734,10.045086,14.99,Wandsbek Markt,Hamburg-Wandsbek,U-Bahn / Bus,"U1, Bus",0.85,1447.0,545.0,545.0,Good,Walk directly to major station,False,0.0,0.0,0,6.0,18.1,32.3,0,11.1,67.4,15,82.4,60+ min,60+ min,No impact,False,8,18,20,20,66,High,2,Moderate-potential commuters
EMP0462,Norderstedt,near_workplace,53.685609,10.000205,2.06,Garstedt,Norderstedt,U-Bahn,U1,0.85,501.0,178.0,178.0,Excellent,Walk directly to major station,False,0.0,0.0,0,6.0,6.3,5.6,0,11.1,29.0,15,44.0,0-30 min,31-45 min,Minor impact,False,35,25,20,10,90,Very High,0,High-potential PT users
EMP0463,Elmshorn,outer_suburban,53.755546,9.669123,21.6,Elmshorn,Elmshorn,Regional,RE,0.7,1074.0,1074.0,1074.0,Acceptable,Walk directly to major station,False,0.0,0.0,2,9.0,13.4,28.8,10,11.1,72.2,15,87.2,60+ min,60+ min,No impact,False,8,10,8,20,46,Medium,3,Moderate-potential commuters
EMP0464,Hamburg-Altona,urban,53.531794,9.975966,18.9,Jungfernstieg,Hamburg-City,U-Bahn / S-Bahn,"U1, U2, U4, S1, S3",0.95,2543.0,488.0,488.0,Excellent,Walk to local stop + feeder bus,True,2.47,5.7,1,10.0,6.1,31.5,5,11.1,69.3,15,84.3,60+ min,60+ min,No impact,False,8,25,14,20,67,High,2,Moderate-potential commuters
EMP0465,Hamburg-Barmbek,urban,53.609756,10.048069,11.05,Ohlsdorf,Hamburg-Ohlsdorf,U-Bahn / S-Bahn,"U1, S1",0.95,1683.0,470.0,470.0,Excellent,Walk to local stop + feeder bus,True,1.46,3.4,1,10.0,5.9,18.2,5,11.1,53.4,15,68.4,46-60 min,60+ min,Minor impact,False,18,25,14,10,67,High,2,Delay-sensitive commuters
EMP0466,Pinneberg,suburban,53.639432,9.756971,16.52,Pinneberg,Pinneberg,S-Bahn / Regional,"S3, RE",0.8,3096.0,1285.0,1285.0,Acceptable,Walk to local stop + feeder bus,True,2.17,5.0,2,16.0,16.1,17.8,10,11.1,76.0,15,91.0,60+ min,60+ min,No impact,False,8,10,8,20,46,Medium,3,Long commute commuters
EMP0467,Pinneberg,suburban,53.665083,9.73827,16.73,Pinneberg,Pinneberg,S-Bahn / Regional,"S3, RE",0.8,4061.0,863.0,863.0,Good,Walk to local stop + feeder bus,True,3.84,8.9,2,16.0,10.8,17.8,10,11.1,74.5,15,89.5,60+ min,60+ min,No impact,False,8,18,8,20,54,Medium,3,Moderate-potential commuters
EMP0468,Elmshorn,outer_suburban,53.750558,9.629277,24.0,Elmshorn,Elmshorn,Regional,RE,0.7,1606.0,1280.0,1280.0,Acceptable,Walk to local stop + feeder bus,True,0.39,0.9,3,20.0,16.0,28.8,15,11.1,91.7,15,106.7,60+ min,60+ min,No impact,False,8,10,3,20,41,Low,3,Long commute commuters
EMP0469,Norderstedt,near_workplace,53.679352,10.002391,2.75,Ochsenzoll,Hamburg-Langenhorn,U-Bahn,U1,0.8,277.0,277.0,277.0,Excellent,Walk directly to major station,False,0.0,0.0,0,7.0,3.5,7.1,0,11.1,28.6,15,43.6,0-30 min,31-45 min,Minor impact,False,35,25,20,10,90,Very High,0,High-potential PT users
EMP0470,Hamburg-Wandsbek,urban,53.583559,10.098946,15.15,Wandsbek Markt,Hamburg-Wandsbek,U-Bahn / Bus,"U1, Bus",0.85,2470.0,410.0,410.0,Excellent,Walk to local stop + feeder bus,True,2.47,5.7,1,12.0,5.1,32.3,5,11.1,71.1,15,86.1,60+ min,60+ min,No impact,False,8,25,14,20,67,High,2,Moderate-potential commuters
EMP0471,Hamburg-Eimsbuettel,urban,53.577913,9.991824,13.77,Kellinghusenstrasse,Hamburg-Eppendorf,U-Bahn,"U1, U3",0.9,1128.0,531.0,531.0,Good,Walk directly to major station,False,0.0,0.0,0,5.0,14.1,27.1,0,11.1,57.2,15,72.2,46-60 min,60+ min,Minor impact,False,18,18,20,10,66,High,0,Delay-sensitive commuters
EMP0472,Hamburg-Wandsbek,urban,53.567069,10.099719,16.78,Wandsbek Markt,Hamburg-Wandsbek,U-Bahn / Bus,"U1, Bus",0.85,2229.0,689.0,689.0,Good,Walk to local stop + feeder bus,True,1.85,4.3,1,12.0,8.6,32.3,5,11.1,73.2,15,88.2,60+ min,60+ min,No impact,False,8,18,14,20,60,Medium,2,Moderate-potential commuters
EMP0473,Norderstedt,near_workplace,53.722627,9.942712,3.61,Quickborn,Quickborn,AKN,A1,0.7,2712.0,554.0,554.0,Good,Walk to local stop + feeder bus,True,2.59,6.0,2,14.0,6.9,10.5,10,11.1,58.4,15,73.4,46-60 min,60+ min,Minor impact,False,18,18,8,10,54,Medium,3,Delay-sensitive commuters
EMP0474,Norderstedt,near_workplace,53.717456,10.050976,4.71,Norderstedt Mitte,Norderstedt,U-Bahn / AKN,"U1, A2",0.95,3970.0,263.0,263.0,Excellent,Walk to local stop + feeder bus,True,4.45,10.3,1,9.0,3.3,0.0,5,11.1,38.6,15,53.6,31-45 min,46-60 min,Minor impact,True,28,25,14,10,77,High,0,Delay-sensitive commuters
EMP0475,Hamburg-Altona,urban,53.58444,9.941533,13.34,Kellinghusenstrasse,Hamburg-Eppendorf,U-Bahn,"U1, U3",0.9,3224.0,762.0,762.0,Good,Walk to local stop + feeder bus,True,2.95,6.8,1,11.0,9.5,27.1,5,11.1,70.5,15,85.5,60+ min,60+ min,No impact,False,8,18,14,20,60,Medium,2,Moderate-potential commuters
EMP0476,Hamburg-Altona,urban,53.553777,9.933019,16.8,Altona,Hamburg-Altona,S-Bahn / Regional,"S1, S2, S3, RE",0.95,237.0,237.0,237.0,Excellent,Walk directly to major station,False,0.0,0.0,1,4.0,3.0,22.3,5,11.1,45.3,15,60.3,46-60 min,60+ min,Minor impact,False,18,25,14,10,67,High,0,Delay-sensitive commuters
EMP0477,Hamburg-Wandsbek,urban,53.586925,10.008811,12.86,Kellinghusenstrasse,Hamburg-Eppendorf,U-Bahn,"U1, U3",0.9,1247.0,399.0,399.0,Excellent,Walk directly to major station,False,0.0,0.0,0,5.0,15.6,27.1,0,11.1,58.7,15,73.7,46-60 min,60+ min,Minor impact,False,18,25,20,10,73,High,0,Delay-sensitive commuters
EMP0478,Hamburg-Harburg,outer_urban,53.496847,9.941452,22.96,Harburg,Hamburg-Harburg,S-Bahn / Regional,"S3, S5, RE",0.9,5602.0,648.0,648.0,Good,Walk to local stop + feeder bus,True,5.94,13.7,3,13.0,8.1,35.2,15,11.1,96.0,15,111.0,60+ min,60+ min,No impact,False,8,18,3,20,49,Medium,3,Long commute commuters
EMP0479,Hamburg-Harburg,outer_urban,53.448031,9.976423,28.21,Harburg,Hamburg-Harburg,S-Bahn / Regional,"S3, S5, RE",0.9,1310.0,1004.0,1004.0,Acceptable,Walk directly to major station,False,0.0,0.0,2,5.0,16.4,35.2,10,11.1,77.6,15,92.6,60+ min,60+ min,No impact,False,8,10,8,20,46,Medium,3,Long commute commuters
EMP0480,Hamburg-Eimsbuettel,urban,53.588894,9.922809,13.19,Altona,Hamburg-Altona,S-Bahn / Regional,"S1, S2, S3, RE",0.95,4181.0,217.0,217.0,Excellent,Walk to local stop + feeder bus,True,4.76,11.0,2,10.0,2.7,22.3,10,11.1,67.0,15,82.0,60+ min,60+ min,No impact,False,8,25,8,20,61,Medium,2,Moderate-potential commuters
EMP0481,Hamburg-Eimsbuettel,urban,53.5591,9.933858,16.21,Altona,Hamburg-Altona,S-Bahn / Regional,"S1, S2, S3, RE",0.95,793.0,205.0,205.0,Excellent,Walk directly to major station,False,0.0,0.0,1,4.0,9.9,22.3,5,11.1,52.2,15,67.2,46-60 min,60+ min,Minor impact,False,18,25,14,10,67,High,0,Delay-sensitive commuters
EMP0482,Hamburg-City,urban,53.538392,9.983331,18.16,Jungfernstieg,Hamburg-City,U-Bahn / S-Bahn,"U1, U2, U4, S1, S3",0.95,1669.0,346.0,346.0,Excellent,Walk to local stop + feeder bus,True,1.59,3.7,1,10.0,4.3,31.5,5,11.1,65.5,15,80.5,60+ min,60+ min,No impact,False,8,25,14,20,67,High,2,Moderate-potential commuters
EMP0483,Hamburg-Barmbek,urban,53.588445,10.02948,12.94,Barmbek,Hamburg-Barmbek,U-Bahn / S-Bahn,"U3, S1",0.9,972.0,733.0,733.0,Good,Walk directly to major station,False,0.0,0.0,1,5.0,12.1,25.2,5,11.1,58.4,15,73.4,46-60 min,60+ min,Minor impact,False,18,18,14,10,60,Medium,2,Delay-sensitive commuters
EMP0484,Hamburg-Altona,urban,53.545793,9.879563,18.67,Altona,Hamburg-Altona,S-Bahn / Regional,"S1, S2, S3, RE",0.95,3727.0,509.0,509.0,Good,Walk to local stop + feeder bus,True,3.86,8.9,2,10.0,6.4,22.3,10,11.1,68.6,15,83.6,60+ min,60+ min,No impact,False,8,18,8,20,54,Medium,2,Moderate-potential commuters
EMP0485,Norderstedt,near_workplace,53.681653,10.002482,2.52,Ochsenzoll,Hamburg-Langenhorn,U-Bahn,U1,0.8,527.0,487.0,487.0,Excellent,Walk directly to major station,False,0.0,0.0,0,7.0,6.6,7.1,0,11.1,31.7,15,46.7,31-45 min,46-60 min,Minor impact,True,28,25,20,10,83,Very High,0,High-potential PT users
EMP0486,Hamburg-Eimsbuettel,urban,53.562571,10.004842,15.53,Dammtor,Hamburg-City,S-Bahn / Regional,"S-Bahn, RE",0.9,1052.0,851.0,851.0,Good,Walk directly to major station,False,0.0,0.0,1,5.0,13.1,20.5,5,11.1,54.7,15,69.7,46-60 min,60+ min,Minor impact,False,18,18,14,10,60,Medium,2,Delay-sensitive commuters
EMP0487,Hamburg-Wandsbek,urban,53.580404,10.037467,13.93,Barmbek,Hamburg-Barmbek,U-Bahn / S-Bahn,"U3, S1",0.9,851.0,365.0,365.0,Excellent,Walk directly to major station,False,0.0,0.0,1,5.0,10.6,25.2,5,11.1,56.9,15,71.9,46-60 min,60+ min,Minor impact,False,18,25,14,10,67,High,2,Delay-sensitive commuters
EMP0488,Hamburg-City,urban,53.558784,10.019009,16.05,Hamburg Hbf,Hamburg-City,U-Bahn / S-Bahn / Regional,"U1, U2, U3, U4, S-Bahn, RE",1.0,1058.0,659.0,659.0,Good,Walk directly to major station,False,0.0,0.0,0,3.0,13.2,21.7,0,11.1,49.0,15,64.0,46-60 min,60+ min,Minor impact,False,18,18,20,10,66,High,0,Delay-sensitive commuters
EMP0489,Hamburg-Barmbek,urban,53.55917,10.055591,16.53,Wandsbek Markt,Hamburg-Wandsbek,U-Bahn / Bus,"U1, Bus",0.85,1613.0,807.0,807.0,Good,Walk to local stop + feeder bus,True,0.97,2.2,1,12.0,10.1,32.3,5,11.1,72.6,15,87.6,60+ min,60+ min,No impact,False,8,18,14,20,60,Medium,2,Moderate-potential commuters
EMP0490,Hamburg-Barmbek,urban,53.587545,10.019477,12.9,Barmbek,Hamburg-Barmbek,U-Bahn / S-Bahn,"U3, S1",0.9,1620.0,401.0,401.0,Excellent,Walk to local stop + feeder bus,True,1.46,3.4,2,11.0,5.0,25.2,10,11.1,65.6,15,80.6,60+ min,60+ min,No impact,False,8,25,8,20,61,Medium,2,Moderate-potential commuters
EMP0491,Pinneberg,suburban,53.674839,9.766509,14.67,Pinneberg,Pinneberg,S-Bahn / Regional,"S3, RE",0.8,3067.0,1002.0,1002.0,Acceptable,Walk to local stop + feeder bus,True,2.48,5.7,2,16.0,12.5,17.8,10,11.1,73.1,15,88.1,60+ min,60+ min,No impact,False,8,10,8,20,46,Medium,3,Moderate-potential commuters
EMP0492,Pinneberg,suburban,53.670889,9.772005,14.41,Pinneberg,Pinneberg,S-Bahn / Regional,"S3, RE",0.8,2498.0,941.0,941.0,Good,Walk to local stop + feeder bus,True,1.87,4.3,2,16.0,11.8,17.8,10,11.1,71.0,15,86.0,60+ min,60+ min,No impact,False,8,18,8,20,54,Medium,3,Moderate-potential commuters
EMP0493,Pinneberg,suburban,53.630328,9.754324,17.12,Pinneberg,Pinneberg,S-Bahn / Regional,"S3, RE",0.8,3853.0,1565.0,1565.0,Poor,Walk to local stop + feeder bus,True,2.75,6.3,2,16.0,19.6,17.8,10,11.1,80.8,15,95.8,60+ min,60+ min,No impact,False,8,4,8,20,40,Low,3,Poor station access commuters
EMP0494,Hamburg-Altona,urban,53.548513,9.985428,17.03,Jungfernstieg,Hamburg-City,U-Bahn / S-Bahn,"U1, U2, U4, S1, S3",0.95,686.0,429.0,429.0,Excellent,Walk directly to major station,False,0.0,0.0,0,4.0,8.6,31.5,0,11.1,55.1,15,70.1,46-60 min,60+ min,Minor impact,False,18,25,20,10,73,High,0,Delay-sensitive commuters
EMP0495,Ahrensburg,suburban,53.690683,10.237885,16.72,Ahrensburg,Ahrensburg,Regional,RE,0.75,1745.0,848.0,848.0,Good,Walk to local stop + feeder bus,True,1.08,2.5,2,17.0,10.6,20.9,10,11.1,72.0,15,87.0,60+ min,60+ min,No impact,False,8,18,8,20,54,Medium,3,Moderate-potential commuters
EMP0496,Hamburg-Barmbek,urban,53.610998,10.067001,11.45,Ohlsdorf,Hamburg-Ohlsdorf,U-Bahn / S-Bahn,"U1, S1",0.95,2622.0,602.0,602.0,Good,Walk to local stop + feeder bus,True,2.42,5.6,1,10.0,7.5,18.2,5,11.1,57.3,15,72.3,46-60 min,60+ min,Minor impact,False,18,18,14,10,60,Medium,2,Delay-sensitive commuters
EMP0497,Hamburg-Wandsbek,urban,53.576874,10.100418,15.84,Wandsbek Markt,Hamburg-Wandsbek,U-Bahn / Bus,"U1, Bus",0.85,2272.0,233.0,233.0,Excellent,Walk to local stop + feeder bus,True,2.45,5.6,1,12.0,2.9,32.3,5,11.1,68.9,15,83.9,60+ min,60+ min,No impact,False,8,25,14,20,67,High,2,Moderate-potential commuters
EMP0498,Hamburg-Harburg,outer_urban,53.421362,9.993151,31.18,Harburg,Hamburg-Harburg,S-Bahn / Regional,"S3, S5, RE",0.9,3854.0,636.0,636.0,Good,Walk to local stop + feeder bus,True,3.86,8.9,3,13.0,8.0,35.2,15,11.1,91.1,15,106.1,60+ min,60+ min,No impact,False,8,18,3,20,49,Medium,3,Long commute commuters
EMP0499,Hamburg-Eimsbuettel,urban,53.570405,9.986492,14.6,Dammtor,Hamburg-City,S-Bahn / Regional,"S-Bahn, RE",0.9,1083.0,727.0,727.0,Good,Walk directly to major station,False,0.0,0.0,1,5.0,13.5,20.5,5,11.1,55.1,15,70.1,46-60 min,60+ min,Minor impact,False,18,18,14,10,60,Medium,2,Delay-sensitive commuters
EMP0500,Hamburg-Wandsbek,urban,53.601677,10.038178,11.67,Barmbek,Hamburg-Barmbek,U-Bahn / S-Bahn,"U3, S1",0.9,1677.0,997.0,997.0,Good,Walk to local stop + feeder bus,True,0.82,1.9,2,11.0,12.5,25.2,10,11.1,71.6,15,86.6,60+ min,60+ min,No impact,False,8,18,8,20,54,Medium,2,Moderate-potential commuters
EMP0501,Quickborn,suburban,53.742248,9.868018,8.9,Quickborn,Quickborn,AKN,A1,0.7,2677.0,926.0,926.0,Good,Walk to local stop + feeder bus,True,2.1,4.8,2,18.0,11.6,10.5,10,11.1,66.0,15,81.0,60+ min,60+ min,No impact,False,8,18,8,20,54,Medium,3,Moderate-potential commuters
EMP0502,Kaltenkirchen,outer_suburban,53.871764,9.944068,19.1,Kaltenkirchen,Kaltenkirchen,AKN,A1,0.65,4041.0,1043.0,1043.0,Acceptable,Walk to local stop + feeder bus,True,3.6,8.3,2,21.0,13.0,23.8,10,11.1,87.2,15,102.2,60+ min,60+ min,No impact,False,8,10,8,20,46,Medium,3,Long commute commuters
EMP0503,Elmshorn,outer_suburban,53.785629,9.700702,20.87,Elmshorn,Elmshorn,Regional,RE,0.7,4711.0,905.0,905.0,Good,Walk to local stop + feeder bus,True,4.57,10.5,3,20.0,11.3,28.8,15,11.1,96.7,15,111.7,60+ min,60+ min,No impact,False,8,18,3,20,49,Medium,3,Long commute commuters
EMP0504,Hamburg-Wandsbek,urban,53.566386,10.085225,16.44,Wandsbek Markt,Hamburg-Wandsbek,U-Bahn / Bus,"U1, Bus",0.85,1356.0,749.0,749.0,Good,Walk directly to major station,False,0.0,0.0,0,6.0,16.9,32.3,0,11.1,66.3,15,81.3,60+ min,60+ min,No impact,False,8,18,20,20,66,High,2,Moderate-potential commuters
EMP0505,Hamburg-Barmbek,urban,53.604008,10.080067,12.55,Barmbek,Hamburg-Barmbek,U-Bahn / S-Bahn,"U3, S1",0.9,3040.0,265.0,265.0,Excellent,Walk to local stop + feeder bus,True,3.33,7.7,2,11.0,3.3,25.2,10,11.1,68.2,15,83.2,60+ min,60+ min,No impact,False,8,25,8,20,61,Medium,2,Moderate-potential commuters
EMP0506,Ahrensburg,suburban,53.695749,10.250745,17.53,Ahrensburg,Ahrensburg,Regional,RE,0.75,2433.0,712.0,712.0,Good,Walk to local stop + feeder bus,True,2.07,4.8,2,17.0,8.9,20.9,10,11.1,72.6,15,87.6,60+ min,60+ min,No impact,False,8,18,8,20,54,Medium,3,Moderate-potential commuters
EMP0507,Hamburg-Altona,urban,53.56528,9.966004,15.22,Dammtor,Hamburg-City,S-Bahn / Regional,"S-Bahn, RE",0.9,1611.0,317.0,317.0,Excellent,Walk to local stop + feeder bus,True,1.55,3.6,2,11.0,4.0,20.5,10,11.1,60.1,15,75.1,60+ min,60+ min,No impact,False,8,25,8,20,61,Medium,2,Moderate-potential commuters
EMP0508,Henstedt-Ulzburg,outer_suburban,53.763058,10.012233,7.06,Henstedt-Ulzburg,Henstedt-Ulzburg,AKN,"A1, A2",0.7,3595.0,1037.0,1037.0,Acceptable,Walk to local stop + feeder bus,True,3.07,7.1,2,20.0,13.0,15.0,10,11.1,76.1,15,91.1,60+ min,60+ min,No impact,False,8,10,8,20,46,Medium,3,Long commute commuters
EMP0509,Hamburg-Wandsbek,urban,53.581807,10.096648,15.24,Wandsbek Markt,Hamburg-Wandsbek,U-Bahn / Bus,"U1, Bus",0.85,2241.0,962.0,962.0,Good,Walk to local stop + feeder bus,True,1.53,3.5,1,12.0,12.0,32.3,5,11.1,75.9,15,90.9,60+ min,60+ min,No impact,False,8,18,14,20,60,Medium,2,Long commute commuters
EMP0510,Norderstedt,near_workplace,53.690419,9.970495,1.56,Richtweg,Norderstedt,U-Bahn,U1,0.85,1692.0,297.0,297.0,Excellent,Walk to local stop + feeder bus,True,1.67,3.9,1,11.0,3.7,2.9,5,11.1,37.6,15,52.6,31-45 min,46-60 min,Minor impact,True,28,25,14,10,77,High,0,Delay-sensitive commuters
EMP0511,Norderstedt,near_workplace,53.700098,9.978665,0.43,Richtweg,Norderstedt,U-Bahn,U1,0.85,1216.0,581.0,581.0,Good,Walk directly to major station,False,0.0,0.0,0,6.0,15.2,2.9,0,11.1,35.2,15,50.2,31-45 min,46-60 min,Minor impact,True,28,18,20,10,76,High,0,Delay-sensitive commuters
EMP0512,Henstedt-Ulzburg,outer_suburban,53.813362,9.987285,12.42,Henstedt-Ulzburg,Henstedt-Ulzburg,AKN,"A1, A2",0.7,2621.0,2064.0,2064.0,Poor,Walk to local stop + feeder bus,True,0.67,1.5,2,20.0,25.8,15.0,10,11.1,83.4,15,98.4,60+ min,60+ min,No impact,False,8,4,8,20,40,Low,1,Poor station access commuters
EMP0513,Norderstedt,near_workplace,53.685216,10.005305,2.28,Garstedt,Norderstedt,U-Bahn,U1,0.85,784.0,356.0,356.0,Excellent,Walk directly to major station,False,0.0,0.0,0,6.0,9.8,5.6,0,11.1,32.5,15,47.5,31-45 min,46-60 min,Minor impact,True,28,25,20,10,83,Very High,0,High-potential PT users
EMP0514,Hamburg-Altona,urban,53.558193,9.900361,16.9,Altona,Hamburg-Altona,S-Bahn / Regional,"S1, S2, S3, RE",0.95,2389.0,726.0,726.0,Good,Walk to local stop + feeder bus,True,2.0,4.6,2,10.0,9.1,22.3,10,11.1,67.0,15,82.0,60+ min,60+ min,No impact,False,8,18,8,20,54,Medium,2,Moderate-potential commuters
EMP0515,Hamburg-Altona,urban,53.522744,9.926117,20.27,Altona,Hamburg-Altona,S-Bahn / Regional,"S1, S2, S3, RE",0.95,3306.0,792.0,792.0,Good,Walk to local stop + feeder bus,True,3.02,7.0,2,10.0,9.9,22.3,10,11.1,70.2,15,85.2,60+ min,60+ min,No impact,False,8,18,8,20,54,Medium,2,Moderate-potential commuters
EMP0516,Hamburg-City,urban,53.576721,9.999653,13.93,Kellinghusenstrasse,Hamburg-Eppendorf,U-Bahn,"U1, U3",0.9,1407.0,674.0,674.0,Good,Walk directly to major station,False,0.0,0.0,0,5.0,17.6,27.1,0,11.1,60.7,15,75.7,60+ min,60+ min,No impact,False,8,18,20,20,66,High,2,Moderate-potential commuters
EMP0517,Hamburg-Altona,urban,53.536874,9.967584,18.36,Jungfernstieg,Hamburg-City,U-Bahn / S-Bahn,"U1, U2, U4, S1, S3",0.95,2424.0,799.0,799.0,Good,Walk to local stop + feeder bus,True,1.95,4.5,1,10.0,10.0,31.5,5,11.1,72.0,15,87.0,60+ min,60+ min,No impact,False,8,18,14,20,60,Medium,2,Moderate-potential commuters
EMP0518,Quickborn,suburban,53.754761,9.933756,6.78,Quickborn,Quickborn,AKN,A1,0.7,3288.0,933.0,933.0,Good,Walk to local stop + feeder bus,True,2.83,6.5,2,18.0,11.7,10.5,10,11.1,67.7,15,82.7,60+ min,60+ min,No impact,False,8,18,8,20,54,Medium,3,Moderate-potential commuters
EMP0519,Norderstedt,near_workplace,53.712029,9.991784,1.24,Norderstedt Mitte,Norderstedt,U-Bahn / AKN,"U1, A2",0.95,453.0,453.0,453.0,Excellent,Walk directly to major station,False,0.0,0.0,0,4.0,5.7,0.0,0,11.1,20.7,15,35.7,0-30 min,31-45 min,Minor impact,False,35,25,20,10,90,Very High,0,High-potential PT users
EMP0520,Ahrensburg,suburban,53.646516,10.204426,15.73,Ahrensburg,Ahrensburg,Regional,RE,0.75,3901.0,1071.0,1071.0,Acceptable,Walk to local stop + feeder bus,True,3.4,7.8,2,17.0,13.4,20.9,10,11.1,80.1,15,95.1,60+ min,60+ min,No impact,False,8,10,8,20,46,Medium,3,Long commute commuters
EMP0521,Henstedt-Ulzburg,outer_suburban,53.782327,10.050058,9.95,Henstedt-Ulzburg,Henstedt-Ulzburg,AKN,"A1, A2",0.7,4552.0,879.0,879.0,Good,Walk to local stop + feeder bus,True,4.41,10.2,2,20.0,11.0,15.0,10,11.1,77.2,15,92.2,60+ min,60+ min,No impact,False,8,18,8,20,54,Medium,3,Long commute commuters
EMP0522,Hamburg-Eimsbuettel,urban,53.553924,9.918671,17.0,Altona,Hamburg-Altona,S-Bahn / Regional,"S1, S2, S3, RE",0.95,1100.0,680.0,680.0,Good,Walk directly to major station,False,0.0,0.0,1,4.0,13.7,22.3,5,11.1,56.1,15,71.1,46-60 min,60+ min,Minor impact,False,18,18,14,10,60,Medium,2,Delay-sensitive commuters
EMP0523,Norderstedt,near_workplace,53.714363,9.993508,1.53,Norderstedt Mitte,Norderstedt,U-Bahn / AKN,"U1, A2",0.95,709.0,470.0,470.0,Excellent,Walk directly to major station,False,0.0,0.0,0,4.0,8.9,0.0,0,11.1,23.9,15,38.9,0-30 min,31-45 min,Minor impact,False,35,25,20,10,90,Very High,0,High-potential PT users
EMP0524,Hamburg-Harburg,outer_urban,53.428659,10.001975,30.38,Harburg,Hamburg-Harburg,S-Bahn / Regional,"S3, S5, RE",0.9,3126.0,1257.0,1257.0,Acceptable,Walk to local stop + feeder bus,True,2.24,5.2,3,13.0,15.7,35.2,15,11.1,95.1,15,110.1,60+ min,60+ min,No impact,False,8,10,3,20,41,Low,3,Long commute commuters
EMP0525,Norderstedt,near_workplace,53.719627,10.023131,3.23,Norderstedt Mitte,Norderstedt,U-Bahn / AKN,"U1, A2",0.95,2378.0,551.0,551.0,Good,Walk to local stop + feeder bus,True,2.19,5.1,1,9.0,6.9,0.0,5,11.1,37.0,15,52.0,31-45 min,46-60 min,Minor impact,True,28,18,14,10,70,High,0,Delay-sensitive commuters
EMP0526,Hamburg-Eimsbuettel,urban,53.578405,9.955975,13.84,Kellinghusenstrasse,Hamburg-Eppendorf,U-Bahn,"U1, U3",0.9,2487.0,739.0,739.0,Good,Walk to local stop + feeder bus,True,2.1,4.8,1,11.0,9.2,27.1,5,11.1,68.2,15,83.2,60+ min,60+ min,No impact,False,8,18,14,20,60,Medium,2,Moderate-potential commuters
EMP0527,Elmshorn,outer_suburban,53.714478,9.673561,20.52,Elmshorn,Elmshorn,Regional,RE,0.7,4598.0,1574.0,1574.0,Poor,Walk to local stop + feeder bus,True,3.63,8.4,3,20.0,19.7,28.8,15,11.1,102.9,15,117.9,60+ min,60+ min,No impact,False,8,4,3,20,35,Low,1,Poor station access commuters
EMP0528,Lueneburg,regional,53.233027,10.460623,60.9,Lueneburg,Lueneburg,Regional,RE,0.7,3521.0,1852.0,1852.0,Poor,Walk to local stop + feeder bus,True,2.0,4.6,3,22.0,23.1,73.1,15,11.1,148.9,15,163.9,60+ min,60+ min,No impact,False,8,4,3,20,35,Low,1,Poor station access commuters
EMP0529,Quickborn,suburban,53.753597,9.896228,8.19,Quickborn,Quickborn,AKN,A1,0.7,2564.0,1117.0,1117.0,Acceptable,Walk to local stop + feeder bus,True,1.74,4.0,2,18.0,14.0,10.5,10,11.1,67.5,15,82.5,60+ min,60+ min,No impact,False,8,10,8,20,46,Medium,3,Moderate-potential commuters
EMP0530,Hamburg-Altona,urban,53.555575,9.94511,16.46,Altona,Hamburg-Altona,S-Bahn / Regional,"S1, S2, S3, RE",0.95,777.0,646.0,646.0,Good,Walk directly to major station,False,0.0,0.0,1,4.0,9.7,22.3,5,11.1,52.1,15,67.1,46-60 min,60+ min,Minor impact,False,18,18,14,10,60,Medium,2,Delay-sensitive commuters
EMP0531,Pinneberg,suburban,53.678684,9.787139,13.25,Pinneberg,Pinneberg,S-Bahn / Regional,"S3, RE",0.8,2821.0,669.0,669.0,Good,Walk to local stop + feeder bus,True,2.58,6.0,2,16.0,8.4,17.8,10,11.1,69.2,15,84.2,60+ min,60+ min,No impact,False,8,18,8,20,54,Medium,3,Moderate-potential commuters
EMP0532,Pinneberg,suburban,53.646794,9.798474,13.7,Pinneberg,Pinneberg,S-Bahn / Regional,"S3, RE",0.8,807.0,807.0,807.0,Good,Walk directly to major station,False,0.0,0.0,1,7.0,10.1,17.8,5,11.1,51.0,15,66.0,46-60 min,60+ min,Minor impact,False,18,18,14,10,60,Medium,2,Delay-sensitive commuters
EMP0533,Hamburg-Eimsbuettel,urban,53.547422,9.980135,17.16,Jungfernstieg,Hamburg-City,U-Bahn / S-Bahn,"U1, U2, U4, S1, S3",0.95,1048.0,331.0,331.0,Excellent,Walk directly to major station,False,0.0,0.0,0,4.0,13.1,31.5,0,11.1,59.7,15,74.7,46-60 min,60+ min,Minor impact,False,18,25,20,10,73,High,0,Delay-sensitive commuters
EMP0534,Pinneberg,suburban,53.619053,9.797978,15.35,Pinneberg,Pinneberg,S-Bahn / Regional,"S3, RE",0.8,3886.0,1240.0,1240.0,Acceptable,Walk to local stop + feeder bus,True,3.18,7.3,2,16.0,15.5,17.8,10,11.1,77.7,15,92.7,60+ min,60+ min,No impact,False,8,10,8,20,46,Medium,3,Long commute commuters
EMP0535,Norderstedt,near_workplace,53.70558,10.038178,3.55,Norderstedt Mitte,Norderstedt,U-Bahn / AKN,"U1, A2",0.95,2999.0,551.0,551.0,Good,Walk to local stop + feeder bus,True,2.94,6.8,1,9.0,6.9,0.0,5,11.1,38.7,15,53.7,31-45 min,46-60 min,Minor impact,True,28,18,14,10,70,High,0,Delay-sensitive commuters
EMP0536,Hamburg-City,urban,53.566424,9.962333,15.11,Dammtor,Hamburg-City,S-Bahn / Regional,"S-Bahn, RE",0.9,1881.0,522.0,522.0,Good,Walk to local stop + feeder bus,True,1.63,3.8,2,11.0,6.5,20.5,10,11.1,62.9,15,77.9,60+ min,60+ min,No impact,False,8,18,8,20,54,Medium,2,Moderate-potential commuters
EMP0537,Hamburg-Barmbek,urban,53.583627,10.092292,14.93,Wandsbek Markt,Hamburg-Wandsbek,U-Bahn / Bus,"U1, Bus",0.85,2112.0,459.0,459.0,Excellent,Walk to local stop + feeder bus,True,1.98,4.6,1,12.0,5.7,32.3,5,11.1,70.6,15,85.6,60+ min,60+ min,No impact,False,8,25,14,20,67,High,2,Moderate-potential commuters
EMP0538,Hamburg-City,urban,53.530884,10.02189,19.15,Hamburg Hbf,Hamburg-City,U-Bahn / S-Bahn / Regional,"U1, U2, U3, U4, S-Bahn, RE",1.0,2625.0,281.0,281.0,Excellent,Walk to local stop + feeder bus,True,2.81,6.5,1,9.0,3.5,21.7,5,11.1,56.7,15,71.7,46-60 min,60+ min,Minor impact,False,18,25,14,10,67,High,2,Delay-sensitive commuters
EMP0539,Hamburg-City,urban,53.566493,9.989851,15.04,Dammtor,Hamburg-City,S-Bahn / Regional,"S-Bahn, RE",0.9,634.0,622.0,622.0,Good,Walk directly to major station,False,0.0,0.0,1,5.0,7.9,20.5,5,11.1,49.5,15,64.5,46-60 min,60+ min,Minor impact,False,18,18,14,10,60,Medium,2,Delay-sensitive commuters
EMP0540,Henstedt-Ulzburg,outer_suburban,53.78848,9.996746,9.68,Henstedt-Ulzburg,Henstedt-Ulzburg,AKN,"A1, A2",0.7,983.0,942.0,942.0,Good,Walk directly to major station,False,0.0,0.0,1,9.0,12.3,15.0,5,11.1,52.4,15,67.4,46-60 min,60+ min,Minor impact,False,18,18,14,10,60,Medium,2,Delay-sensitive commuters
EMP0541,Lueneburg,regional,53.231324,10.435168,60.21,Lueneburg,Lueneburg,Regional,RE,0.7,2329.0,888.0,888.0,Good,Walk to local stop + feeder bus,True,1.73,4.0,3,22.0,11.1,73.1,15,11.1,136.2,15,151.2,60+ min,60+ min,No impact,False,8,18,3,20,49,Medium,1,Long commute commuters
EMP0542,Hamburg-Barmbek,urban,53.583286,10.023531,13.41,Barmbek,Hamburg-Barmbek,U-Bahn / S-Bahn,"U3, S1",0.9,1413.0,930.0,930.0,Good,Walk directly to major station,False,0.0,0.0,1,5.0,17.7,25.2,5,11.1,63.9,15,78.9,60+ min,60+ min,No impact,False,8,18,14,20,60,Medium,2,Moderate-potential commuters
EMP0543,Henstedt-Ulzburg,outer_suburban,53.780479,9.949146,9.06,Henstedt-Ulzburg,Henstedt-Ulzburg,AKN,"A1, A2",0.7,2404.0,997.0,997.0,Good,Walk to local stop + feeder bus,True,1.69,3.9,2,20.0,12.5,15.0,10,11.1,72.4,15,87.4,60+ min,60+ min,No impact,False,8,18,8,20,54,Medium,3,Moderate-potential commuters
EMP0544,Lueneburg,regional,53.230664,10.449096,60.73,Lueneburg,Lueneburg,Regional,RE,0.7,3028.0,1214.0,1214.0,Acceptable,Walk to local stop + feeder bus,True,2.18,5.0,3,22.0,15.2,73.1,15,11.1,141.3,15,156.3,60+ min,60+ min,No impact,False,8,10,3,20,41,Low,1,Long commute commuters
EMP0545,Norderstedt,near_workplace,53.701896,9.954322,1.99,Norderstedt Mitte,Norderstedt,U-Bahn / AKN,"U1, A2",0.95,2622.0,399.0,399.0,Excellent,Walk to local stop + feeder bus,True,2.67,6.2,1,9.0,5.0,0.0,5,11.1,36.2,15,51.2,31-45 min,46-60 min,Minor impact,True,28,25,14,10,77,High,0,Delay-sensitive commuters
EMP0546,Hamburg-Wandsbek,urban,53.556527,10.136919,19.01,Wandsbek Markt,Hamburg-Wandsbek,U-Bahn / Bus,"U1, Bus",0.85,4928.0,1072.0,1072.0,Acceptable,Walk to local stop + feeder bus,True,4.63,10.7,1,12.0,13.4,32.3,5,11.1,84.4,15,99.4,60+ min,60+ min,No impact,False,8,10,14,20,52,Medium,3,Long commute commuters
EMP0547,Hamburg-Eimsbuettel,urban,53.561284,9.945773,15.82,Altona,Hamburg-Altona,S-Bahn / Regional,"S1, S2, S3, RE",0.95,1254.0,672.0,672.0,Good,Walk directly to major station,False,0.0,0.0,1,4.0,15.7,22.3,5,11.1,58.0,15,73.0,46-60 min,60+ min,Minor impact,False,18,18,14,10,60,Medium,2,Delay-sensitive commuters
EMP0548,Norderstedt,near_workplace,53.724073,9.97407,2.58,Norderstedt Mitte,Norderstedt,U-Bahn / AKN,"U1, A2",0.95,2171.0,577.0,577.0,Good,Walk to local stop + feeder bus,True,1.91,4.4,1,9.0,7.2,0.0,5,11.1,36.7,15,51.7,31-45 min,46-60 min,Minor impact,True,28,18,14,10,70,High,0,Delay-sensitive commuters
EMP0549,Quickborn,suburban,53.753587,9.912387,7.47,Quickborn,Quickborn,AKN,A1,0.7,2571.0,802.0,802.0,Good,Walk to local stop + feeder bus,True,2.12,4.9,2,18.0,10.0,10.5,10,11.1,64.5,15,79.5,60+ min,60+ min,No impact,False,8,18,8,20,54,Medium,3,Moderate-potential commuters
EMP0550,Hamburg-Wandsbek,urban,53.598958,10.109325,14.07,Wandsbek Markt,Hamburg-Wandsbek,U-Bahn / Bus,"U1, Bus",0.85,4098.0,322.0,322.0,Excellent,Walk to local stop + feeder bus,True,4.53,10.5,1,12.0,4.0,32.3,5,11.1,74.8,15,89.8,60+ min,60+ min,No impact,False,8,25,14,20,67,High,2,Moderate-potential commuters
EMP0551,Hamburg-Wandsbek,urban,53.583004,10.055867,14.01,Barmbek,Hamburg-Barmbek,U-Bahn / S-Bahn,"U3, S1",0.9,901.0,686.0,686.0,Good,Walk directly to major station,False,0.0,0.0,1,5.0,11.3,25.2,5,11.1,57.5,15,72.5,46-60 min,60+ min,Minor impact,False,18,18,14,10,60,Medium,2,Delay-sensitive commuters
EMP0552,Norderstedt,near_workplace,53.719215,9.939803,3.53,Quickborn,Quickborn,AKN,A1,0.7,2695.0,383.0,383.0,Excellent,Walk to local stop + feeder bus,True,2.77,6.4,2,14.0,4.8,10.5,10,11.1,56.7,15,71.7,46-60 min,60+ min,Minor impact,False,18,25,8,10,61,Medium,2,Delay-sensitive commuters
EMP0553,Hamburg-City,urban,53.527282,9.961979,19.45,Altona,Hamburg-Altona,S-Bahn / Regional,"S1, S2, S3, RE",0.95,3276.0,637.0,637.0,Good,Walk to local stop + feeder bus,True,3.17,7.3,2,10.0,8.0,22.3,10,11.1,68.6,15,83.6,60+ min,60+ min,No impact,False,8,18,8,20,54,Medium,2,Moderate-potential commuters
EMP0554,Kaltenkirchen,outer_suburban,53.826821,9.88792,15.3,Kaltenkirchen,Kaltenkirchen,AKN,A1,0.65,4991.0,1356.0,1356.0,Acceptable,Walk to local stop + feeder bus,True,4.36,10.1,2,21.0,17.0,23.8,10,11.1,92.9,15,107.9,60+ min,60+ min,No impact,False,8,10,8,20,46,Medium,3,Long commute commuters
EMP0555,Norderstedt,near_workplace,53.699089,10.015616,2.06,Richtweg,Norderstedt,U-Bahn,U1,0.85,1431.0,606.0,606.0,Good,Walk directly to major station,False,0.0,0.0,0,6.0,17.9,2.9,0,11.1,37.9,15,52.9,31-45 min,46-60 min,Minor impact,True,28,18,20,10,76,High,0,Delay-sensitive commuters
EMP0556,Hamburg-City,urban,53.524976,9.988379,19.65,Jungfernstieg,Hamburg-City,U-Bahn / S-Bahn,"U1, U2, U4, S1, S3",0.95,3028.0,1004.0,1004.0,Acceptable,Walk to local stop + feeder bus,True,2.43,5.6,1,10.0,12.5,31.5,5,11.1,75.7,15,90.7,60+ min,60+ min,No impact,False,8,10,14,20,52,Medium,2,Long commute commuters
EMP0557,Hamburg-Altona,urban,53.562348,9.977704,15.5,Dammtor,Hamburg-City,S-Bahn / Regional,"S-Bahn, RE",0.9,779.0,707.0,707.0,Good,Walk directly to major station,False,0.0,0.0,1,5.0,9.7,20.5,5,11.1,51.3,15,66.3,46-60 min,60+ min,Minor impact,False,18,18,14,10,60,Medium,2,Delay-sensitive commuters
EMP0558,Hamburg-Wandsbek,urban,53.626515,10.089777,10.86,Ohlsdorf,Hamburg-Ohlsdorf,U-Bahn / S-Bahn,"U1, S1",0.95,3924.0,435.0,435.0,Excellent,Walk to local stop + feeder bus,True,4.19,9.7,1,10.0,5.4,18.2,5,11.1,59.3,15,74.3,46-60 min,60+ min,Minor impact,False,18,25,14,10,67,High,2,Delay-sensitive commuters
EMP0559,Hamburg-Barmbek,urban,53.588426,10.054521,13.41,Barmbek,Hamburg-Barmbek,U-Bahn / S-Bahn,"U3, S1",0.9,712.0,712.0,712.0,Good,Walk directly to major station,False,0.0,0.0,1,5.0,8.9,25.2,5,11.1,55.1,15,70.1,46-60 min,60+ min,Minor impact,False,18,18,14,10,60,Medium,2,Delay-sensitive commuters
EMP0560,Hamburg-Wandsbek,urban,53.600466,10.10669,13.84,Wandsbek Markt,Hamburg-Wandsbek,U-Bahn / Bus,"U1, Bus",0.85,4109.0,471.0,471.0,Excellent,Walk to local stop + feeder bus,True,4.37,10.1,1,12.0,5.9,32.3,5,11.1,76.3,15,91.3,60+ min,60+ min,No impact,False,8,25,14,20,67,High,2,Long commute commuters
EMP0561,Norderstedt,near_workplace,53.706023,10.005903,1.48,Norderstedt Mitte,Norderstedt,U-Bahn / AKN,"U1, A2",0.95,890.0,346.0,346.0,Excellent,Walk directly to major station,False,0.0,0.0,0,4.0,11.1,0.0,0,11.1,26.2,15,41.2,0-30 min,31-45 min,Minor impact,False,35,25,20,10,90,Very High,0,High-potential PT users
EMP0562,Hamburg-City,urban,53.548197,10.019891,17.23,Hamburg Hbf,Hamburg-City,U-Bahn / S-Bahn / Regional,"U1, U2, U3, U4, S-Bahn, RE",1.0,1005.0,447.0,447.0,Excellent,Walk directly to major station,False,0.0,0.0,0,3.0,12.6,21.7,0,11.1,48.3,15,63.3,46-60 min,60+ min,Minor impact,False,18,25,20,10,73,High,0,Delay-sensitive commuters
EMP0563,Henstedt-Ulzburg,outer_suburban,53.770788,10.016693,7.97,Henstedt-Ulzburg,Henstedt-Ulzburg,AKN,"A1, A2",0.7,3124.0,773.0,773.0,Good,Walk to local stop + feeder bus,True,2.82,6.5,2,20.0,9.7,15.0,10,11.1,72.2,15,87.2,60+ min,60+ min,No impact,False,8,18,8,20,54,Medium,3,Moderate-potential commuters
EMP0564,Hamburg-Harburg,outer_urban,53.446314,10.019724,28.49,Harburg,Hamburg-Harburg,S-Bahn / Regional,"S3, S5, RE",0.9,2186.0,989.0,989.0,Good,Walk to local stop + feeder bus,True,1.44,3.3,3,13.0,12.4,35.2,15,11.1,89.9,15,104.9,60+ min,60+ min,No impact,False,8,18,3,20,49,Medium,3,Long commute commuters
EMP0565,Pinneberg,suburban,53.66444,9.804804,12.54,Pinneberg,Pinneberg,S-Bahn / Regional,"S3, RE",0.8,1270.0,1069.0,1069.0,Acceptable,Walk directly to major station,False,0.0,0.0,1,7.0,15.9,17.8,5,11.1,56.8,15,71.8,46-60 min,60+ min,Minor impact,False,18,10,14,10,52,Medium,2,Delay-sensitive commuters
EMP0566,Pinneberg,suburban,53.669451,9.855836,9.21,Pinneberg,Pinneberg,S-Bahn / Regional,"S3, RE",0.8,4240.0,962.0,962.0,Good,Walk to local stop + feeder bus,True,3.93,9.1,2,16.0,12.0,17.8,10,11.1,76.0,15,91.0,60+ min,60+ min,No impact,False,8,18,8,20,54,Medium,3,Long commute commuters
EMP0567,Quickborn,suburban,53.763666,9.898613,8.91,Quickborn,Quickborn,AKN,A1,0.7,3650.0,1126.0,1126.0,Acceptable,Walk to local stop + feeder bus,True,3.03,7.0,2,18.0,14.1,10.5,10,11.1,70.6,15,85.6,60+ min,60+ min,No impact,False,8,10,8,20,46,Medium,3,Moderate-potential commuters
EMP0568,Norderstedt,near_workplace,53.68073,9.993823,2.41,Garstedt,Norderstedt,U-Bahn,U1,0.85,253.0,253.0,253.0,Excellent,Walk directly to major station,False,0.0,0.0,0,6.0,3.2,5.6,0,11.1,25.9,15,40.9,0-30 min,31-45 min,Minor impact,False,35,25,20,10,90,Very High,0,High-potential PT users
EMP0569,Hamburg-Eimsbuettel,urban,53.56345,9.999423,15.4,Dammtor,Hamburg-City,S-Bahn / Regional,"S-Bahn, RE",0.9,737.0,715.0,715.0,Good,Walk directly to major station,False,0.0,0.0,1,5.0,9.2,20.5,5,11.1,50.8,15,65.8,46-60 min,60+ min,Minor impact,False,18,18,14,10,60,Medium,2,Delay-sensitive commuters
EMP0570,Hamburg-Barmbek,urban,53.591682,9.995399,12.25,Kellinghusenstrasse,Hamburg-Eppendorf,U-Bahn,"U1, U3",0.9,543.0,394.0,394.0,Excellent,Walk directly to major station,False,0.0,0.0,0,5.0,6.8,27.1,0,11.1,49.9,15,64.9,46-60 min,60+ min,Minor impact,False,18,25,20,10,73,High,0,Delay-sensitive commuters
EMP0571,Hamburg-Altona,urban,53.568812,9.9106,15.56,Altona,Hamburg-Altona,S-Bahn / Regional,"S1, S2, S3, RE",0.95,2468.0,804.0,804.0,Good,Walk to local stop + feeder bus,True,2.0,4.6,2,10.0,10.1,22.3,10,11.1,68.0,15,83.0,60+ min,60+ min,No impact,False,8,18,8,20,54,Medium,2,Moderate-potential commuters
EMP0572,Henstedt-Ulzburg,outer_suburban,53.795281,9.91591,11.34,Henstedt-Ulzburg,Henstedt-Ulzburg,AKN,"A1, A2",0.7,4381.0,713.0,713.0,Good,Walk to local stop + feeder bus,True,4.4,10.2,2,20.0,8.9,15.0,10,11.1,75.2,15,90.2,60+ min,60+ min,No impact,False,8,18,8,20,54,Medium,3,Long commute commuters
EMP0573,Hamburg-Wandsbek,urban,53.567707,10.151565,18.52,Wandsbek Markt,Hamburg-Wandsbek,U-Bahn / Bus,"U1, Bus",0.85,5604.0,1039.0,1039.0,Acceptable,Walk to local stop + feeder bus,True,5.48,12.6,1,12.0,13.0,32.3,5,11.1,85.9,15,100.9,60+ min,60+ min,No impact,False,8,10,14,20,52,Medium,3,Long commute commuters
EMP0574,Quickborn,suburban,53.758802,9.935931,7.11,Quickborn,Quickborn,AKN,A1,0.7,3737.0,877.0,877.0,Good,Walk to local stop + feeder bus,True,3.43,7.9,2,18.0,11.0,10.5,10,11.1,68.4,15,83.4,60+ min,60+ min,No impact,False,8,18,8,20,54,Medium,3,Moderate-potential commuters
EMP0575,Henstedt-Ulzburg,outer_suburban,53.792732,9.960897,10.24,Henstedt-Ulzburg,Henstedt-Ulzburg,AKN,"A1, A2",0.7,1419.0,544.0,544.0,Good,Walk directly to major station,False,0.0,0.0,1,9.0,17.7,15.0,5,11.1,57.8,15,72.8,46-60 min,60+ min,Minor impact,False,18,18,14,10,60,Medium,2,Delay-sensitive commuters
EMP0576,Hamburg-Wandsbek,urban,53.578672,10.071637,14.83,Wandsbek Markt,Hamburg-Wandsbek,U-Bahn / Bus,"U1, Bus",0.85,803.0,607.0,607.0,Good,Walk directly to major station,False,0.0,0.0,0,6.0,10.0,32.3,0,11.1,59.3,15,74.3,46-60 min,60+ min,Minor impact,False,18,18,20,10,66,High,2,Delay-sensitive commuters
EMP0577,Kaltenkirchen,outer_suburban,53.842094,9.894304,16.7,Kaltenkirchen,Kaltenkirchen,AKN,A1,0.65,4478.0,824.0,824.0,Good,Walk to local stop + feeder bus,True,4.38,10.1,2,21.0,10.3,23.8,10,11.1,86.3,15,101.3,60+ min,60+ min,No impact,False,8,18,8,20,54,Medium,3,Long commute commuters
EMP0578,Hamburg-Barmbek,urban,53.565649,10.014498,15.26,Hamburg Hbf,Hamburg-City,U-Bahn / S-Bahn / Regional,"U1, U2, U3, U4, S-Bahn, RE",1.0,1529.0,894.0,894.0,Good,Walk to local stop + feeder bus,True,0.76,1.8,1,9.0,11.2,21.7,5,11.1,59.7,15,74.7,46-60 min,60+ min,Minor impact,False,18,18,14,10,60,Medium,2,Delay-sensitive commuters
EMP0579,Henstedt-Ulzburg,outer_suburban,53.810326,10.00711,12.17,Henstedt-Ulzburg,Henstedt-Ulzburg,AKN,"A1, A2",0.7,2798.0,1225.0,1225.0,Acceptable,Walk to local stop + feeder bus,True,1.89,4.4,2,20.0,15.3,15.0,10,11.1,75.7,15,90.7,60+ min,60+ min,No impact,False,8,10,8,20,46,Medium,3,Long commute commuters
EMP0580,Hamburg-Eimsbuettel,urban,53.568825,9.962119,14.85,Dammtor,Hamburg-City,S-Bahn / Regional,"S-Bahn, RE",0.9,1999.0,415.0,415.0,Excellent,Walk to local stop + feeder bus,True,1.9,4.4,2,11.0,5.2,20.5,10,11.1,62.2,15,77.2,60+ min,60+ min,No impact,False,8,25,8,20,61,Medium,2,Moderate-potential commuters
EMP0581,Hamburg-Wandsbek,urban,53.561319,10.095791,17.25,Wandsbek Markt,Hamburg-Wandsbek,U-Bahn / Bus,"U1, Bus",0.85,2242.0,283.0,283.0,Excellent,Walk to local stop + feeder bus,True,2.35,5.4,1,12.0,3.5,32.3,5,11.1,69.3,15,84.3,60+ min,60+ min,No impact,False,8,25,14,20,67,High,2,Moderate-potential commuters
EMP0582,Hamburg-Barmbek,urban,53.572937,10.065615,15.28,Wandsbek Markt,Hamburg-Wandsbek,U-Bahn / Bus,"U1, Bus",0.85,139.0,139.0,139.0,Excellent,Walk directly to major station,False,0.0,0.0,0,6.0,1.7,32.3,0,11.1,51.0,15,66.0,46-60 min,60+ min,Minor impact,False,18,25,20,10,73,High,0,Delay-sensitive commuters
EMP0583,Norderstedt,near_workplace,53.720611,9.973246,2.23,Norderstedt Mitte,Norderstedt,U-Bahn / AKN,"U1, A2",0.95,1903.0,446.0,446.0,Excellent,Walk to local stop + feeder bus,True,1.75,4.0,1,9.0,5.6,0.0,5,11.1,34.7,15,49.7,31-45 min,46-60 min,Minor impact,True,28,25,14,10,77,High,0,Delay-sensitive commuters
EMP0584,Hamburg-Eimsbuettel,urban,53.590561,9.935042,12.78,Kellinghusenstrasse,Hamburg-Eppendorf,U-Bahn,"U1, U3",0.9,3638.0,567.0,567.0,Good,Walk to local stop + feeder bus,True,3.69,8.5,1,11.0,7.1,27.1,5,11.1,69.7,15,84.7,60+ min,60+ min,No impact,False,8,18,14,20,60,Medium,2,Moderate-potential commuters
EMP0585,Kaltenkirchen,outer_suburban,53.822004,10.009775,13.48,Kaltenkirchen,Kaltenkirchen,AKN,A1,0.65,3551.0,839.0,839.0,Good,Walk to local stop + feeder bus,True,3.25,7.5,2,21.0,10.5,23.8,10,11.1,83.9,15,98.9,60+ min,60+ min,No impact,False,8,18,8,20,54,Medium,3,Long commute commuters
EMP0586,Hamburg-Harburg,outer_urban,53.440133,10.001966,29.11,Harburg,Hamburg-Harburg,S-Bahn / Regional,"S3, S5, RE",0.9,1908.0,1268.0,1268.0,Acceptable,Walk to local stop + feeder bus,True,0.77,1.8,3,13.0,15.8,35.2,15,11.1,91.8,15,106.8,60+ min,60+ min,No impact,False,8,10,3,20,41,Low,3,Long commute commuters
EMP0587,Hamburg-City,urban,53.537062,9.993302,18.32,Jungfernstieg,Hamburg-City,U-Bahn / S-Bahn,"U1, U2, U4, S1, S3",0.95,1662.0,853.0,853.0,Good,Walk to local stop + feeder bus,True,0.97,2.2,1,10.0,10.7,31.5,5,11.1,70.5,15,85.5,60+ min,60+ min,No impact,False,8,18,14,20,60,Medium,2,Moderate-potential commuters
EMP0588,Hamburg-Altona,urban,53.533803,9.971582,18.69,Jungfernstieg,Hamburg-City,U-Bahn / S-Bahn,"U1, U2, U4, S1, S3",0.95,2508.0,624.0,624.0,Good,Walk to local stop + feeder bus,True,2.26,5.2,1,10.0,7.8,31.5,5,11.1,70.6,15,85.6,60+ min,60+ min,No impact,False,8,18,14,20,60,Medium,2,Moderate-potential commuters
EMP0589,Hamburg-City,urban,53.523113,10.022199,20.01,Hamburg Hbf,Hamburg-City,U-Bahn / S-Bahn / Regional,"U1, U2, U3, U4, S-Bahn, RE",1.0,3446.0,849.0,849.0,Good,Walk to local stop + feeder bus,True,3.12,7.2,1,9.0,10.6,21.7,5,11.1,64.5,15,79.5,60+ min,60+ min,No impact,False,8,18,14,20,60,Medium,2,Moderate-potential commuters
EMP0590,Norderstedt,near_workplace,53.705502,10.0549,4.65,Norderstedt Mitte,Norderstedt,U-Bahn / AKN,"U1, A2",0.95,4097.0,264.0,264.0,Excellent,Walk to local stop + feeder bus,True,4.6,10.6,1,9.0,3.3,0.0,5,11.1,39.0,15,54.0,31-45 min,46-60 min,Minor impact,True,28,25,14,10,77,High,0,Delay-sensitive commuters
EMP0591,Elmshorn,outer_suburban,53.76359,9.579835,27.5,Elmshorn,Elmshorn,Regional,RE,0.7,4926.0,724.0,724.0,Good,Walk to local stop + feeder bus,True,5.04,11.6,3,20.0,9.1,28.8,15,11.1,95.5,15,110.5,60+ min,60+ min,No impact,False,8,18,3,20,49,Medium,3,Long commute commuters
EMP0592,Hamburg-Wandsbek,urban,53.59223,10.058972,13.12,Barmbek,Hamburg-Barmbek,U-Bahn / S-Bahn,"U3, S1",0.9,1147.0,908.0,908.0,Good,Walk directly to major station,False,0.0,0.0,1,5.0,14.3,25.2,5,11.1,60.6,15,75.6,60+ min,60+ min,No impact,False,8,18,14,20,60,Medium,2,Moderate-potential commuters
EMP0593,Hamburg-Altona,urban,53.535348,9.930862,18.83,Altona,Hamburg-Altona,S-Bahn / Regional,"S1, S2, S3, RE",0.95,1872.0,855.0,855.0,Good,Walk to local stop + feeder bus,True,1.22,2.8,2,10.0,10.7,22.3,10,11.1,66.8,15,81.8,60+ min,60+ min,No impact,False,8,18,8,20,54,Medium,2,Moderate-potential commuters
EMP0594,Hamburg-Harburg,outer_urban,53.474311,9.930407,25.54,Harburg,Hamburg-Harburg,S-Bahn / Regional,"S3, S5, RE",0.9,4498.0,713.0,713.0,Good,Walk to local stop + feeder bus,True,4.54,10.5,3,13.0,8.9,35.2,15,11.1,93.6,15,108.6,60+ min,60+ min,No impact,False,8,18,3,20,49,Medium,3,Long commute commuters
EMP0595,Norderstedt,near_workplace,53.704067,10.053489,4.54,Richtweg,Norderstedt,U-Bahn,U1,0.85,3980.0,437.0,437.0,Excellent,Walk to local stop + feeder bus,True,4.25,9.8,1,11.0,5.5,2.9,5,11.1,45.3,15,60.3,46-60 min,60+ min,Minor impact,False,18,25,14,10,67,High,0,Delay-sensitive commuters
EMP0596,Hamburg-Altona,urban,53.570277,9.96516,14.67,Dammtor,Hamburg-City,S-Bahn / Regional,"S-Bahn, RE",0.9,1905.0,491.0,491.0,Excellent,Walk to local stop + feeder bus,True,1.7,3.9,2,11.0,6.1,20.5,10,11.1,62.6,15,77.6,60+ min,60+ min,No impact,False,8,25,8,20,61,Medium,2,Moderate-potential commuters
EMP0597,Pinneberg,suburban,53.65722,9.782678,14.19,Pinneberg,Pinneberg,S-Bahn / Regional,"S3, RE",0.8,1009.0,1009.0,1009.0,Acceptable,Walk directly to major station,False,0.0,0.0,1,7.0,12.6,17.8,5,11.1,53.5,15,68.5,46-60 min,60+ min,Minor impact,False,18,10,14,10,52,Medium,2,Delay-sensitive commuters
EMP0598,Hamburg-Harburg,outer_urban,53.426764,9.94358,30.69,Harburg,Hamburg-Harburg,S-Bahn / Regional,"S3, S5, RE",0.9,4520.0,836.0,836.0,Good,Walk to local stop + feeder bus,True,4.42,10.2,3,13.0,10.4,35.2,15,11.1,94.9,15,109.9,60+ min,60+ min,No impact,False,8,18,3,20,49,Medium,3,Long commute commuters
EMP0599,Lueneburg,regional,53.276381,10.43618,55.94,Lueneburg,Lueneburg,Regional,RE,0.7,3484.0,882.0,882.0,Good,Walk to local stop + feeder bus,True,3.12,7.2,3,22.0,11.0,73.1,15,11.1,139.4,15,154.4,60+ min,60+ min,No impact,False,8,18,3,20,49,Medium,1,Long commute commuters
EMP0600,Hamburg-Harburg,outer_urban,53.458029,10.044511,27.38,Harburg,Hamburg-Harburg,S-Bahn / Regional,"S3, S5, RE",0.9,3550.0,823.0,823.0,Good,Walk to local stop + feeder bus,True,3.27,7.6,3,13.0,10.3,35.2,15,11.1,92.0,15,107.0,60+ min,60+ min,No impact,False,8,18,3,20,49,Medium,3,Long commute commuters
EMP0601,Hamburg-Wandsbek,urban,53.615333,10.133134,13.71,Wandsbek Markt,Hamburg-Wandsbek,U-Bahn / Bus,"U1, Bus",0.85,6501.0,242.0,242.0,Excellent,Walk to local stop + feeder bus,True,7.51,17.3,1,12.0,3.0,32.3,5,11.1,80.7,15,95.7,60+ min,60+ min,No impact,False,8,25,14,20,67,High,2,Long commute commuters
EMP0602,Quickborn,suburban,53.741263,9.885865,7.85,Quickborn,Quickborn,AKN,A1,0.7,1651.0,1076.0,1076.0,Acceptable,Walk to local stop + feeder bus,True,0.69,1.6,2,18.0,13.4,10.5,10,11.1,64.6,15,79.6,60+ min,60+ min,No impact,False,8,10,8,20,46,Medium,3,Moderate-potential commuters
EMP0603,Kaltenkirchen,outer_suburban,53.82166,10.014426,13.48,Kaltenkirchen,Kaltenkirchen,AKN,A1,0.65,3840.0,1327.0,1327.0,Acceptable,Walk to local stop + feeder bus,True,3.02,7.0,2,21.0,16.6,23.8,10,11.1,89.4,15,104.4,60+ min,60+ min,No impact,False,8,10,8,20,46,Medium,3,Long commute commuters
EMP0604,Quickborn,suburban,53.724221,9.862287,8.43,Quickborn,Quickborn,AKN,A1,0.7,2846.0,898.0,898.0,Good,Walk to local stop + feeder bus,True,2.34,5.4,2,18.0,11.2,10.5,10,11.1,66.2,15,81.2,60+ min,60+ min,No impact,False,8,18,8,20,54,Medium,3,Moderate-potential commuters
EMP0605,Bad Oldesloe,regional,53.818266,10.392427,29.78,Bad Oldesloe,Bad Oldesloe,Regional,RE,0.65,1455.0,1455.0,1455.0,Acceptable,Walk directly to major station,False,0.0,0.0,2,10.0,18.2,34.6,10,11.1,83.8,15,98.8,60+ min,60+ min,No impact,False,8,10,8,20,46,Medium,3,Long commute commuters
EMP0606,Ahrensburg,suburban,53.702357,10.239932,16.81,Ahrensburg,Ahrensburg,Regional,RE,0.75,3043.0,1088.0,1088.0,Acceptable,Walk to local stop + feeder bus,True,2.35,5.4,2,17.0,13.6,20.9,10,11.1,77.9,15,92.9,60+ min,60+ min,No impact,False,8,10,8,20,46,Medium,3,Long commute commuters
EMP0607,Henstedt-Ulzburg,outer_suburban,53.812776,9.945975,12.61,Kaltenkirchen,Kaltenkirchen,AKN,A1,0.65,2892.0,1429.0,1429.0,Acceptable,Walk to local stop + feeder bus,True,1.75,4.0,2,21.0,17.9,23.8,10,11.1,87.8,15,102.8,60+ min,60+ min,No impact,False,8,10,8,20,46,Medium,3,Long commute commuters
EMP0608,Norderstedt,near_workplace,53.71643,9.986546,1.64,Norderstedt Mitte,Norderstedt,U-Bahn / AKN,"U1, A2",0.95,1024.0,473.0,473.0,Excellent,Walk directly to major station,False,0.0,0.0,0,4.0,12.8,0.0,0,11.1,27.9,15,42.9,0-30 min,31-45 min,Minor impact,False,35,25,20,10,90,Very High,0,High-potential PT users
EMP0609,Quickborn,suburban,53.755204,9.940567,6.62,Quickborn,Quickborn,AKN,A1,0.7,3609.0,594.0,594.0,Good,Walk to local stop + feeder bus,True,3.62,8.3,2,18.0,7.4,10.5,10,11.1,65.3,15,80.3,60+ min,60+ min,No impact,False,8,18,8,20,54,Medium,3,Moderate-potential commuters
EMP0610,Hamburg-Wandsbek,urban,53.607207,10.06951,11.9,Barmbek,Hamburg-Barmbek,U-Bahn / S-Bahn,"U3, S1",0.9,2808.0,695.0,695.0,Good,Walk to local stop + feeder bus,True,2.54,5.9,2,11.0,8.7,25.2,10,11.1,71.8,15,86.8,60+ min,60+ min,No impact,False,8,18,8,20,54,Medium,2,Moderate-potential commuters
EMP0611,Hamburg-Barmbek,urban,53.575983,10.072211,15.13,Wandsbek Markt,Hamburg-Wandsbek,U-Bahn / Bus,"U1, Bus",0.85,561.0,533.0,533.0,Good,Walk directly to major station,False,0.0,0.0,0,6.0,7.0,32.3,0,11.1,56.3,15,71.3,46-60 min,60+ min,Minor impact,False,18,18,20,10,66,High,0,Delay-sensitive commuters
EMP0612,Pinneberg,suburban,53.643723,9.813994,12.96,Pinneberg,Pinneberg,S-Bahn / Regional,"S3, RE",0.8,1600.0,821.0,821.0,Good,Walk to local stop + feeder bus,True,0.93,2.2,2,16.0,10.3,17.8,10,11.1,67.3,15,82.3,60+ min,60+ min,No impact,False,8,18,8,20,54,Medium,3,Moderate-potential commuters
EMP0613,Bad Oldesloe,regional,53.827384,10.353404,27.98,Bad Oldesloe,Bad Oldesloe,Regional,RE,0.65,2269.0,1468.0,1468.0,Acceptable,Walk to local stop + feeder bus,True,0.96,2.2,3,23.0,18.4,34.6,15,11.1,104.2,15,119.2,60+ min,60+ min,No impact,False,8,10,3,20,41,Low,1,Long commute commuters
EMP0614,Lueneburg,regional,53.243762,10.395257,57.72,Lueneburg,Lueneburg,Regional,RE,0.7,1333.0,1032.0,1032.0,Acceptable,Walk directly to major station,False,0.0,0.0,2,9.0,16.7,73.1,10,11.1,119.8,15,134.8,60+ min,60+ min,No impact,False,8,10,8,20,46,Medium,1,Long commute commuters
EMP0615,Hamburg-Altona,urban,53.578277,9.946823,13.95,Altona,Hamburg-Altona,S-Bahn / Regional,"S1, S2, S3, RE",0.95,3024.0,818.0,818.0,Good,Walk to local stop + feeder bus,True,2.65,6.1,2,10.0,10.2,22.3,10,11.1,69.7,15,84.7,60+ min,60+ min,No impact,False,8,18,8,20,54,Medium,2,Moderate-potential commuters
EMP0616,Quickborn,suburban,53.71352,9.943801,2.99,Quickborn,Quickborn,AKN,A1,0.7,3261.0,639.0,639.0,Good,Walk to local stop + feeder bus,True,3.15,7.3,2,18.0,8.0,10.5,10,11.1,64.8,15,79.8,60+ min,60+ min,No impact,False,8,18,8,20,54,Medium,3,Moderate-potential commuters
EMP0617,Quickborn,suburban,53.758169,9.935066,7.07,Quickborn,Quickborn,AKN,A1,0.7,3647.0,397.0,397.0,Excellent,Walk to local stop + feeder bus,True,3.9,9.0,2,18.0,5.0,10.5,10,11.1,63.5,15,78.5,60+ min,60+ min,No impact,False,8,25,8,20,61,Medium,2,Moderate-potential commuters
EMP0618,Hamburg-Eimsbuettel,urban,53.574125,9.906793,15.08,Altona,Hamburg-Altona,S-Bahn / Regional,"S1, S2, S3, RE",0.95,3086.0,546.0,546.0,Good,Walk to local stop + feeder bus,True,3.05,7.0,2,10.0,6.8,22.3,10,11.1,67.2,15,82.2,60+ min,60+ min,No impact,False,8,18,8,20,54,Medium,2,Moderate-potential commuters
EMP0619,Norderstedt,near_workplace,53.720342,10.021049,3.17,Norderstedt Mitte,Norderstedt,U-Bahn / AKN,"U1, A2",0.95,2311.0,356.0,356.0,Excellent,Walk to local stop + feeder bus,True,2.35,5.4,1,9.0,4.5,0.0,5,11.1,34.9,15,49.9,31-45 min,46-60 min,Minor impact,True,28,25,14,10,77,High,0,Delay-sensitive commuters
EMP0620,Norderstedt,near_workplace,53.689121,10.027843,3.17,Ochsenzoll,Hamburg-Langenhorn,U-Bahn,U1,0.8,2223.0,230.0,230.0,Excellent,Walk to local stop + feeder bus,True,2.39,5.5,1,12.0,2.9,7.1,5,11.1,43.5,15,58.5,31-45 min,46-60 min,Minor impact,True,28,25,14,10,77,High,0,Delay-sensitive commuters
EMP0621,Quickborn,suburban,53.726425,9.916353,5.27,Quickborn,Quickborn,AKN,A1,0.7,959.0,405.0,405.0,Excellent,Walk directly to major station,False,0.0,0.0,1,9.0,12.0,10.5,5,11.1,47.5,15,62.5,46-60 min,60+ min,Minor impact,False,18,25,14,10,67,High,0,Delay-sensitive commuters
EMP0622,Hamburg-Wandsbek,urban,53.56786,10.111391,17.07,Wandsbek Markt,Hamburg-Wandsbek,U-Bahn / Bus,"U1, Bus",0.85,2967.0,743.0,743.0,Good,Walk to local stop + feeder bus,True,2.67,6.2,1,12.0,9.3,32.3,5,11.1,75.8,15,90.8,60+ min,60+ min,No impact,False,8,18,14,20,60,Medium,2,Long commute commuters
EMP0623,Lueneburg,regional,53.231928,10.435949,60.18,Lueneburg,Lueneburg,Regional,RE,0.7,2308.0,1260.0,1260.0,Acceptable,Walk to local stop + feeder bus,True,1.26,2.9,3,22.0,15.8,73.1,15,11.1,139.8,15,154.8,60+ min,60+ min,No impact,False,8,10,3,20,41,Low,1,Long commute commuters
EMP0624,Hamburg-Wandsbek,urban,53.580636,10.143212,17.05,Wandsbek Markt,Hamburg-Wandsbek,U-Bahn / Bus,"U1, Bus",0.85,5122.0,749.0,749.0,Good,Walk to local stop + feeder bus,True,5.25,12.1,1,12.0,9.4,32.3,5,11.1,81.8,15,96.8,60+ min,60+ min,No impact,False,8,18,14,20,60,Medium,2,Long commute commuters
EMP0625,Bad Oldesloe,regional,53.79282,10.40008,29.14,Bad Oldesloe,Bad Oldesloe,Regional,RE,0.65,2649.0,665.0,665.0,Good,Walk to local stop + feeder bus,True,2.38,5.5,3,23.0,8.3,34.6,15,11.1,97.4,15,112.4,60+ min,60+ min,No impact,False,8,18,3,20,49,Medium,3,Long commute commuters
EMP0626,Hamburg-Eimsbuettel,urban,53.547324,9.946636,17.35,Altona,Hamburg-Altona,S-Bahn / Regional,"S1, S2, S3, RE",0.95,928.0,568.0,568.0,Good,Walk directly to major station,False,0.0,0.0,1,4.0,11.6,22.3,5,11.1,53.9,15,68.9,46-60 min,60+ min,Minor impact,False,18,18,14,10,60,Medium,2,Delay-sensitive commuters
EMP0627,Ahrensburg,suburban,53.6525,10.276181,19.97,Ahrensburg,Ahrensburg,Regional,RE,0.75,3501.0,540.0,540.0,Good,Walk to local stop + feeder bus,True,3.55,8.2,2,17.0,6.8,20.9,10,11.1,73.9,15,88.9,60+ min,60+ min,No impact,False,8,18,8,20,54,Medium,3,Moderate-potential commuters
EMP0628,Norderstedt,near_workplace,53.732451,9.98573,3.42,Norderstedt Mitte,Norderstedt,U-Bahn / AKN,"U1, A2",0.95,2758.0,355.0,355.0,Excellent,Walk to local stop + feeder bus,True,2.88,6.7,1,9.0,4.4,0.0,5,11.1,36.1,15,51.1,31-45 min,46-60 min,Minor impact,True,28,25,14,10,77,High,0,Delay-sensitive commuters
EMP0629,Hamburg-Barmbek,urban,53.612699,10.018591,10.15,Ohlsdorf,Hamburg-Ohlsdorf,U-Bahn / S-Bahn,"U1, S1",0.95,1234.0,558.0,558.0,Good,Walk directly to major station,False,0.0,0.0,0,4.0,15.4,18.2,0,11.1,48.6,15,63.6,46-60 min,60+ min,Minor impact,False,18,18,20,10,66,High,0,Delay-sensitive commuters
EMP0630,Ahrensburg,suburban,53.699769,10.256167,17.88,Ahrensburg,Ahrensburg,Regional,RE,0.75,2977.0,1039.0,1039.0,Acceptable,Walk to local stop + feeder bus,True,2.33,5.4,2,17.0,13.0,20.9,10,11.1,77.3,15,92.3,60+ min,60+ min,No impact,False,8,10,8,20,46,Medium,3,Long commute commuters
EMP0631,Elmshorn,outer_suburban,53.739724,9.581277,26.87,Elmshorn,Elmshorn,Regional,RE,0.7,4976.0,2106.0,2106.0,Poor,Walk to local stop + feeder bus,True,3.44,7.9,3,20.0,26.3,28.8,15,11.1,109.1,15,124.1,60+ min,60+ min,No impact,False,8,4,3,20,35,Low,1,Poor station access commuters
EMP0632,Ahrensburg,suburban,53.663071,10.24539,17.7,Ahrensburg,Ahrensburg,Regional,RE,0.75,1392.0,839.0,839.0,Good,Walk directly to major station,False,0.0,0.0,1,8.0,17.4,20.9,5,11.1,62.3,15,77.3,60+ min,60+ min,No impact,False,8,18,14,20,60,Medium,2,Moderate-potential commuters
EMP0633,Norderstedt,near_workplace,53.695141,9.986773,0.74,Richtweg,Norderstedt,U-Bahn,U1,0.85,542.0,338.0,338.0,Excellent,Walk directly to major station,False,0.0,0.0,0,6.0,6.8,2.9,0,11.1,26.8,15,41.8,0-30 min,31-45 min,Minor impact,False,35,25,20,10,90,Very High,0,High-potential PT users
EMP0634,Hamburg-Eimsbuettel,urban,53.574615,9.918665,14.78,Altona,Hamburg-Altona,S-Bahn / Regional,"S1, S2, S3, RE",0.95,2736.0,470.0,470.0,Excellent,Walk to local stop + feeder bus,True,2.72,6.3,2,10.0,5.9,22.3,10,11.1,65.5,15,80.5,60+ min,60+ min,No impact,False,8,25,8,20,61,Medium,2,Moderate-potential commuters
EMP0635,Norderstedt,near_workplace,53.701417,9.939024,3.0,Norderstedt Mitte,Norderstedt,U-Bahn / AKN,"U1, A2",0.95,3615.0,206.0,206.0,Excellent,Walk to local stop + feeder bus,True,4.09,9.4,1,9.0,2.6,0.0,5,11.1,37.1,15,52.1,31-45 min,46-60 min,Minor impact,True,28,25,14,10,77,High,0,Delay-sensitive commuters
EMP0636,Norderstedt,near_workplace,53.687559,9.960485,2.23,Garstedt,Norderstedt,U-Bahn,U1,0.85,2264.0,478.0,478.0,Excellent,Walk to local stop + feeder bus,True,2.14,4.9,1,11.0,6.0,5.6,5,11.1,43.6,15,58.6,31-45 min,46-60 min,Minor impact,True,28,25,14,10,77,High,0,Delay-sensitive commuters
EMP0637,Pinneberg,suburban,53.660068,9.736233,17.0,Pinneberg,Pinneberg,S-Bahn / Regional,"S3, RE",0.8,4061.0,844.0,844.0,Good,Walk to local stop + feeder bus,True,3.86,8.9,2,16.0,10.6,17.8,10,11.1,74.4,15,89.4,60+ min,60+ min,No impact,False,8,18,8,20,54,Medium,3,Moderate-potential commuters
EMP0638,Quickborn,suburban,53.733678,9.893478,6.97,Quickborn,Quickborn,AKN,A1,0.7,753.0,463.0,463.0,Excellent,Walk directly to major station,False,0.0,0.0,1,9.0,9.4,10.5,5,11.1,45.0,15,60.0,31-45 min,46-60 min,Minor impact,True,28,25,14,10,77,High,0,Delay-sensitive commuters
EMP0639,Quickborn,suburban,53.713275,9.892205,6.22,Quickborn,Quickborn,AKN,A1,0.7,2118.0,941.0,941.0,Good,Walk to local stop + feeder bus,True,1.41,3.3,2,18.0,11.8,10.5,10,11.1,64.6,15,79.6,60+ min,60+ min,No impact,False,8,18,8,20,54,Medium,3,Moderate-potential commuters
EMP0640,Henstedt-Ulzburg,outer_suburban,53.814181,9.936775,12.9,Kaltenkirchen,Kaltenkirchen,AKN,A1,0.65,3030.0,1131.0,1131.0,Acceptable,Walk to local stop + feeder bus,True,2.28,5.3,2,21.0,14.1,23.8,10,11.1,85.3,15,100.3,60+ min,60+ min,No impact,False,8,10,8,20,46,Medium,3,Long commute commuters
EMP0641,Quickborn,suburban,53.715294,9.914695,4.84,Quickborn,Quickborn,AKN,A1,0.7,1883.0,1300.0,1300.0,Acceptable,Walk to local stop + feeder bus,True,0.7,1.6,2,18.0,16.3,10.5,10,11.1,67.4,15,82.4,60+ min,60+ min,No impact,False,8,10,8,20,46,Medium,3,Moderate-potential commuters
EMP0642,Ahrensburg,suburban,53.656953,10.288664,20.63,Ahrensburg,Ahrensburg,Regional,RE,0.75,3838.0,1049.0,1049.0,Acceptable,Walk to local stop + feeder bus,True,3.35,7.7,2,17.0,13.1,20.9,10,11.1,79.7,15,94.7,60+ min,60+ min,No impact,False,8,10,8,20,46,Medium,3,Long commute commuters
EMP0643,Norderstedt,near_workplace,53.710118,10.012864,2.08,Norderstedt Mitte,Norderstedt,U-Bahn / AKN,"U1, A2",0.95,1341.0,518.0,518.0,Good,Walk directly to major station,False,0.0,0.0,0,4.0,16.8,0.0,0,11.1,31.8,15,46.8,31-45 min,46-60 min,Minor impact,True,28,18,20,10,76,High,0,Delay-sensitive commuters
EMP0644,Hamburg-City,urban,53.575122,9.959397,14.17,Kellinghusenstrasse,Hamburg-Eppendorf,U-Bahn,"U1, U3",0.9,2476.0,589.0,589.0,Good,Walk to local stop + feeder bus,True,2.26,5.2,1,11.0,7.4,27.1,5,11.1,66.7,15,81.7,60+ min,60+ min,No impact,False,8,18,14,20,60,Medium,2,Moderate-potential commuters
EMP0645,Hamburg-Harburg,outer_urban,53.467556,10.021886,26.15,Harburg,Hamburg-Harburg,S-Bahn / Regional,"S3, S5, RE",0.9,2415.0,519.0,519.0,Good,Walk to local stop + feeder bus,True,2.27,5.2,3,13.0,6.5,35.2,15,11.1,85.9,15,100.9,60+ min,60+ min,No impact,False,8,18,3,20,49,Medium,3,Long commute commuters
EMP0646,Henstedt-Ulzburg,outer_suburban,53.828325,9.972797,14.1,Kaltenkirchen,Kaltenkirchen,AKN,A1,0.65,1197.0,439.0,439.0,Excellent,Walk directly to major station,False,0.0,0.0,1,10.0,15.0,23.8,5,11.1,64.8,15,79.8,60+ min,60+ min,No impact,False,8,25,14,20,67,High,2,Moderate-potential commuters
EMP0647,Norderstedt,near_workplace,53.691642,9.973391,1.34,Richtweg,Norderstedt,U-Bahn,U1,0.85,1471.0,322.0,322.0,Excellent,Walk directly to major station,False,0.0,0.0,0,6.0,18.4,2.9,0,11.1,38.4,15,53.4,31-45 min,46-60 min,Minor impact,True,28,25,20,10,83,Very High,0,High-potential PT users
EMP0648,Hamburg-Wandsbek,urban,53.58058,10.097672,15.39,Wandsbek Markt,Hamburg-Wandsbek,U-Bahn / Bus,"U1, Bus",0.85,2239.0,921.0,921.0,Good,Walk to local stop + feeder bus,True,1.58,3.6,1,12.0,11.5,32.3,5,11.1,75.5,15,90.5,60+ min,60+ min,No impact,False,8,18,14,20,60,Medium,2,Long commute commuters
EMP0649,Pinneberg,suburban,53.657865,9.784915,14.03,Pinneberg,Pinneberg,S-Bahn / Regional,"S3, RE",0.8,905.0,905.0,905.0,Good,Walk directly to major station,False,0.0,0.0,1,7.0,11.3,17.8,5,11.1,52.2,15,67.2,46-60 min,60+ min,Minor impact,False,18,18,14,10,60,Medium,2,Delay-sensitive commuters
EMP0650,Norderstedt,near_workplace,53.737764,9.996587,4.09,Norderstedt Mitte,Norderstedt,U-Bahn / AKN,"U1, A2",0.95,3319.0,210.0,210.0,Excellent,Walk to local stop + feeder bus,True,3.73,8.6,1,9.0,2.6,0.0,5,11.1,36.3,15,51.3,31-45 min,46-60 min,Minor impact,True,28,25,14,10,77,High,0,Delay-sensitive commuters
EMP0651,Hamburg-Eimsbuettel,urban,53.600422,9.941917,11.61,Kellinghusenstrasse,Hamburg-Eppendorf,U-Bahn,"U1, U3",0.9,3461.0,890.0,890.0,Good,Walk to local stop + feeder bus,True,3.08,7.1,1,11.0,11.1,27.1,5,11.1,72.4,15,87.4,60+ min,60+ min,No impact,False,8,18,14,20,60,Medium,2,Moderate-potential commuters
EMP0652,Kaltenkirchen,outer_suburban,53.806093,9.971433,11.64,Henstedt-Ulzburg,Henstedt-Ulzburg,AKN,"A1, A2",0.7,1919.0,1239.0,1239.0,Acceptable,Walk to local stop + feeder bus,True,0.82,1.9,2,20.0,15.5,15.0,10,11.1,73.5,15,88.5,60+ min,60+ min,No impact,False,8,10,8,20,46,Medium,3,Moderate-potential commuters
EMP0653,Pinneberg,suburban,53.637736,9.814225,13.29,Pinneberg,Pinneberg,S-Bahn / Regional,"S3, RE",0.8,2135.0,546.0,546.0,Good,Walk to local stop + feeder bus,True,1.91,4.4,2,16.0,6.8,17.8,10,11.1,66.1,15,81.1,60+ min,60+ min,No impact,False,8,18,8,20,54,Medium,2,Moderate-potential commuters
EMP0654,Hamburg-City,urban,53.527658,9.988283,19.35,Jungfernstieg,Hamburg-City,U-Bahn / S-Bahn,"U1, U2, U4, S1, S3",0.95,2733.0,614.0,614.0,Good,Walk to local stop + feeder bus,True,2.54,5.9,1,10.0,7.7,31.5,5,11.1,71.1,15,86.1,60+ min,60+ min,No impact,False,8,18,14,20,60,Medium,2,Moderate-potential commuters
EMP0655,Henstedt-Ulzburg,outer_suburban,53.756177,9.9422,6.67,Quickborn,Quickborn,AKN,A1,0.7,3761.0,723.0,723.0,Good,Walk to local stop + feeder bus,True,3.65,8.4,2,20.0,9.0,10.5,10,11.1,69.0,15,84.0,60+ min,60+ min,No impact,False,8,18,8,20,54,Medium,3,Moderate-potential commuters
EMP0656,Hamburg-Eimsbuettel,urban,53.583244,9.956033,13.31,Kellinghusenstrasse,Hamburg-Eppendorf,U-Bahn,"U1, U3",0.9,2304.0,676.0,676.0,Good,Walk to local stop + feeder bus,True,1.95,4.5,1,11.0,8.5,27.1,5,11.1,67.1,15,82.1,60+ min,60+ min,No impact,False,8,18,14,20,60,Medium,2,Moderate-potential commuters
EMP0657,Henstedt-Ulzburg,outer_suburban,53.776662,10.005485,8.45,Henstedt-Ulzburg,Henstedt-Ulzburg,AKN,"A1, A2",0.7,2140.0,1458.0,1458.0,Acceptable,Walk to local stop + feeder bus,True,0.82,1.9,2,20.0,18.2,15.0,10,11.1,76.2,15,91.2,60+ min,60+ min,No impact,False,8,10,8,20,46,Medium,3,Long commute commuters
EMP0658,Hamburg-Altona,urban,53.538436,9.961053,18.22,Altona,Hamburg-Altona,S-Bahn / Regional,"S1, S2, S3, RE",0.95,2289.0,462.0,462.0,Excellent,Walk to local stop + feeder bus,True,2.19,5.1,2,10.0,5.8,22.3,10,11.1,64.2,15,79.2,60+ min,60+ min,No impact,False,8,25,8,20,61,Medium,2,Moderate-potential commuters
EMP0659,Hamburg-Harburg,outer_urban,53.477978,10.041837,25.16,Harburg,Hamburg-Harburg,S-Bahn / Regional,"S3, S5, RE",0.9,4159.0,1160.0,1160.0,Acceptable,Walk to local stop + feeder bus,True,3.6,8.3,3,13.0,14.5,35.2,15,11.1,97.0,15,112.0,60+ min,60+ min,No impact,False,8,10,3,20,41,Low,3,Long commute commuters
EMP0660,Hamburg-Eimsbuettel,urban,53.544177,9.957687,17.61,Altona,Hamburg-Altona,S-Bahn / Regional,"S1, S2, S3, RE",0.95,1733.0,365.0,365.0,Excellent,Walk to local stop + feeder bus,True,1.64,3.8,2,10.0,4.6,22.3,10,11.1,61.7,15,76.7,60+ min,60+ min,No impact,False,8,25,8,20,61,Medium,2,Moderate-potential commuters
EMP0661,Hamburg-Altona,urban,53.559131,9.938192,16.15,Altona,Hamburg-Altona,S-Bahn / Regional,"S1, S2, S3, RE",0.95,820.0,569.0,569.0,Good,Walk directly to major station,False,0.0,0.0,1,4.0,10.3,22.3,5,11.1,52.6,15,67.6,46-60 min,60+ min,Minor impact,False,18,18,14,10,60,Medium,2,Delay-sensitive commuters
EMP0662,Kaltenkirchen,outer_suburban,53.826523,9.97435,13.9,Kaltenkirchen,Kaltenkirchen,AKN,A1,0.65,1419.0,1094.0,1094.0,Acceptable,Walk directly to major station,False,0.0,0.0,1,10.0,17.7,23.8,5,11.1,67.6,15,82.6,60+ min,60+ min,No impact,False,8,10,14,20,52,Medium,3,Moderate-potential commuters
EMP0663,Hamburg-City,urban,53.548241,10.053738,17.66,Wandsbek Markt,Hamburg-Wandsbek,U-Bahn / Bus,"U1, Bus",0.85,2783.0,573.0,573.0,Good,Walk to local stop + feeder bus,True,2.65,6.1,1,12.0,7.2,32.3,5,11.1,73.6,15,88.6,60+ min,60+ min,No impact,False,8,18,14,20,60,Medium,2,Moderate-potential commuters
EMP0664,Norderstedt,near_workplace,53.71109,10.021202,2.63,Norderstedt Mitte,Norderstedt,U-Bahn / AKN,"U1, A2",0.95,1901.0,191.0,191.0,Excellent,Walk to local stop + feeder bus,True,2.05,4.7,1,9.0,2.4,0.0,5,11.1,32.2,15,47.2,31-45 min,46-60 min,Minor impact,True,28,25,14,10,77,High,0,Delay-sensitive commuters
EMP0665,Hamburg-Eimsbuettel,urban,53.554488,9.939773,16.63,Altona,Hamburg-Altona,S-Bahn / Regional,"S1, S2, S3, RE",0.95,419.0,419.0,419.0,Excellent,Walk directly to major station,False,0.0,0.0,1,4.0,5.2,22.3,5,11.1,47.6,15,62.6,46-60 min,60+ min,Minor impact,False,18,25,14,10,67,High,0,Delay-sensitive commuters
EMP0666,Quickborn,suburban,53.709647,9.883898,6.69,Quickborn,Quickborn,AKN,A1,0.7,2718.0,918.0,918.0,Good,Walk to local stop + feeder bus,True,2.16,5.0,2,18.0,11.5,10.5,10,11.1,66.0,15,81.0,60+ min,60+ min,No impact,False,8,18,8,20,54,Medium,3,Moderate-potential commuters
EMP0667,Ahrensburg,suburban,53.682,10.217429,15.49,Ahrensburg,Ahrensburg,Regional,RE,0.75,1620.0,1093.0,1093.0,Acceptable,Walk to local stop + feeder bus,True,0.63,1.5,2,17.0,13.7,20.9,10,11.1,74.0,15,89.0,60+ min,60+ min,No impact,False,8,10,8,20,46,Medium,3,Moderate-potential commuters
EMP0668,Lueneburg,regional,53.213312,10.44119,62.15,Lueneburg,Lueneburg,Regional,RE,0.7,4261.0,1191.0,1191.0,Acceptable,Walk to local stop + feeder bus,True,3.68,8.5,3,22.0,14.9,73.1,15,11.1,144.5,15,159.5,60+ min,60+ min,No impact,False,8,10,3,20,41,Low,1,Long commute commuters
EMP0669,Hamburg-Altona,urban,53.564819,9.907843,16.04,Altona,Hamburg-Altona,S-Bahn / Regional,"S1, S2, S3, RE",0.95,2291.0,599.0,599.0,Good,Walk to local stop + feeder bus,True,2.03,4.7,2,10.0,7.5,22.3,10,11.1,65.5,15,80.5,60+ min,60+ min,No impact,False,8,18,8,20,54,Medium,2,Moderate-potential commuters
EMP0670,Hamburg-Eimsbuettel,urban,53.566849,9.950734,15.16,Altona,Hamburg-Altona,S-Bahn / Regional,"S1, S2, S3, RE",0.95,1951.0,526.0,526.0,Good,Walk to local stop + feeder bus,True,1.71,3.9,2,10.0,6.6,22.3,10,11.1,63.9,15,78.9,60+ min,60+ min,No impact,False,8,18,8,20,54,Medium,2,Moderate-potential commuters
EMP0671,Norderstedt,near_workplace,53.711548,10.009043,1.95,Norderstedt Mitte,Norderstedt,U-Bahn / AKN,"U1, A2",0.95,1139.0,425.0,425.0,Excellent,Walk directly to major station,False,0.0,0.0,0,4.0,14.2,0.0,0,11.1,29.3,15,44.3,0-30 min,31-45 min,Minor impact,False,35,25,20,10,90,Very High,0,High-potential PT users
EMP0672,Hamburg-Barmbek,urban,53.586656,10.015764,12.96,Kellinghusenstrasse,Hamburg-Eppendorf,U-Bahn,"U1, U3",0.9,1707.0,619.0,619.0,Good,Walk to local stop + feeder bus,True,1.31,3.0,1,11.0,7.7,27.1,5,11.1,64.9,15,79.9,60+ min,60+ min,No impact,False,8,18,14,20,60,Medium,2,Moderate-potential commuters
EMP0673,Lueneburg,regional,53.245094,10.394865,57.58,Lueneburg,Lueneburg,Regional,RE,0.7,1314.0,1241.0,1241.0,Acceptable,Walk directly to major station,False,0.0,0.0,2,9.0,16.4,73.1,10,11.1,119.6,15,134.6,60+ min,60+ min,No impact,False,8,10,8,20,46,Medium,1,Long commute commuters
EMP0674,Pinneberg,suburban,53.683075,9.751461,15.49,Pinneberg,Pinneberg,S-Bahn / Regional,"S3, RE",0.8,4410.0,1280.0,1280.0,Acceptable,Walk to local stop + feeder bus,True,3.76,8.7,2,16.0,16.0,17.8,10,11.1,79.6,15,94.6,60+ min,60+ min,No impact,False,8,10,8,20,46,Medium,3,Long commute commuters
EMP0675,Hamburg-Harburg,outer_urban,53.465887,9.989182,26.22,Harburg,Hamburg-Harburg,S-Bahn / Regional,"S3, S5, RE",0.9,1106.0,825.0,825.0,Good,Walk directly to major station,False,0.0,0.0,2,5.0,13.8,35.2,10,11.1,75.0,15,90.0,60+ min,60+ min,No impact,False,8,18,8,20,54,Medium,2,Moderate-potential commuters
EMP0676,Hamburg-Eimsbuettel,urban,53.60173,9.973493,11.14,Kellinghusenstrasse,Hamburg-Eppendorf,U-Bahn,"U1, U3",0.9,1876.0,803.0,803.0,Good,Walk to local stop + feeder bus,True,1.29,3.0,1,11.0,10.0,27.1,5,11.1,67.1,15,82.1,60+ min,60+ min,No impact,False,8,18,14,20,60,Medium,2,Moderate-potential commuters
EMP0677,Kaltenkirchen,outer_suburban,53.840201,10.018263,15.56,Kaltenkirchen,Kaltenkirchen,AKN,A1,0.65,3709.0,1493.0,1493.0,Acceptable,Walk to local stop + feeder bus,True,2.66,6.1,2,21.0,18.7,23.8,10,11.1,90.7,15,105.7,60+ min,60+ min,No impact,False,8,10,8,20,46,Medium,3,Long commute commuters
EMP0678,Hamburg-Wandsbek,urban,53.547361,10.113552,19.15,Wandsbek Markt,Hamburg-Wandsbek,U-Bahn / Bus,"U1, Bus",0.85,4118.0,438.0,438.0,Excellent,Walk to local stop + feeder bus,True,4.42,10.2,1,12.0,5.5,32.3,5,11.1,76.0,15,91.0,60+ min,60+ min,No impact,False,8,25,14,20,67,High,2,Long commute commuters
EMP0679,Norderstedt,near_workplace,53.681564,9.998002,2.41,Garstedt,Norderstedt,U-Bahn,U1,0.85,308.0,308.0,308.0,Excellent,Walk directly to major station,False,0.0,0.0,0,6.0,3.9,5.6,0,11.1,26.5,15,41.5,0-30 min,31-45 min,Minor impact,False,35,25,20,10,90,Very High,0,High-potential PT users
EMP0680,Hamburg-Eimsbuettel,urban,53.586589,9.955091,12.95,Kellinghusenstrasse,Hamburg-Eppendorf,U-Bahn,"U1, U3",0.9,2310.0,574.0,574.0,Good,Walk to local stop + feeder bus,True,2.08,4.8,1,11.0,7.2,27.1,5,11.1,66.1,15,81.1,60+ min,60+ min,No impact,False,8,18,14,20,60,Medium,2,Moderate-potential commuters
EMP0681,Norderstedt,near_workplace,53.710981,9.982893,1.04,Norderstedt Mitte,Norderstedt,U-Bahn / AKN,"U1, A2",0.95,731.0,380.0,380.0,Excellent,Walk directly to major station,False,0.0,0.0,0,4.0,9.1,0.0,0,11.1,24.2,15,39.2,0-30 min,31-45 min,Minor impact,False,35,25,20,10,90,Very High,0,High-potential PT users
EMP0682,Hamburg-City,urban,53.517508,10.001693,20.51,Jungfernstieg,Hamburg-City,U-Bahn / S-Bahn,"U1, U2, U4, S1, S3",0.95,3869.0,337.0,337.0,Excellent,Walk to local stop + feeder bus,True,4.24,9.8,1,10.0,4.2,31.5,5,11.1,71.5,15,86.5,60+ min,60+ min,No impact,False,8,25,14,20,67,High,2,Moderate-potential commuters
EMP0683,Norderstedt,near_workplace,53.69185,9.951588,2.43,Richtweg,Norderstedt,U-Bahn,U1,0.85,2880.0,512.0,512.0,Good,Walk to local stop + feeder bus,True,2.84,6.6,1,11.0,6.4,2.9,5,11.1,43.0,15,58.0,31-45 min,46-60 min,Minor impact,True,28,18,14,10,70,High,0,Delay-sensitive commuters
EMP0684,Hamburg-Wandsbek,urban,53.580864,10.132219,16.59,Wandsbek Markt,Hamburg-Wandsbek,U-Bahn / Bus,"U1, Bus",0.85,4417.0,506.0,506.0,Good,Walk to local stop + feeder bus,True,4.69,10.8,1,12.0,6.3,32.3,5,11.1,77.5,15,92.5,60+ min,60+ min,No impact,False,8,18,14,20,60,Medium,2,Long commute commuters
EMP0685,Hamburg-Harburg,outer_urban,53.438248,10.02362,29.41,Harburg,Hamburg-Harburg,S-Bahn / Regional,"S3, S5, RE",0.9,2926.0,713.0,713.0,Good,Walk to local stop + feeder bus,True,2.66,6.1,3,13.0,8.9,35.2,15,11.1,89.2,15,104.2,60+ min,60+ min,No impact,False,8,18,3,20,49,Medium,3,Long commute commuters
EMP0686,Hamburg-Eimsbuettel,urban,53.556877,9.963638,16.16,Dammtor,Hamburg-City,S-Bahn / Regional,"S-Bahn, RE",0.9,1744.0,876.0,876.0,Good,Walk to local stop + feeder bus,True,1.04,2.4,2,11.0,11.0,20.5,10,11.1,65.9,15,80.9,60+ min,60+ min,No impact,False,8,18,8,20,54,Medium,2,Moderate-potential commuters
EMP0687,Hamburg-Wandsbek,urban,53.575594,10.119018,16.59,Wandsbek Markt,Hamburg-Wandsbek,U-Bahn / Bus,"U1, Bus",0.85,3458.0,677.0,677.0,Good,Walk to local stop + feeder bus,True,3.34,7.7,1,12.0,8.5,32.3,5,11.1,76.5,15,91.5,60+ min,60+ min,No impact,False,8,18,14,20,60,Medium,2,Long commute commuters
EMP0688,Elmshorn,outer_suburban,53.742461,9.675123,20.86,Elmshorn,Elmshorn,Regional,RE,0.7,1940.0,944.0,944.0,Good,Walk to local stop + feeder bus,True,1.2,2.8,3,20.0,11.8,28.8,15,11.1,89.4,15,104.4,60+ min,60+ min,No impact,False,8,18,3,20,49,Medium,3,Long commute commuters
EMP0689,Quickborn,suburban,53.74841,9.867976,9.27,Quickborn,Quickborn,AKN,A1,0.7,3060.0,864.0,864.0,Good,Walk to local stop + feeder bus,True,2.63,6.1,2,18.0,10.8,10.5,10,11.1,66.4,15,81.4,60+ min,60+ min,No impact,False,8,18,8,20,54,Medium,3,Moderate-potential commuters
EMP0690,Hamburg-Barmbek,urban,53.606519,10.076968,12.21,Barmbek,Hamburg-Barmbek,U-Bahn / S-Bahn,"U3, S1",0.9,3073.0,679.0,679.0,Good,Walk to local stop + feeder bus,True,2.87,6.6,2,11.0,8.5,25.2,10,11.1,72.4,15,87.4,60+ min,60+ min,No impact,False,8,18,8,20,54,Medium,2,Moderate-potential commuters
EMP0691,Hamburg-Altona,urban,53.560114,9.910832,16.48,Altona,Hamburg-Altona,S-Bahn / Regional,"S1, S2, S3, RE",0.95,1834.0,289.0,289.0,Excellent,Walk to local stop + feeder bus,True,1.85,4.3,2,10.0,3.6,22.3,10,11.1,61.2,15,76.2,60+ min,60+ min,No impact,False,8,25,8,20,61,Medium,2,Moderate-potential commuters
EMP0692,Kaltenkirchen,outer_suburban,53.839445,9.967749,15.36,Kaltenkirchen,Kaltenkirchen,AKN,A1,0.65,465.0,465.0,465.0,Excellent,Walk directly to major station,False,0.0,0.0,1,10.0,5.8,23.8,5,11.1,55.7,15,70.7,46-60 min,60+ min,Minor impact,False,18,25,14,10,67,High,2,Delay-sensitive commuters
EMP0693,Hamburg-City,urban,53.581186,10.009192,13.5,Kellinghusenstrasse,Hamburg-Eppendorf,U-Bahn,"U1, U3",0.9,1476.0,526.0,526.0,Good,Walk directly to major station,False,0.0,0.0,0,5.0,18.5,27.1,0,11.1,61.6,15,76.6,60+ min,60+ min,No impact,False,8,18,20,20,66,High,2,Moderate-potential commuters
EMP0694,Hamburg-Altona,urban,53.557609,9.933967,16.37,Altona,Hamburg-Altona,S-Bahn / Regional,"S1, S2, S3, RE",0.95,627.0,627.0,627.0,Good,Walk directly to major station,False,0.0,0.0,1,4.0,7.8,22.3,5,11.1,50.2,15,65.2,46-60 min,60+ min,Minor impact,False,18,18,14,10,60,Medium,2,Delay-sensitive commuters
EMP0695,Kaltenkirchen,outer_suburban,53.836854,9.941538,15.29,Kaltenkirchen,Kaltenkirchen,AKN,A1,0.65,1343.0,1080.0,1080.0,Acceptable,Walk directly to major station,False,0.0,0.0,1,10.0,16.8,23.8,5,11.1,66.6,15,81.6,60+ min,60+ min,No impact,False,8,10,14,20,52,Medium,3,Moderate-potential commuters
EMP0696,Hamburg-Barmbek,urban,53.56605,10.018729,15.25,Hamburg Hbf,Hamburg-City,U-Bahn / S-Bahn / Regional,"U1, U2, U3, U4, S-Bahn, RE",1.0,1684.0,678.0,678.0,Good,Walk to local stop + feeder bus,True,1.21,2.8,1,9.0,8.5,21.7,5,11.1,58.0,15,73.0,46-60 min,60+ min,Minor impact,False,18,18,14,10,60,Medium,2,Delay-sensitive commuters
EMP0697,Quickborn,suburban,53.726613,9.906928,5.81,Quickborn,Quickborn,AKN,A1,0.7,524.0,524.0,524.0,Good,Walk directly to major station,False,0.0,0.0,1,9.0,6.6,10.5,5,11.1,42.1,15,57.1,31-45 min,46-60 min,Minor impact,True,28,18,14,10,70,High,0,Delay-sensitive commuters
EMP0698,Hamburg-Harburg,outer_urban,53.422938,9.940587,31.13,Harburg,Hamburg-Harburg,S-Bahn / Regional,"S3, S5, RE",0.9,4966.0,647.0,647.0,Good,Walk to local stop + feeder bus,True,5.18,12.0,3,13.0,8.1,35.2,15,11.1,94.3,15,109.3,60+ min,60+ min,No impact,False,8,18,3,20,49,Medium,3,Long commute commuters
EMP0699,Pinneberg,suburban,53.658156,9.828746,11.35,Pinneberg,Pinneberg,S-Bahn / Regional,"S3, RE",0.8,2142.0,718.0,718.0,Good,Walk to local stop + feeder bus,True,1.71,3.9,2,16.0,9.0,17.8,10,11.1,67.8,15,82.8,60+ min,60+ min,No impact,False,8,18,8,20,54,Medium,3,Moderate-potential commuters
EMP0700,Hamburg-Altona,urban,53.569115,9.966743,14.79,Dammtor,Hamburg-City,S-Bahn / Regional,"S-Bahn, RE",0.9,1748.0,724.0,724.0,Good,Walk to local stop + feeder bus,True,1.23,2.8,2,11.0,9.1,20.5,10,11.1,64.5,15,79.5,60+ min,60+ min,No impact,False,8,18,8,20,54,Medium,2,Moderate-potential commuters
EMP0701,Hamburg-City,urban,53.524736,9.962949,19.73,Altona,Hamburg-Altona,S-Bahn / Regional,"S1, S2, S3, RE",0.95,3550.0,392.0,392.0,Excellent,Walk to local stop + feeder bus,True,3.79,8.7,2,10.0,4.9,22.3,10,11.1,67.0,15,82.0,60+ min,60+ min,No impact,False,8,25,8,20,61,Medium,2,Moderate-potential commuters
EMP0702,Hamburg-Altona,urban,53.550657,9.877708,18.21,Altona,Hamburg-Altona,S-Bahn / Regional,"S1, S2, S3, RE",0.95,3788.0,618.0,618.0,Good,Walk to local stop + feeder bus,True,3.8,8.8,2,10.0,7.7,22.3,10,11.1,69.8,15,84.8,60+ min,60+ min,No impact,False,8,18,8,20,54,Medium,2,Moderate-potential commuters
EMP0703,Norderstedt,near_workplace,53.713152,9.966566,1.74,Norderstedt Mitte,Norderstedt,U-Bahn / AKN,"U1, A2",0.95,1819.0,430.0,430.0,Excellent,Walk to local stop + feeder bus,True,1.67,3.8,1,9.0,5.4,0.0,5,11.1,34.3,15,49.3,31-45 min,46-60 min,Minor impact,True,28,25,14,10,77,High,0,Delay-sensitive commuters
EMP0704,Henstedt-Ulzburg,outer_suburban,53.767933,9.969698,7.43,Henstedt-Ulzburg,Henstedt-Ulzburg,AKN,"A1, A2",0.7,2583.0,1233.0,1233.0,Acceptable,Walk to local stop + feeder bus,True,1.62,3.7,2,20.0,15.4,15.0,10,11.1,75.2,15,90.2,60+ min,60+ min,No impact,False,8,10,8,20,46,Medium,3,Long commute commuters
EMP0705,Hamburg-Altona,urban,53.533282,9.986349,18.73,Jungfernstieg,Hamburg-City,U-Bahn / S-Bahn,"U1, U2, U4, S1, S3",0.95,2142.0,668.0,668.0,Good,Walk to local stop + feeder bus,True,1.77,4.1,1,10.0,8.4,31.5,5,11.1,70.0,15,85.0,60+ min,60+ min,No impact,False,8,18,14,20,60,Medium,2,Moderate-potential commuters
EMP0706,Hamburg-Barmbek,urban,53.576083,9.996286,13.99,Kellinghusenstrasse,Hamburg-Eppendorf,U-Bahn,"U1, U3",0.9,1389.0,905.0,905.0,Good,Walk directly to major station,False,0.0,0.0,0,5.0,17.4,27.1,0,11.1,60.5,15,75.5,60+ min,60+ min,No impact,False,8,18,20,20,66,High,2,Moderate-potential commuters
EMP0707,Ahrensburg,suburban,53.649239,10.265019,19.37,Ahrensburg,Ahrensburg,Regional,RE,0.75,3338.0,1483.0,1483.0,Acceptable,Walk to local stop + feeder bus,True,2.23,5.1,2,17.0,18.5,20.9,10,11.1,82.6,15,97.6,60+ min,60+ min,No impact,False,8,10,8,20,46,Medium,3,Long commute commuters
EMP0708,Ahrensburg,suburban,53.661765,10.241813,17.51,Ahrensburg,Ahrensburg,Regional,RE,0.75,1483.0,1126.0,1126.0,Acceptable,Walk directly to major station,False,0.0,0.0,1,8.0,18.5,20.9,5,11.1,63.4,15,78.4,60+ min,60+ min,No impact,False,8,10,14,20,52,Medium,3,Moderate-potential commuters
EMP0709,Hamburg-Wandsbek,urban,53.586031,10.138224,16.37,Wandsbek Markt,Hamburg-Wandsbek,U-Bahn / Bus,"U1, Bus",0.85,4954.0,378.0,378.0,Excellent,Walk to local stop + feeder bus,True,5.49,12.7,1,12.0,4.7,32.3,5,11.1,77.7,15,92.7,60+ min,60+ min,No impact,False,8,25,14,20,67,High,2,Long commute commuters
EMP0710,Hamburg-Wandsbek,urban,53.622936,10.113383,12.19,Ohlsdorf,Hamburg-Ohlsdorf,U-Bahn / S-Bahn,"U1, S1",0.95,5437.0,757.0,757.0,Good,Walk to local stop + feeder bus,True,5.62,13.0,1,10.0,9.5,18.2,5,11.1,66.6,15,81.6,60+ min,60+ min,No impact,False,8,18,14,20,60,Medium,2,Moderate-potential commuters
EMP0711,Lueneburg,regional,53.261275,10.437512,57.41,Lueneburg,Lueneburg,Regional,RE,0.7,2151.0,1087.0,1087.0,Acceptable,Walk to local stop + feeder bus,True,1.28,2.9,3,22.0,13.6,73.1,15,11.1,137.7,15,152.7,60+ min,60+ min,No impact,False,8,10,3,20,41,Low,1,Long commute commuters
EMP0712,Pinneberg,suburban,53.660213,9.777799,14.38,Pinneberg,Pinneberg,S-Bahn / Regional,"S3, RE",0.8,1442.0,1092.0,1092.0,Acceptable,Walk directly to major station,False,0.0,0.0,1,7.0,18.0,17.8,5,11.1,58.9,15,73.9,46-60 min,60+ min,Minor impact,False,18,10,14,10,52,Medium,2,Delay-sensitive commuters
EMP0713,Ahrensburg,suburban,53.702975,10.205814,14.56,Ahrensburg,Ahrensburg,Regional,RE,0.75,3801.0,1169.0,1169.0,Acceptable,Walk to local stop + feeder bus,True,3.16,7.3,2,17.0,14.6,20.9,10,11.1,80.8,15,95.8,60+ min,60+ min,No impact,False,8,10,8,20,46,Medium,3,Long commute commuters
EMP0714,Kaltenkirchen,outer_suburban,53.871038,9.988536,18.83,Kaltenkirchen,Kaltenkirchen,AKN,A1,0.65,4166.0,980.0,980.0,Good,Walk to local stop + feeder bus,True,3.82,8.8,2,21.0,12.3,23.8,10,11.1,86.9,15,101.9,60+ min,60+ min,No impact,False,8,18,8,20,54,Medium,3,Long commute commuters
EMP0715,Ahrensburg,suburban,53.651113,10.196168,15.03,Ahrensburg,Ahrensburg,Regional,RE,0.75,3875.0,1117.0,1117.0,Acceptable,Walk to local stop + feeder bus,True,3.31,7.6,2,17.0,14.0,20.9,10,11.1,80.5,15,95.5,60+ min,60+ min,No impact,False,8,10,8,20,46,Medium,3,Long commute commuters
EMP0716,Hamburg-City,urban,53.56551,9.948372,15.33,Altona,Hamburg-Altona,S-Bahn / Regional,"S1, S2, S3, RE",0.95,1743.0,880.0,880.0,Good,Walk to local stop + feeder bus,True,1.04,2.4,2,10.0,11.0,22.3,10,11.1,66.7,15,81.7,60+ min,60+ min,No impact,False,8,18,8,20,54,Medium,2,Moderate-potential commuters
EMP0717,Hamburg-Barmbek,urban,53.573656,10.028453,14.53,Barmbek,Hamburg-Barmbek,U-Bahn / S-Bahn,"U3, S1",0.9,1804.0,381.0,381.0,Excellent,Walk to local stop + feeder bus,True,1.71,3.9,2,11.0,4.8,25.2,10,11.1,65.9,15,80.9,60+ min,60+ min,No impact,False,8,25,8,20,61,Medium,2,Moderate-potential commuters
EMP0718,Norderstedt,near_workplace,53.695534,9.938682,3.1,Richtweg,Norderstedt,U-Bahn,U1,0.85,3708.0,763.0,763.0,Good,Walk to local stop + feeder bus,True,3.53,8.2,1,11.0,9.5,2.9,5,11.1,47.7,15,62.7,46-60 min,60+ min,Minor impact,False,18,18,14,10,60,Medium,2,Delay-sensitive commuters
EMP0719,Pinneberg,suburban,53.630828,9.769858,16.19,Pinneberg,Pinneberg,S-Bahn / Regional,"S3, RE",0.8,3137.0,1036.0,1036.0,Acceptable,Walk to local stop + feeder bus,True,2.52,5.8,2,16.0,13.0,17.8,10,11.1,73.7,15,88.7,60+ min,60+ min,No impact,False,8,10,8,20,46,Medium,3,Moderate-potential commuters
EMP0720,Elmshorn,outer_suburban,53.717848,9.678495,20.23,Elmshorn,Elmshorn,Regional,RE,0.7,4356.0,924.0,924.0,Good,Walk to local stop + feeder bus,True,4.12,9.5,3,20.0,11.5,28.8,15,11.1,95.9,15,110.9,60+ min,60+ min,No impact,False,8,18,3,20,49,Medium,3,Long commute commuters
EMP0721,Hamburg-Wandsbek,urban,53.601338,10.082855,12.9,Barmbek,Hamburg-Barmbek,U-Bahn / S-Bahn,"U3, S1",0.9,3019.0,945.0,945.0,Good,Walk to local stop + feeder bus,True,2.49,5.7,2,11.0,11.8,25.2,10,11.1,74.8,15,89.8,60+ min,60+ min,No impact,False,8,18,8,20,54,Medium,2,Moderate-potential commuters
EMP0722,Hamburg-Wandsbek,urban,53.593047,10.136556,15.69,Wandsbek Markt,Hamburg-Wandsbek,U-Bahn / Bus,"U1, Bus",0.85,5154.0,1003.0,1003.0,Acceptable,Walk to local stop + feeder bus,True,4.98,11.5,1,12.0,12.5,32.3,5,11.1,84.3,15,99.3,60+ min,60+ min,No impact,False,8,10,14,20,52,Medium,3,Long commute commuters
EMP0723,Norderstedt,near_workplace,53.679942,10.000374,2.63,Ochsenzoll,Hamburg-Langenhorn,U-Bahn,U1,0.8,330.0,330.0,330.0,Excellent,Walk directly to major station,False,0.0,0.0,0,7.0,4.1,7.1,0,11.1,29.3,15,44.3,0-30 min,31-45 min,Minor impact,False,35,25,20,10,90,Very High,0,High-potential PT users
EMP0724,Elmshorn,outer_suburban,53.78129,9.667701,22.64,Elmshorn,Elmshorn,Regional,RE,0.7,3185.0,968.0,968.0,Good,Walk to local stop + feeder bus,True,2.66,6.1,3,20.0,12.1,28.8,15,11.1,93.1,15,108.1,60+ min,60+ min,No impact,False,8,18,3,20,49,Medium,3,Long commute commuters
EMP0725,Norderstedt,near_workplace,53.683096,9.971804,2.23,Garstedt,Norderstedt,U-Bahn,U1,0.85,1462.0,590.0,590.0,Good,Walk directly to major station,False,0.0,0.0,0,6.0,18.3,5.6,0,11.1,41.0,15,56.0,31-45 min,46-60 min,Minor impact,True,28,18,20,10,76,High,0,Delay-sensitive commuters
EMP0726,Norderstedt,near_workplace,53.690183,9.951846,2.51,Garstedt,Norderstedt,U-Bahn,U1,0.85,2888.0,751.0,751.0,Good,Walk to local stop + feeder bus,True,2.57,5.9,1,11.0,9.4,5.6,5,11.1,48.0,15,63.0,46-60 min,60+ min,Minor impact,False,18,18,14,10,60,Medium,2,Delay-sensitive commuters
EMP0727,Hamburg-City,urban,53.530921,9.951821,19.11,Altona,Hamburg-Altona,S-Bahn / Regional,"S1, S2, S3, RE",0.95,2594.0,933.0,933.0,Good,Walk to local stop + feeder bus,True,1.99,4.6,2,10.0,11.7,22.3,10,11.1,69.6,15,84.6,60+ min,60+ min,No impact,False,8,18,8,20,54,Medium,2,Moderate-potential commuters
EMP0728,Norderstedt,near_workplace,53.68829,9.963486,2.04,Garstedt,Norderstedt,U-Bahn,U1,0.85,2094.0,807.0,807.0,Good,Walk to local stop + feeder bus,True,1.54,3.6,1,11.0,10.1,5.6,5,11.1,46.4,15,61.4,46-60 min,60+ min,Minor impact,False,18,18,14,10,60,Medium,2,Delay-sensitive commuters
EMP0729,Hamburg-Wandsbek,urban,53.572044,10.068363,15.44,Wandsbek Markt,Hamburg-Wandsbek,U-Bahn / Bus,"U1, Bus",0.85,90.0,90.0,90.0,Excellent,Walk directly to major station,False,0.0,0.0,0,6.0,1.1,32.3,0,11.1,50.4,15,65.4,46-60 min,60+ min,Minor impact,False,18,25,20,10,73,High,0,Delay-sensitive commuters
EMP0730,Hamburg-Wandsbek,urban,53.578557,10.137822,17.02,Wandsbek Markt,Hamburg-Wandsbek,U-Bahn / Bus,"U1, Bus",0.85,4732.0,402.0,402.0,Excellent,Walk to local stop + feeder bus,True,5.2,12.0,1,12.0,5.0,32.3,5,11.1,77.3,15,92.3,60+ min,60+ min,No impact,False,8,25,14,20,67,High,2,Long commute commuters
EMP0731,Hamburg-Altona,urban,53.570731,9.899213,15.61,Altona,Hamburg-Altona,S-Bahn / Regional,"S1, S2, S3, RE",0.95,3150.0,301.0,301.0,Excellent,Walk to local stop + feeder bus,True,3.42,7.9,2,10.0,3.8,22.3,10,11.1,65.0,15,80.0,60+ min,60+ min,No impact,False,8,25,8,20,61,Medium,2,Moderate-potential commuters
EMP0732,Norderstedt,near_workplace,53.730378,10.020207,3.96,Norderstedt Mitte,Norderstedt,U-Bahn / AKN,"U1, A2",0.95,3073.0,370.0,370.0,Excellent,Walk to local stop + feeder bus,True,3.24,7.5,1,9.0,4.6,0.0,5,11.1,37.2,15,52.2,31-45 min,46-60 min,Minor impact,True,28,25,14,10,77,High,0,Delay-sensitive commuters
EMP0733,Norderstedt,near_workplace,53.712454,10.046339,4.24,Norderstedt Mitte,Norderstedt,U-Bahn / AKN,"U1, A2",0.95,3558.0,379.0,379.0,Excellent,Walk to local stop + feeder bus,True,3.81,8.8,1,9.0,4.7,0.0,5,11.1,38.6,15,53.6,31-45 min,46-60 min,Minor impact,True,28,25,14,10,77,High,0,Delay-sensitive commuters
EMP0734,Hamburg-Eimsbuettel,urban,53.585758,9.920339,13.57,Altona,Hamburg-Altona,S-Bahn / Regional,"S1, S2, S3, RE",0.95,3877.0,330.0,330.0,Excellent,Walk to local stop + feeder bus,True,4.26,9.8,2,10.0,4.1,22.3,10,11.1,67.3,15,82.3,60+ min,60+ min,No impact,False,8,25,8,20,61,Medium,2,Moderate-potential commuters
EMP0735,Norderstedt,near_workplace,53.689392,9.975763,1.49,Garstedt,Norderstedt,U-Bahn,U1,0.85,1395.0,531.0,531.0,Good,Walk directly to major station,False,0.0,0.0,0,6.0,17.4,5.6,0,11.1,40.1,15,55.1,31-45 min,46-60 min,Minor impact,True,28,18,20,10,76,High,0,Delay-sensitive commuters
EMP0736,Pinneberg,suburban,53.623443,9.820071,13.9,Pinneberg,Pinneberg,S-Bahn / Regional,"S3, RE",0.8,3723.0,770.0,770.0,Good,Walk to local stop + feeder bus,True,3.54,8.2,2,16.0,9.6,17.8,10,11.1,72.7,15,87.7,60+ min,60+ min,No impact,False,8,18,8,20,54,Medium,3,Moderate-potential commuters
EMP0737,Hamburg-City,urban,53.546765,9.950584,17.37,Altona,Hamburg-Altona,S-Bahn / Regional,"S1, S2, S3, RE",0.95,1183.0,537.0,537.0,Good,Walk directly to major station,False,0.0,0.0,1,4.0,14.8,22.3,5,11.1,57.1,15,72.1,46-60 min,60+ min,Minor impact,False,18,18,14,10,60,Medium,2,Delay-sensitive commuters
EMP0738,Hamburg-Altona,urban,53.544529,9.945027,17.67,Altona,Hamburg-Altona,S-Bahn / Regional,"S1, S2, S3, RE",0.95,1063.0,520.0,520.0,Good,Walk directly to major station,False,0.0,0.0,1,4.0,13.3,22.3,5,11.1,55.6,15,70.6,46-60 min,60+ min,Minor impact,False,18,18,14,10,60,Medium,2,Delay-sensitive commuters
EMP0739,Hamburg-Eimsbuettel,urban,53.583027,9.974754,13.21,Kellinghusenstrasse,Hamburg-Eppendorf,U-Bahn,"U1, U3",0.9,1148.0,566.0,566.0,Good,Walk directly to major station,False,0.0,0.0,0,5.0,14.4,27.1,0,11.1,57.5,15,72.5,46-60 min,60+ min,Minor impact,False,18,18,20,10,66,High,0,Delay-sensitive commuters
EMP0740,Hamburg-Eimsbuettel,urban,53.552957,9.993355,16.55,Jungfernstieg,Hamburg-City,U-Bahn / S-Bahn,"U1, U2, U4, S1, S3",0.95,115.0,115.0,115.0,Excellent,Walk directly to major station,False,0.0,0.0,0,4.0,1.4,31.5,0,11.1,48.0,15,63.0,46-60 min,60+ min,Minor impact,False,18,25,20,10,73,High,0,Delay-sensitive commuters
EMP0741,Norderstedt,near_workplace,53.689546,9.994045,1.49,Richtweg,Norderstedt,U-Bahn,U1,0.85,610.0,368.0,368.0,Excellent,Walk directly to major station,False,0.0,0.0,0,6.0,7.6,2.9,0,11.1,27.6,15,42.6,0-30 min,31-45 min,Minor impact,False,35,25,20,10,90,Very High,0,High-potential PT users
EMP0742,Norderstedt,near_workplace,53.723501,10.016835,3.22,Norderstedt Mitte,Norderstedt,U-Bahn / AKN,"U1, A2",0.95,2339.0,429.0,429.0,Excellent,Walk to local stop + feeder bus,True,2.29,5.3,1,9.0,5.4,0.0,5,11.1,35.7,15,50.7,31-45 min,46-60 min,Minor impact,True,28,25,14,10,77,High,0,Delay-sensitive commuters
EMP0743,Henstedt-Ulzburg,outer_suburban,53.802194,9.940758,11.54,Henstedt-Ulzburg,Henstedt-Ulzburg,AKN,"A1, A2",0.7,3029.0,1152.0,1152.0,Acceptable,Walk to local stop + feeder bus,True,2.25,5.2,2,20.0,14.4,15.0,10,11.1,75.7,15,90.7,60+ min,60+ min,No impact,False,8,10,8,20,46,Medium,3,Long commute commuters
EMP0744,Norderstedt,near_workplace,53.71155,9.940999,3.07,Quickborn,Quickborn,AKN,A1,0.7,3256.0,868.0,868.0,Good,Walk to local stop + feeder bus,True,2.87,6.6,2,14.0,10.8,10.5,10,11.1,63.0,15,78.0,60+ min,60+ min,No impact,False,8,18,8,20,54,Medium,3,Moderate-potential commuters
EMP0745,Hamburg-Wandsbek,urban,53.610262,10.121268,13.58,Wandsbek Markt,Hamburg-Wandsbek,U-Bahn / Bus,"U1, Bus",0.85,5561.0,336.0,336.0,Excellent,Walk to local stop + feeder bus,True,6.27,14.5,1,12.0,4.2,32.3,5,11.1,79.0,15,94.0,60+ min,60+ min,No impact,False,8,25,14,20,67,High,2,Long commute commuters
EMP0746,Hamburg-Wandsbek,urban,53.610927,10.071069,11.59,Ohlsdorf,Hamburg-Ohlsdorf,U-Bahn / S-Bahn,"U1, S1",0.95,2871.0,442.0,442.0,Excellent,Walk to local stop + feeder bus,True,2.91,6.7,1,10.0,5.5,18.2,5,11.1,56.5,15,71.5,46-60 min,60+ min,Minor impact,False,18,25,14,10,67,High,2,Delay-sensitive commuters
EMP0747,Hamburg-Altona,urban,53.582868,9.953339,13.37,Kellinghusenstrasse,Hamburg-Eppendorf,U-Bahn,"U1, U3",0.9,2486.0,337.0,337.0,Excellent,Walk to local stop + feeder bus,True,2.58,6.0,1,11.0,4.2,27.1,5,11.1,64.3,15,79.3,60+ min,60+ min,No impact,False,8,25,14,20,67,High,2,Moderate-potential commuters
EMP0748,Hamburg-Wandsbek,urban,53.607534,10.046698,11.24,Ohlsdorf,Hamburg-Ohlsdorf,U-Bahn / S-Bahn,"U1, S1",0.95,1821.0,706.0,706.0,Good,Walk to local stop + feeder bus,True,1.34,3.1,1,10.0,8.8,18.2,5,11.1,56.1,15,71.1,46-60 min,60+ min,Minor impact,False,18,18,14,10,60,Medium,2,Delay-sensitive commuters
EMP0749,Ahrensburg,suburban,53.657342,10.229845,16.89,Ahrensburg,Ahrensburg,Regional,RE,0.75,2054.0,1383.0,1383.0,Acceptable,Walk to local stop + feeder bus,True,0.8,1.9,2,17.0,17.3,20.9,10,11.1,78.1,15,93.1,60+ min,60+ min,No impact,False,8,10,8,20,46,Medium,3,Long commute commuters
EMP0750,Henstedt-Ulzburg,outer_suburban,53.804443,9.935202,11.88,Henstedt-Ulzburg,Henstedt-Ulzburg,AKN,"A1, A2",0.7,3468.0,1294.0,1294.0,Acceptable,Walk to local stop + feeder bus,True,2.61,6.0,2,20.0,16.2,15.0,10,11.1,78.3,15,93.3,60+ min,60+ min,No impact,False,8,10,8,20,46,Medium,3,Long commute commuters
EMP0751,Hamburg-Altona,urban,53.57911,9.94559,13.87,Kellinghusenstrasse,Hamburg-Eppendorf,U-Bahn,"U1, U3",0.9,3094.0,669.0,669.0,Good,Walk to local stop + feeder bus,True,2.91,6.7,1,11.0,8.4,27.1,5,11.1,69.2,15,84.2,60+ min,60+ min,No impact,False,8,18,14,20,60,Medium,2,Moderate-potential commuters
EMP0752,Hamburg-Altona,urban,53.581239,9.918097,14.09,Altona,Hamburg-Altona,S-Bahn / Regional,"S1, S2, S3, RE",0.95,3438.0,557.0,557.0,Good,Walk to local stop + feeder bus,True,3.46,8.0,2,10.0,7.0,22.3,10,11.1,68.3,15,83.3,60+ min,60+ min,No impact,False,8,18,8,20,54,Medium,2,Moderate-potential commuters
EMP0753,Hamburg-City,urban,53.549685,10.007503,16.97,Hamburg Hbf,Hamburg-City,U-Bahn / S-Bahn / Regional,"U1, U2, U3, U4, S-Bahn, RE",1.0,339.0,339.0,339.0,Excellent,Walk directly to major station,False,0.0,0.0,0,3.0,4.2,21.7,0,11.1,40.0,15,55.0,31-45 min,46-60 min,Minor impact,True,28,25,20,10,83,Very High,0,High-potential PT users
EMP0754,Hamburg-Wandsbek,urban,53.623878,10.056412,9.86,Ohlsdorf,Hamburg-Ohlsdorf,U-Bahn / S-Bahn,"U1, S1",0.95,1706.0,569.0,569.0,Good,Walk to local stop + feeder bus,True,1.36,3.1,1,10.0,7.1,18.2,5,11.1,54.5,15,69.5,46-60 min,60+ min,Minor impact,False,18,18,14,10,60,Medium,2,Delay-sensitive commuters
EMP0755,Pinneberg,suburban,53.62718,9.78791,15.38,Pinneberg,Pinneberg,S-Bahn / Regional,"S3, RE",0.8,3042.0,832.0,832.0,Good,Walk to local stop + feeder bus,True,2.65,6.1,2,16.0,10.4,17.8,10,11.1,71.4,15,86.4,60+ min,60+ min,No impact,False,8,18,8,20,54,Medium,3,Moderate-potential commuters
EMP0756,Hamburg-City,urban,53.528394,10.00285,19.31,Jungfernstieg,Hamburg-City,U-Bahn / S-Bahn,"U1, U2, U4, S1, S3",0.95,2689.0,495.0,495.0,Excellent,Walk to local stop + feeder bus,True,2.63,6.1,1,10.0,6.2,31.5,5,11.1,69.8,15,84.8,60+ min,60+ min,No impact,False,8,25,14,20,67,High,2,Moderate-potential commuters
EMP0757,Hamburg-Altona,urban,53.558198,9.947867,16.14,Altona,Hamburg-Altona,S-Bahn / Regional,"S1, S2, S3, RE",0.95,1094.0,563.0,563.0,Good,Walk directly to major station,False,0.0,0.0,1,4.0,13.7,22.3,5,11.1,56.0,15,71.0,46-60 min,60+ min,Minor impact,False,18,18,14,10,60,Medium,2,Delay-sensitive commuters
EMP0758,Elmshorn,outer_suburban,53.758462,9.722276,18.37,Elmshorn,Elmshorn,Regional,RE,0.7,4581.0,1055.0,1055.0,Acceptable,Walk to local stop + feeder bus,True,4.23,9.8,3,20.0,13.2,28.8,15,11.1,97.8,15,112.8,60+ min,60+ min,No impact,False,8,10,3,20,41,Low,3,Long commute commuters
EMP0759,Norderstedt,near_workplace,53.717445,10.017997,2.81,Norderstedt Mitte,Norderstedt,U-Bahn / AKN,"U1, A2",0.95,1963.0,265.0,265.0,Excellent,Walk to local stop + feeder bus,True,2.04,4.7,1,9.0,3.3,0.0,5,11.1,33.1,15,48.1,31-45 min,46-60 min,Minor impact,True,28,25,14,10,77,High,0,Delay-sensitive commuters
EMP0760,Hamburg-Wandsbek,urban,53.563374,10.072716,16.44,Wandsbek Markt,Hamburg-Wandsbek,U-Bahn / Bus,"U1, Bus",0.85,1031.0,1031.0,1031.0,Acceptable,Walk directly to major station,False,0.0,0.0,0,6.0,12.9,32.3,0,11.1,62.2,15,77.2,60+ min,60+ min,No impact,False,8,10,20,20,58,Medium,2,Moderate-potential commuters
EMP0761,Quickborn,suburban,53.743029,9.941086,5.41,Quickborn,Quickborn,AKN,A1,0.7,2782.0,986.0,986.0,Good,Walk to local stop + feeder bus,True,2.15,5.0,2,18.0,12.3,10.5,10,11.1,66.8,15,81.8,60+ min,60+ min,No impact,False,8,18,8,20,54,Medium,3,Moderate-potential commuters
EMP0762,Norderstedt,near_workplace,53.68773,10.030511,3.4,Ochsenzoll,Hamburg-Langenhorn,U-Bahn,U1,0.8,2281.0,666.0,666.0,Good,Walk to local stop + feeder bus,True,1.94,4.5,1,12.0,8.3,7.1,5,11.1,47.9,15,62.9,46-60 min,60+ min,Minor impact,False,18,18,14,10,60,Medium,2,Delay-sensitive commuters
EMP0763,Norderstedt,near_workplace,53.718926,9.982602,1.92,Norderstedt Mitte,Norderstedt,U-Bahn / AKN,"U1, A2",0.95,1388.0,181.0,181.0,Excellent,Walk directly to major station,False,0.0,0.0,0,4.0,17.3,0.0,0,11.1,32.4,15,47.4,31-45 min,46-60 min,Minor impact,True,28,25,20,10,83,Very High,0,High-potential PT users
EMP0764,Norderstedt,near_workplace,53.736294,9.965071,4.06,Norderstedt Mitte,Norderstedt,U-Bahn / AKN,"U1, A2",0.95,3637.0,464.0,464.0,Excellent,Walk to local stop + feeder bus,True,3.81,8.8,1,9.0,5.8,0.0,5,11.1,39.6,15,54.6,31-45 min,46-60 min,Minor impact,True,28,25,14,10,77,High,0,Delay-sensitive commuters
EMP0765,Kaltenkirchen,outer_suburban,53.854062,9.908684,17.66,Kaltenkirchen,Kaltenkirchen,AKN,A1,0.65,3979.0,1429.0,1429.0,Acceptable,Walk to local stop + feeder bus,True,3.06,7.1,2,21.0,17.9,23.8,10,11.1,90.8,15,105.8,60+ min,60+ min,No impact,False,8,10,8,20,46,Medium,3,Long commute commuters
EMP0766,Norderstedt,near_workplace,53.686016,9.961647,2.31,Garstedt,Norderstedt,U-Bahn,U1,0.85,2157.0,452.0,452.0,Excellent,Walk to local stop + feeder bus,True,2.05,4.7,1,11.0,5.7,5.6,5,11.1,43.1,15,58.1,31-45 min,46-60 min,Minor impact,True,28,25,14,10,77,High,0,Delay-sensitive commuters
EMP0767,Hamburg-City,urban,53.54941,9.986451,16.93,Jungfernstieg,Hamburg-City,U-Bahn / S-Bahn,"U1, U2, U4, S1, S3",0.95,576.0,576.0,576.0,Good,Walk directly to major station,False,0.0,0.0,0,4.0,7.2,31.5,0,11.1,53.8,15,68.8,46-60 min,60+ min,Minor impact,False,18,18,20,10,66,High,0,Delay-sensitive commuters
EMP0768,Norderstedt,near_workplace,53.733626,9.982874,3.55,Norderstedt Mitte,Norderstedt,U-Bahn / AKN,"U1, A2",0.95,2923.0,442.0,442.0,Excellent,Walk to local stop + feeder bus,True,2.98,6.9,1,9.0,5.5,0.0,5,11.1,37.4,15,52.4,31-45 min,46-60 min,Minor impact,True,28,25,14,10,77,High,0,Delay-sensitive commuters
EMP0769,Norderstedt,near_workplace,53.711348,9.958334,2.03,Norderstedt Mitte,Norderstedt,U-Bahn / AKN,"U1, A2",0.95,2299.0,627.0,627.0,Good,Walk to local stop + feeder bus,True,2.01,4.6,1,9.0,7.8,0.0,5,11.1,37.5,15,52.5,31-45 min,46-60 min,Minor impact,True,28,18,14,10,70,High,0,Delay-sensitive commuters
EMP0770,Hamburg-Harburg,outer_urban,53.492063,9.987203,23.31,Harburg,Hamburg-Harburg,S-Bahn / Regional,"S3, S5, RE",0.9,4018.0,840.0,840.0,Good,Walk to local stop + feeder bus,True,3.81,8.8,3,13.0,10.5,35.2,15,11.1,93.5,15,108.5,60+ min,60+ min,No impact,False,8,18,3,20,49,Medium,3,Long commute commuters
EMP0771,Hamburg-City,urban,53.527303,9.991889,19.4,Jungfernstieg,Hamburg-City,U-Bahn / S-Bahn,"U1, U2, U4, S1, S3",0.95,2750.0,473.0,473.0,Excellent,Walk to local stop + feeder bus,True,2.73,6.3,1,10.0,5.9,31.5,5,11.1,69.8,15,84.8,60+ min,60+ min,No impact,False,8,25,14,20,67,High,2,Moderate-potential commuters
EMP0772,Hamburg-Barmbek,urban,53.580579,10.066443,14.51,Wandsbek Markt,Hamburg-Wandsbek,U-Bahn / Bus,"U1, Bus",0.85,955.0,596.0,596.0,Good,Walk directly to major station,False,0.0,0.0,0,6.0,11.9,32.3,0,11.1,61.2,15,76.2,60+ min,60+ min,No impact,False,8,18,20,20,66,High,2,Moderate-potential commuters
EMP0773,Hamburg-Harburg,outer_urban,53.432818,9.975019,29.91,Harburg,Hamburg-Harburg,S-Bahn / Regional,"S3, S5, RE",0.9,2787.0,881.0,881.0,Good,Walk to local stop + feeder bus,True,2.29,5.3,3,13.0,11.0,35.2,15,11.1,90.5,15,105.5,60+ min,60+ min,No impact,False,8,18,3,20,49,Medium,3,Long commute commuters
EMP0774,Henstedt-Ulzburg,outer_suburban,53.809398,9.978045,11.98,Henstedt-Ulzburg,Henstedt-Ulzburg,AKN,"A1, A2",0.7,2173.0,1443.0,1443.0,Acceptable,Walk to local stop + feeder bus,True,0.88,2.0,2,20.0,18.0,15.0,10,11.1,76.1,15,91.1,60+ min,60+ min,No impact,False,8,10,8,20,46,Medium,3,Long commute commuters
EMP0775,Norderstedt,near_workplace,53.698718,10.024896,2.67,Richtweg,Norderstedt,U-Bahn,U1,0.85,2011.0,237.0,237.0,Excellent,Walk to local stop + feeder bus,True,2.13,4.9,1,11.0,3.0,2.9,5,11.1,37.9,15,52.9,31-45 min,46-60 min,Minor impact,True,28,25,14,10,77,High,0,Delay-sensitive commuters
EMP0776,Henstedt-Ulzburg,outer_suburban,53.760342,9.969518,6.6,Henstedt-Ulzburg,Henstedt-Ulzburg,AKN,"A1, A2",0.7,3398.0,593.0,593.0,Good,Walk to local stop + feeder bus,True,3.37,7.8,2,20.0,7.4,15.0,10,11.1,71.3,15,86.3,60+ min,60+ min,No impact,False,8,18,8,20,54,Medium,3,Moderate-potential commuters
EMP0777,Hamburg-Harburg,outer_urban,53.432817,9.925092,30.16,Harburg,Hamburg-Harburg,S-Bahn / Regional,"S3, S5, RE",0.9,5069.0,647.0,647.0,Good,Walk to local stop + feeder bus,True,5.31,12.2,3,13.0,8.1,35.2,15,11.1,94.5,15,109.5,60+ min,60+ min,No impact,False,8,18,3,20,49,Medium,3,Long commute commuters
EMP0778,Hamburg-City,urban,53.544516,10.042954,17.9,Hamburg Hbf,Hamburg-City,U-Bahn / S-Bahn / Regional,"U1, U2, U3, U4, S-Bahn, RE",1.0,2562.0,784.0,784.0,Good,Walk to local stop + feeder bus,True,2.13,4.9,1,9.0,9.8,21.7,5,11.1,61.5,15,76.5,60+ min,60+ min,No impact,False,8,18,14,20,60,Medium,2,Moderate-potential commuters
EMP0779,Quickborn,suburban,53.747231,9.906889,7.2,Quickborn,Quickborn,AKN,A1,0.7,1815.0,1368.0,1368.0,Acceptable,Walk to local stop + feeder bus,True,0.54,1.2,2,18.0,17.1,10.5,10,11.1,67.9,15,82.9,60+ min,60+ min,No impact,False,8,10,8,20,46,Medium,3,Moderate-potential commuters
EMP0780,Henstedt-Ulzburg,outer_suburban,53.783275,9.987034,9.07,Henstedt-Ulzburg,Henstedt-Ulzburg,AKN,"A1, A2",0.7,818.0,818.0,818.0,Good,Walk directly to major station,False,0.0,0.0,1,9.0,10.2,15.0,5,11.1,50.3,15,65.3,46-60 min,60+ min,Minor impact,False,18,18,14,10,60,Medium,2,Delay-sensitive commuters
EMP0781,Hamburg-City,urban,53.52917,9.96004,19.25,Altona,Hamburg-Altona,S-Bahn / Regional,"S1, S2, S3, RE",0.95,3030.0,604.0,604.0,Good,Walk to local stop + feeder bus,True,2.91,6.7,2,10.0,7.5,22.3,10,11.1,67.6,15,82.6,60+ min,60+ min,No impact,False,8,18,8,20,54,Medium,2,Moderate-potential commuters
EMP0782,Kaltenkirchen,outer_suburban,53.836335,9.907146,15.81,Kaltenkirchen,Kaltenkirchen,AKN,A1,0.65,3600.0,1427.0,1427.0,Acceptable,Walk to local stop + feeder bus,True,2.61,6.0,2,21.0,17.8,23.8,10,11.1,89.7,15,104.7,60+ min,60+ min,No impact,False,8,10,8,20,46,Medium,3,Long commute commuters
EMP0783,Hamburg-Wandsbek,urban,53.560786,10.054283,16.33,Wandsbek Markt,Hamburg-Wandsbek,U-Bahn / Bus,"U1, Bus",0.85,1503.0,421.0,421.0,Excellent,Walk to local stop + feeder bus,True,1.3,3.0,1,12.0,5.3,32.3,5,11.1,68.6,15,83.6,60+ min,60+ min,No impact,False,8,25,14,20,67,High,2,Moderate-potential commuters
EMP0784,Hamburg-Harburg,outer_urban,53.473765,9.989131,25.35,Harburg,Hamburg-Harburg,S-Bahn / Regional,"S3, S5, RE",0.9,1979.0,729.0,729.0,Good,Walk to local stop + feeder bus,True,1.5,3.5,3,13.0,9.1,35.2,15,11.1,86.8,15,101.8,60+ min,60+ min,No impact,False,8,18,3,20,49,Medium,3,Long commute commuters
EMP0785,Lueneburg,regional,53.221736,10.351877,58.65,Lueneburg,Lueneburg,Regional,RE,0.7,5062.0,2032.0,2032.0,Poor,Walk to local stop + feeder bus,True,3.64,8.4,3,22.0,25.4,73.1,15,11.1,154.9,15,169.9,60+ min,60+ min,No impact,False,8,4,3,20,35,Low,1,Poor station access commuters
EMP0786,Hamburg-Eimsbuettel,urban,53.597829,9.960431,11.66,Kellinghusenstrasse,Hamburg-Eppendorf,U-Bahn,"U1, U3",0.9,2237.0,284.0,284.0,Excellent,Walk to local stop + feeder bus,True,2.34,5.4,1,11.0,3.5,27.1,5,11.1,63.1,15,78.1,60+ min,60+ min,No impact,False,8,25,14,20,67,High,2,Moderate-potential commuters
EMP0787,Ahrensburg,suburban,53.675234,10.177772,13.06,Ahrensburg,Ahrensburg,Regional,RE,0.75,4033.0,970.0,970.0,Good,Walk to local stop + feeder bus,True,3.68,8.5,2,17.0,12.1,20.9,10,11.1,79.5,15,94.5,60+ min,60+ min,No impact,False,8,18,8,20,54,Medium,3,Long commute commuters
EMP0788,Hamburg-Altona,urban,53.522764,9.921617,20.33,Altona,Hamburg-Altona,S-Bahn / Regional,"S1, S2, S3, RE",0.95,3369.0,508.0,508.0,Good,Walk to local stop + feeder bus,True,3.43,7.9,2,10.0,6.3,22.3,10,11.1,67.6,15,82.6,60+ min,60+ min,No impact,False,8,18,8,20,54,Medium,2,Moderate-potential commuters
EMP0789,Ahrensburg,suburban,53.662656,10.180091,13.59,Ahrensburg,Ahrensburg,Regional,RE,0.75,4116.0,1050.0,1050.0,Acceptable,Walk to local stop + feeder bus,True,3.68,8.5,2,17.0,13.1,20.9,10,11.1,80.5,15,95.5,60+ min,60+ min,No impact,False,8,10,8,20,46,Medium,3,Long commute commuters
EMP0790,Hamburg-Harburg,outer_urban,53.491171,10.033601,23.63,Harburg,Hamburg-Harburg,S-Bahn / Regional,"S3, S5, RE",0.9,4821.0,1324.0,1324.0,Acceptable,Walk to local stop + feeder bus,True,4.2,9.7,3,13.0,16.6,35.2,15,11.1,100.4,15,115.4,60+ min,60+ min,No impact,False,8,10,3,20,41,Low,1,Long commute commuters
EMP0791,Hamburg-City,urban,53.583613,10.002727,13.18,Kellinghusenstrasse,Hamburg-Eppendorf,U-Bahn,"U1, U3",0.9,971.0,612.0,612.0,Good,Walk directly to major station,False,0.0,0.0,0,5.0,12.1,27.1,0,11.1,55.3,15,70.3,46-60 min,60+ min,Minor impact,False,18,18,20,10,66,High,0,Delay-sensitive commuters
EMP0792,Hamburg-Eimsbuettel,urban,53.586725,9.967363,12.84,Kellinghusenstrasse,Hamburg-Eppendorf,U-Bahn,"U1, U3",0.9,1501.0,541.0,541.0,Good,Walk to local stop + feeder bus,True,1.15,2.7,1,11.0,6.8,27.1,5,11.1,63.6,15,78.6,60+ min,60+ min,No impact,False,8,18,14,20,60,Medium,2,Moderate-potential commuters
EMP0793,Hamburg-Altona,urban,53.574039,9.93599,14.55,Altona,Hamburg-Altona,S-Bahn / Regional,"S1, S2, S3, RE",0.95,2451.0,825.0,825.0,Good,Walk to local stop + feeder bus,True,1.95,4.5,2,10.0,10.3,22.3,10,11.1,68.2,15,83.2,60+ min,60+ min,No impact,False,8,18,8,20,54,Medium,2,Moderate-potential commuters
EMP0794,Norderstedt,near_workplace,53.699577,10.016401,2.11,Richtweg,Norderstedt,U-Bahn,U1,0.85,1498.0,270.0,270.0,Excellent,Walk directly to major station,False,0.0,0.0,0,6.0,18.7,2.9,0,11.1,38.7,15,53.7,31-45 min,46-60 min,Minor impact,True,28,25,20,10,83,Very High,0,High-potential PT users
EMP0795,Norderstedt,near_workplace,53.685212,10.006682,2.34,Garstedt,Norderstedt,U-Bahn,U1,0.85,871.0,553.0,553.0,Good,Walk directly to major station,False,0.0,0.0,0,6.0,10.9,5.6,0,11.1,33.6,15,48.6,31-45 min,46-60 min,Minor impact,True,28,18,20,10,76,High,0,Delay-sensitive commuters
EMP0796,Hamburg-Eimsbuettel,urban,53.5777,9.906623,14.72,Altona,Hamburg-Altona,S-Bahn / Regional,"S1, S2, S3, RE",0.95,3417.0,967.0,967.0,Good,Walk to local stop + feeder bus,True,2.94,6.8,2,10.0,12.1,22.3,10,11.1,72.2,15,87.2,60+ min,60+ min,No impact,False,8,18,8,20,54,Medium,2,Moderate-potential commuters
EMP0797,Norderstedt,near_workplace,53.699696,9.977426,0.52,Richtweg,Norderstedt,U-Bahn,U1,0.85,1269.0,469.0,469.0,Excellent,Walk directly to major station,False,0.0,0.0,0,6.0,15.9,2.9,0,11.1,35.9,15,50.9,31-45 min,46-60 min,Minor impact,True,28,25,20,10,83,Very High,0,High-potential PT users
EMP0798,Hamburg-City,urban,53.541411,10.049326,18.33,Hamburg Hbf,Hamburg-City,U-Bahn / S-Bahn / Regional,"U1, U2, U3, U4, S-Bahn, RE",1.0,3083.0,964.0,964.0,Good,Walk to local stop + feeder bus,True,2.54,5.9,1,9.0,12.0,21.7,5,11.1,64.7,15,79.7,60+ min,60+ min,No impact,False,8,18,14,20,60,Medium,2,Moderate-potential commuters
EMP0799,Quickborn,suburban,53.748505,9.922557,6.61,Quickborn,Quickborn,AKN,A1,0.7,2297.0,923.0,923.0,Good,Walk to local stop + feeder bus,True,1.65,3.8,2,18.0,11.5,10.5,10,11.1,64.9,15,79.9,60+ min,60+ min,No impact,False,8,18,8,20,54,Medium,3,Moderate-potential commuters
EMP0800,Pinneberg,suburban,53.695977,9.775424,13.78,Pinneberg,Pinneberg,S-Bahn / Regional,"S3, RE",0.8,4879.0,992.0,992.0,Good,Walk to local stop + feeder bus,True,4.66,10.8,2,16.0,12.4,17.8,10,11.1,78.1,15,93.1,60+ min,60+ min,No impact,False,8,18,8,20,54,Medium,3,Long commute commuters
EMP0801,Quickborn,suburban,53.704025,9.928345,3.71,Quickborn,Quickborn,AKN,A1,0.7,3400.0,1513.0,1513.0,Poor,Walk to local stop + feeder bus,True,2.27,5.2,2,18.0,18.9,10.5,10,11.1,73.7,15,88.7,60+ min,60+ min,No impact,False,8,4,8,20,40,Low,3,Poor station access commuters
EMP0802,Hamburg-Altona,urban,53.519868,9.949133,20.35,Altona,Hamburg-Altona,S-Bahn / Regional,"S1, S2, S3, RE",0.95,3693.0,681.0,681.0,Good,Walk to local stop + feeder bus,True,3.61,8.3,2,10.0,8.5,22.3,10,11.1,70.2,15,85.2,60+ min,60+ min,No impact,False,8,18,8,20,54,Medium,2,Moderate-potential commuters
EMP0803,Kaltenkirchen,outer_suburban,53.853767,9.967714,16.95,Kaltenkirchen,Kaltenkirchen,AKN,A1,0.65,1902.0,1228.0,1228.0,Acceptable,Walk to local stop + feeder bus,True,0.81,1.9,2,21.0,15.4,23.8,10,11.1,83.1,15,98.1,60+ min,60+ min,No impact,False,8,10,8,20,46,Medium,3,Long commute commuters
EMP0804,Hamburg-Harburg,outer_urban,53.443634,9.95901,28.75,Harburg,Hamburg-Harburg,S-Bahn / Regional,"S3, S5, RE",0.9,2526.0,1026.0,1026.0,Acceptable,Walk to local stop + feeder bus,True,1.8,4.2,3,13.0,12.8,35.2,15,11.1,91.2,15,106.2,60+ min,60+ min,No impact,False,8,10,3,20,41,Low,3,Long commute commuters
EMP0805,Norderstedt,near_workplace,53.69625,9.963823,1.5,Richtweg,Norderstedt,U-Bahn,U1,0.85,2057.0,418.0,418.0,Excellent,Walk to local stop + feeder bus,True,1.97,4.5,1,11.0,5.2,2.9,5,11.1,39.8,15,54.8,31-45 min,46-60 min,Minor impact,True,28,25,14,10,77,High,0,Delay-sensitive commuters
EMP0806,Norderstedt,near_workplace,53.731688,9.958988,3.74,Norderstedt Mitte,Norderstedt,U-Bahn / AKN,"U1, A2",0.95,3448.0,502.0,502.0,Good,Walk to local stop + feeder bus,True,3.53,8.2,1,9.0,6.3,0.0,5,11.1,39.5,15,54.5,31-45 min,46-60 min,Minor impact,True,28,18,14,10,70,High,0,Delay-sensitive commuters
EMP0807,Pinneberg,suburban,53.623395,9.801706,14.87,Pinneberg,Pinneberg,S-Bahn / Regional,"S3, RE",0.8,3417.0,1048.0,1048.0,Acceptable,Walk to local stop + feeder bus,True,2.84,6.6,2,16.0,13.1,17.8,10,11.1,74.6,15,89.6,60+ min,60+ min,No impact,False,8,10,8,20,46,Medium,3,Moderate-potential commuters
EMP0808,Hamburg-City,urban,53.547745,10.035968,17.45,Hamburg Hbf,Hamburg-City,U-Bahn / S-Bahn / Regional,"U1, U2, U3, U4, S-Bahn, RE",1.0,2010.0,357.0,357.0,Excellent,Walk to local stop + feeder bus,True,1.98,4.6,1,9.0,4.5,21.7,5,11.1,55.8,15,70.8,46-60 min,60+ min,Minor impact,False,18,25,14,10,67,High,2,Delay-sensitive commuters
EMP0809,Hamburg-Wandsbek,urban,53.596842,10.149904,15.96,Wandsbek Markt,Hamburg-Wandsbek,U-Bahn / Bus,"U1, Bus",0.85,6130.0,792.0,792.0,Good,Walk to local stop + feeder bus,True,6.41,14.8,1,12.0,9.9,32.3,5,11.1,85.0,15,100.0,60+ min,60+ min,No impact,False,8,18,14,20,60,Medium,2,Long commute commuters
EMP0810,Lueneburg,regional,53.265959,10.349902,54.15,Lueneburg,Lueneburg,Regional,RE,0.7,4708.0,1726.0,1726.0,Poor,Walk to local stop + feeder bus,True,3.58,8.3,3,22.0,21.6,73.1,15,11.1,151.0,15,166.0,60+ min,60+ min,No impact,False,8,4,3,20,35,Low,1,Poor station access commuters
EMP0811,Norderstedt,near_workplace,53.732347,9.953491,3.98,Quickborn,Quickborn,AKN,A1,0.7,3259.0,517.0,517.0,Good,Walk to local stop + feeder bus,True,3.29,7.6,2,14.0,6.5,10.5,10,11.1,59.6,15,74.6,46-60 min,60+ min,Minor impact,False,18,18,8,10,54,Medium,3,Delay-sensitive commuters
EMP0812,Norderstedt,near_workplace,53.71172,10.053225,4.65,Norderstedt Mitte,Norderstedt,U-Bahn / AKN,"U1, A2",0.95,3998.0,658.0,658.0,Good,Walk to local stop + feeder bus,True,4.01,9.3,1,9.0,8.2,0.0,5,11.1,42.5,15,57.5,31-45 min,46-60 min,Minor impact,True,28,18,14,10,70,High,0,Delay-sensitive commuters
EMP0813,Lueneburg,regional,53.220603,10.392829,59.93,Lueneburg,Lueneburg,Regional,RE,0.7,3356.0,2601.0,2601.0,Poor,Walk to local stop + feeder bus,True,0.91,2.1,3,22.0,32.5,73.1,15,11.1,155.7,15,170.7,60+ min,60+ min,No impact,False,8,4,3,20,35,Low,1,Poor station access commuters
EMP0814,Hamburg-Barmbek,urban,53.571856,10.032486,14.78,Barmbek,Hamburg-Barmbek,U-Bahn / S-Bahn,"U3, S1",0.9,1848.0,455.0,455.0,Excellent,Walk to local stop + feeder bus,True,1.67,3.9,2,11.0,5.7,25.2,10,11.1,66.8,15,81.8,60+ min,60+ min,No impact,False,8,25,8,20,61,Medium,2,Moderate-potential commuters
EMP0815,Norderstedt,near_workplace,53.702754,10.024034,2.6,Richtweg,Norderstedt,U-Bahn,U1,0.85,2097.0,389.0,389.0,Excellent,Walk to local stop + feeder bus,True,2.05,4.7,1,11.0,4.9,2.9,5,11.1,39.6,15,54.6,31-45 min,46-60 min,Minor impact,True,28,25,14,10,77,High,0,Delay-sensitive commuters
EMP0816,Kaltenkirchen,outer_suburban,53.864579,9.988631,18.11,Kaltenkirchen,Kaltenkirchen,AKN,A1,0.65,3529.0,1824.0,1824.0,Poor,Walk to local stop + feeder bus,True,2.05,4.7,2,21.0,22.8,23.8,10,11.1,93.4,15,108.4,60+ min,60+ min,No impact,False,8,4,8,20,40,Low,1,Poor station access commuters
EMP0817,Kaltenkirchen,outer_suburban,53.864229,9.922721,18.52,Kaltenkirchen,Kaltenkirchen,AKN,A1,0.65,3976.0,713.0,713.0,Good,Walk to local stop + feeder bus,True,3.92,9.0,2,21.0,8.9,23.8,10,11.1,83.8,15,98.8,60+ min,60+ min,No impact,False,8,18,8,20,54,Medium,3,Long commute commuters
EMP0818,Hamburg-Barmbek,urban,53.568536,10.03943,15.24,Wandsbek Markt,Hamburg-Wandsbek,U-Bahn / Bus,"U1, Bus",0.85,1861.0,815.0,815.0,Good,Walk to local stop + feeder bus,True,1.26,2.9,1,12.0,10.2,32.3,5,11.1,73.4,15,88.4,60+ min,60+ min,No impact,False,8,18,14,20,60,Medium,2,Moderate-potential commuters
EMP0819,Hamburg-Harburg,outer_urban,53.439907,9.990677,29.11,Harburg,Hamburg-Harburg,S-Bahn / Regional,"S3, S5, RE",0.9,1790.0,1092.0,1092.0,Acceptable,Walk to local stop + feeder bus,True,0.84,1.9,3,13.0,13.6,35.2,15,11.1,89.8,15,104.8,60+ min,60+ min,No impact,False,8,10,3,20,41,Low,3,Long commute commuters
EMP0820,Hamburg-Altona,urban,53.557101,9.910772,16.8,Altona,Hamburg-Altona,S-Bahn / Regional,"S1, S2, S3, RE",0.95,1698.0,720.0,720.0,Good,Walk to local stop + feeder bus,True,1.17,2.7,2,10.0,9.0,22.3,10,11.1,65.0,15,80.0,60+ min,60+ min,No impact,False,8,18,8,20,54,Medium,2,Moderate-potential commuters
EMP0821,Norderstedt,near_workplace,53.70046,9.943089,2.74,Norderstedt Mitte,Norderstedt,U-Bahn / AKN,"U1, A2",0.95,3378.0,613.0,613.0,Good,Walk to local stop + feeder bus,True,3.32,7.7,1,9.0,7.7,0.0,5,11.1,40.4,15,55.4,31-45 min,46-60 min,Minor impact,True,28,18,14,10,70,High,0,Delay-sensitive commuters
EMP0822,Hamburg-Harburg,outer_urban,53.422701,9.951145,31.1,Harburg,Hamburg-Harburg,S-Bahn / Regional,"S3, S5, RE",0.9,4547.0,646.0,646.0,Good,Walk to local stop + feeder bus,True,4.68,10.8,3,13.0,8.1,35.2,15,11.1,93.1,15,108.1,60+ min,60+ min,No impact,False,8,18,3,20,49,Medium,3,Long commute commuters
EMP0823,Hamburg-Altona,urban,53.541369,9.990067,17.83,Jungfernstieg,Hamburg-City,U-Bahn / S-Bahn,"U1, U2, U4, S1, S3",0.95,1210.0,827.0,827.0,Good,Walk directly to major station,False,0.0,0.0,0,4.0,15.1,31.5,0,11.1,61.7,15,76.7,60+ min,60+ min,No impact,False,8,18,20,20,66,High,2,Moderate-potential commuters
EMP0824,Pinneberg,suburban,53.654326,9.738369,17.05,Pinneberg,Pinneberg,S-Bahn / Regional,"S3, RE",0.8,3864.0,811.0,811.0,Good,Walk to local stop + feeder bus,True,3.66,8.5,2,16.0,10.1,17.8,10,11.1,73.5,15,88.5,60+ min,60+ min,No impact,False,8,18,8,20,54,Medium,3,Moderate-potential commuters
EMP0825,Henstedt-Ulzburg,outer_suburban,53.769811,9.923713,8.57,Henstedt-Ulzburg,Henstedt-Ulzburg,AKN,"A1, A2",0.7,4439.0,1201.0,1201.0,Acceptable,Walk to local stop + feeder bus,True,3.89,9.0,2,20.0,15.0,15.0,10,11.1,80.1,15,95.1,60+ min,60+ min,No impact,False,8,10,8,20,46,Medium,3,Long commute commuters
EMP0826,Norderstedt,near_workplace,53.730337,9.993289,3.24,Norderstedt Mitte,Norderstedt,U-Bahn / AKN,"U1, A2",0.95,2484.0,455.0,455.0,Excellent,Walk to local stop + feeder bus,True,2.44,5.6,1,9.0,5.7,0.0,5,11.1,36.4,15,51.4,31-45 min,46-60 min,Minor impact,True,28,25,14,10,77,High,0,Delay-sensitive commuters
EMP0827,Hamburg-Harburg,outer_urban,53.475193,9.92291,25.51,Harburg,Hamburg-Harburg,S-Bahn / Regional,"S3, S5, RE",0.9,4987.0,821.0,821.0,Good,Walk to local stop + feeder bus,True,5.0,11.5,3,13.0,10.3,35.2,15,11.1,96.0,15,111.0,60+ min,60+ min,No impact,False,8,18,3,20,49,Medium,3,Long commute commuters
EMP0828,Hamburg-City,urban,53.517915,10.010742,20.51,Hamburg Hbf,Hamburg-City,U-Bahn / S-Bahn / Regional,"U1, U2, U3, U4, S-Bahn, RE",1.0,3877.0,320.0,320.0,Excellent,Walk to local stop + feeder bus,True,4.27,9.8,1,9.0,4.0,21.7,5,11.1,60.6,15,75.6,60+ min,60+ min,No impact,False,8,25,14,20,67,High,2,Moderate-potential commuters
EMP0829,Henstedt-Ulzburg,outer_suburban,53.76431,10.019307,7.33,Henstedt-Ulzburg,Henstedt-Ulzburg,AKN,"A1, A2",0.7,3764.0,554.0,554.0,Good,Walk to local stop + feeder bus,True,3.85,8.9,2,20.0,6.9,15.0,10,11.1,71.9,15,86.9,60+ min,60+ min,No impact,False,8,18,8,20,54,Medium,3,Moderate-potential commuters
EMP0830,Hamburg-City,urban,53.564567,10.011499,15.35,Hamburg Hbf,Hamburg-City,U-Bahn / S-Bahn / Regional,"U1, U2, U3, U4, S-Bahn, RE",1.0,1357.0,1039.0,1039.0,Acceptable,Walk directly to major station,False,0.0,0.0,0,3.0,17.0,21.7,0,11.1,52.7,15,67.7,46-60 min,60+ min,Minor impact,False,18,10,20,10,58,Medium,2,Delay-sensitive commuters
EMP0831,Hamburg-Harburg,outer_urban,53.475304,9.942886,25.32,Harburg,Hamburg-Harburg,S-Bahn / Regional,"S3, S5, RE",0.9,3841.0,1166.0,1166.0,Acceptable,Walk to local stop + feeder bus,True,3.21,7.4,3,13.0,14.6,35.2,15,11.1,96.2,15,111.2,60+ min,60+ min,No impact,False,8,10,3,20,41,Low,3,Long commute commuters
EMP0832,Hamburg-Barmbek,urban,53.576699,10.060267,14.77,Wandsbek Markt,Hamburg-Wandsbek,U-Bahn / Bus,"U1, Bus",0.85,686.0,634.0,634.0,Good,Walk directly to major station,False,0.0,0.0,0,6.0,8.6,32.3,0,11.1,57.9,15,72.9,46-60 min,60+ min,Minor impact,False,18,18,20,10,66,High,2,Delay-sensitive commuters
EMP0833,Hamburg-Eimsbuettel,urban,53.546134,9.959012,17.38,Altona,Hamburg-Altona,S-Bahn / Regional,"S1, S2, S3, RE",0.95,1715.0,522.0,522.0,Good,Walk to local stop + feeder bus,True,1.43,3.3,2,10.0,6.5,22.3,10,11.1,63.2,15,78.2,60+ min,60+ min,No impact,False,8,18,8,20,54,Medium,2,Moderate-potential commuters
EMP0834,Pinneberg,suburban,53.667489,9.787912,13.5,Pinneberg,Pinneberg,S-Bahn / Regional,"S3, RE",0.8,1615.0,913.0,913.0,Good,Walk to local stop + feeder bus,True,0.84,1.9,2,16.0,11.4,17.8,10,11.1,68.3,15,83.3,60+ min,60+ min,No impact,False,8,18,8,20,54,Medium,3,Moderate-potential commuters
EMP0835,Quickborn,suburban,53.707039,9.883139,6.7,Quickborn,Quickborn,AKN,A1,0.7,2997.0,783.0,783.0,Good,Walk to local stop + feeder bus,True,2.66,6.1,2,18.0,9.8,10.5,10,11.1,65.5,15,80.5,60+ min,60+ min,No impact,False,8,18,8,20,54,Medium,3,Moderate-potential commuters
EMP0836,Hamburg-Barmbek,urban,53.573119,10.020626,14.49,Barmbek,Hamburg-Barmbek,U-Bahn / S-Bahn,"U3, S1",0.9,2183.0,581.0,581.0,Good,Walk to local stop + feeder bus,True,1.92,4.4,2,11.0,7.3,25.2,10,11.1,68.9,15,83.9,60+ min,60+ min,No impact,False,8,18,8,20,54,Medium,2,Moderate-potential commuters
EMP0837,Quickborn,suburban,53.709098,9.926882,3.89,Quickborn,Quickborn,AKN,A1,0.7,2863.0,956.0,956.0,Good,Walk to local stop + feeder bus,True,2.29,5.3,2,18.0,12.0,10.5,10,11.1,66.8,15,81.8,60+ min,60+ min,No impact,False,8,18,8,20,54,Medium,3,Moderate-potential commuters
EMP0838,Lueneburg,regional,53.219256,10.387746,59.92,Lueneburg,Lueneburg,Regional,RE,0.7,3643.0,1099.0,1099.0,Acceptable,Walk to local stop + feeder bus,True,3.05,7.0,3,22.0,13.7,73.1,15,11.1,141.9,15,156.9,60+ min,60+ min,No impact,False,8,10,3,20,41,Low,1,Long commute commuters
EMP0839,Hamburg-Eimsbuettel,urban,53.54632,9.964862,17.33,Jungfernstieg,Hamburg-City,U-Bahn / S-Bahn,"U1, U2, U4, S1, S3",0.95,2026.0,470.0,470.0,Excellent,Walk to local stop + feeder bus,True,1.87,4.3,1,10.0,5.9,31.5,5,11.1,67.7,15,82.7,60+ min,60+ min,No impact,False,8,25,14,20,67,High,2,Moderate-potential commuters
EMP0840,Hamburg-Wandsbek,urban,53.58258,10.038983,13.72,Barmbek,Hamburg-Barmbek,U-Bahn / S-Bahn,"U3, S1",0.9,593.0,593.0,593.0,Good,Walk directly to major station,False,0.0,0.0,1,5.0,7.4,25.2,5,11.1,53.6,15,68.6,46-60 min,60+ min,Minor impact,False,18,18,14,10,60,Medium,2,Delay-sensitive commuters
EMP0841,Norderstedt,near_workplace,53.717403,9.941567,3.33,Quickborn,Quickborn,AKN,A1,0.7,2897.0,526.0,526.0,Good,Walk to local stop + feeder bus,True,2.85,6.6,2,14.0,6.6,10.5,10,11.1,58.7,15,73.7,46-60 min,60+ min,Minor impact,False,18,18,8,10,54,Medium,3,Delay-sensitive commuters
EMP0842,Ahrensburg,suburban,53.692636,10.282928,19.67,Ahrensburg,Ahrensburg,Regional,RE,0.75,3495.0,965.0,965.0,Good,Walk to local stop + feeder bus,True,3.04,7.0,2,17.0,12.1,20.9,10,11.1,78.0,15,93.0,60+ min,60+ min,No impact,False,8,18,8,20,54,Medium,3,Long commute commuters
EMP0843,Hamburg-Barmbek,urban,53.583034,10.088552,14.87,Wandsbek Markt,Hamburg-Wandsbek,U-Bahn / Bus,"U1, Bus",0.85,1879.0,911.0,911.0,Good,Walk to local stop + feeder bus,True,1.16,2.7,1,12.0,11.4,32.3,5,11.1,74.4,15,89.4,60+ min,60+ min,No impact,False,8,18,14,20,60,Medium,2,Moderate-potential commuters
EMP0844,Hamburg-Eimsbuettel,urban,53.576219,9.999904,13.99,Kellinghusenstrasse,Hamburg-Eppendorf,U-Bahn,"U1, U3",0.9,1464.0,584.0,584.0,Good,Walk directly to major station,False,0.0,0.0,0,5.0,18.3,27.1,0,11.1,61.4,15,76.4,60+ min,60+ min,No impact,False,8,18,20,20,66,High,2,Moderate-potential commuters
EMP0845,Norderstedt,near_workplace,53.706171,10.038504,3.58,Norderstedt Mitte,Norderstedt,U-Bahn / AKN,"U1, A2",0.95,3015.0,635.0,635.0,Good,Walk to local stop + feeder bus,True,2.86,6.6,1,9.0,7.9,0.0,5,11.1,39.6,15,54.6,31-45 min,46-60 min,Minor impact,True,28,18,14,10,70,High,0,Delay-sensitive commuters
EMP0846,Kaltenkirchen,outer_suburban,53.86338,9.947053,18.15,Kaltenkirchen,Kaltenkirchen,AKN,A1,0.65,3093.0,1102.0,1102.0,Acceptable,Walk to local stop + feeder bus,True,2.39,5.5,2,21.0,13.8,23.8,10,11.1,85.1,15,100.1,60+ min,60+ min,No impact,False,8,10,8,20,46,Medium,3,Long commute commuters
EMP0847,Hamburg-Eimsbuettel,urban,53.596653,9.91937,12.45,Kellinghusenstrasse,Hamburg-Eppendorf,U-Bahn,"U1, U3",0.9,4760.0,343.0,343.0,Excellent,Walk to local stop + feeder bus,True,5.3,12.2,1,11.0,4.3,27.1,5,11.1,70.7,15,85.7,60+ min,60+ min,No impact,False,8,25,14,20,67,High,2,Moderate-potential commuters
EMP0848,Pinneberg,suburban,53.670664,9.77928,13.95,Pinneberg,Pinneberg,S-Bahn / Regional,"S3, RE",0.8,2190.0,878.0,878.0,Good,Walk to local stop + feeder bus,True,1.57,3.6,2,16.0,11.0,17.8,10,11.1,69.5,15,84.5,60+ min,60+ min,No impact,False,8,18,8,20,54,Medium,3,Moderate-potential commuters
EMP0849,Norderstedt,near_workplace,53.709739,9.985113,0.89,Norderstedt Mitte,Norderstedt,U-Bahn / AKN,"U1, A2",0.95,542.0,542.0,542.0,Good,Walk directly to major station,False,0.0,0.0,0,4.0,6.8,0.0,0,11.1,21.8,15,36.8,0-30 min,31-45 min,Minor impact,False,35,18,20,10,83,Very High,0,High-potential PT users
EMP0850,Bad Oldesloe,regional,53.781358,10.413806,29.58,Bad Oldesloe,Bad Oldesloe,Regional,RE,0.65,4207.0,1106.0,1106.0,Acceptable,Walk to local stop + feeder bus,True,3.72,8.6,3,23.0,13.8,34.6,15,11.1,106.0,15,121.0,60+ min,60+ min,No impact,False,8,10,3,20,41,Low,1,Long commute commuters
EMP0851,Hamburg-City,urban,53.541226,9.952666,17.97,Altona,Hamburg-Altona,S-Bahn / Regional,"S1, S2, S3, RE",0.95,1673.0,638.0,638.0,Good,Walk to local stop + feeder bus,True,1.24,2.9,2,10.0,8.0,22.3,10,11.1,64.2,15,79.2,60+ min,60+ min,No impact,False,8,18,8,20,54,Medium,2,Moderate-potential commuters
EMP0852,Hamburg-City,urban,53.526355,10.029109,19.72,Hamburg Hbf,Hamburg-City,U-Bahn / S-Bahn / Regional,"U1, U2, U3, U4, S-Bahn, RE",1.0,3282.0,325.0,325.0,Excellent,Walk to local stop + feeder bus,True,3.55,8.2,1,9.0,4.1,21.7,5,11.1,59.0,15,74.0,46-60 min,60+ min,Minor impact,False,18,25,14,10,67,High,2,Delay-sensitive commuters
EMP0853,Henstedt-Ulzburg,outer_suburban,53.78325,9.933488,9.67,Henstedt-Ulzburg,Henstedt-Ulzburg,AKN,"A1, A2",0.7,3274.0,1336.0,1336.0,Acceptable,Walk to local stop + feeder bus,True,2.33,5.4,2,20.0,16.7,15.0,10,11.1,78.2,15,93.2,60+ min,60+ min,No impact,False,8,10,8,20,46,Medium,3,Long commute commuters
EMP0854,Kaltenkirchen,outer_suburban,53.853856,9.93911,17.18,Kaltenkirchen,Kaltenkirchen,AKN,A1,0.65,2402.0,1707.0,1707.0,Poor,Walk to local stop + feeder bus,True,0.83,1.9,2,21.0,21.3,23.8,10,11.1,89.1,15,104.1,60+ min,60+ min,No impact,False,8,4,8,20,40,Low,1,Poor station access commuters
EMP0855,Hamburg-City,urban,53.564956,10.036373,15.58,Wandsbek Markt,Hamburg-Wandsbek,U-Bahn / Bus,"U1, Bus",0.85,2169.0,675.0,675.0,Good,Walk to local stop + feeder bus,True,1.79,4.1,1,12.0,8.4,32.3,5,11.1,72.9,15,87.9,60+ min,60+ min,No impact,False,8,18,14,20,60,Medium,2,Moderate-potential commuters
EMP0856,Hamburg-Wandsbek,urban,53.605353,10.076695,12.31,Barmbek,Hamburg-Barmbek,U-Bahn / S-Bahn,"U3, S1",0.9,2970.0,1001.0,1001.0,Acceptable,Walk to local stop + feeder bus,True,2.36,5.5,2,11.0,12.5,25.2,10,11.1,75.2,15,90.2,60+ min,60+ min,No impact,False,8,10,8,20,46,Medium,3,Long commute commuters
EMP0857,Quickborn,suburban,53.729028,9.92475,4.97,Quickborn,Quickborn,AKN,A1,0.7,1382.0,1244.0,1244.0,Acceptable,Walk directly to major station,False,0.0,0.0,1,9.0,17.3,10.5,5,11.1,52.8,15,67.8,46-60 min,60+ min,Minor impact,False,18,10,14,10,52,Medium,3,Delay-sensitive commuters
EMP0858,Henstedt-Ulzburg,outer_suburban,53.80472,9.956126,11.61,Henstedt-Ulzburg,Henstedt-Ulzburg,AKN,"A1, A2",0.7,2359.0,482.0,482.0,Excellent,Walk to local stop + feeder bus,True,2.25,5.2,2,20.0,6.0,15.0,10,11.1,67.3,15,82.3,60+ min,60+ min,No impact,False,8,25,8,20,61,Medium,3,Moderate-potential commuters
EMP0859,Hamburg-Eimsbuettel,urban,53.543019,9.955444,17.75,Altona,Hamburg-Altona,S-Bahn / Regional,"S1, S2, S3, RE",0.95,1680.0,720.0,720.0,Good,Walk to local stop + feeder bus,True,1.15,2.7,2,10.0,9.0,22.3,10,11.1,65.0,15,80.0,60+ min,60+ min,No impact,False,8,18,8,20,54,Medium,2,Moderate-potential commuters
EMP0860,Hamburg-Wandsbek,urban,53.616805,10.087614,11.63,Ohlsdorf,Hamburg-Ohlsdorf,U-Bahn / S-Bahn,"U1, S1",0.95,3763.0,427.0,427.0,Excellent,Walk to local stop + feeder bus,True,4.0,9.2,1,10.0,5.3,18.2,5,11.1,58.8,15,73.8,46-60 min,60+ min,Minor impact,False,18,25,14,10,67,High,2,Delay-sensitive commuters
EMP0861,Quickborn,suburban,53.696715,9.897778,5.74,Quickborn,Quickborn,AKN,A1,0.7,3834.0,627.0,627.0,Good,Walk to local stop + feeder bus,True,3.85,8.9,2,18.0,7.8,10.5,10,11.1,66.3,15,81.3,60+ min,60+ min,No impact,False,8,18,8,20,54,Medium,3,Moderate-potential commuters
EMP0862,Quickborn,suburban,53.714819,9.932789,3.71,Quickborn,Quickborn,AKN,A1,0.7,2612.0,793.0,793.0,Good,Walk to local stop + feeder bus,True,2.18,5.0,2,18.0,9.9,10.5,10,11.1,64.5,15,79.5,60+ min,60+ min,No impact,False,8,18,8,20,54,Medium,3,Moderate-potential commuters
EMP0863,Ahrensburg,suburban,53.692205,10.291247,20.22,Ahrensburg,Ahrensburg,Regional,RE,0.75,3937.0,1488.0,1488.0,Acceptable,Walk to local stop + feeder bus,True,2.94,6.8,2,17.0,18.6,20.9,10,11.1,84.3,15,99.3,60+ min,60+ min,No impact,False,8,10,8,20,46,Medium,3,Long commute commuters
EMP0864,Hamburg-Barmbek,urban,53.591522,10.024827,12.53,Barmbek,Hamburg-Barmbek,U-Bahn / S-Bahn,"U3, S1",0.9,1362.0,925.0,925.0,Good,Walk directly to major station,False,0.0,0.0,1,5.0,17.0,25.2,5,11.1,63.3,15,78.3,60+ min,60+ min,No impact,False,8,18,14,20,60,Medium,2,Moderate-potential commuters
EMP0865,Norderstedt,near_workplace,53.680297,10.030698,3.86,Ochsenzoll,Hamburg-Langenhorn,U-Bahn,U1,0.8,1990.0,559.0,559.0,Good,Walk to local stop + feeder bus,True,1.72,4.0,1,12.0,7.0,7.1,5,11.1,46.1,15,61.1,46-60 min,60+ min,Minor impact,False,18,18,14,10,60,Medium,2,Delay-sensitive commuters
EMP0866,Kaltenkirchen,outer_suburban,53.861618,9.96271,17.84,Kaltenkirchen,Kaltenkirchen,AKN,A1,0.65,2738.0,1273.0,1273.0,Acceptable,Walk to local stop + feeder bus,True,1.76,4.1,2,21.0,15.9,23.8,10,11.1,85.8,15,100.8,60+ min,60+ min,No impact,False,8,10,8,20,46,Medium,3,Long commute commuters
EMP0867,Henstedt-Ulzburg,outer_suburban,53.766505,9.969059,7.28,Henstedt-Ulzburg,Henstedt-Ulzburg,AKN,"A1, A2",0.7,2747.0,1393.0,1393.0,Acceptable,Walk to local stop + feeder bus,True,1.63,3.8,2,20.0,17.4,15.0,10,11.1,77.2,15,92.2,60+ min,60+ min,No impact,False,8,10,8,20,46,Medium,3,Long commute commuters
EMP0868,Ahrensburg,suburban,53.671203,10.285975,20.13,Ahrensburg,Ahrensburg,Regional,RE,0.75,3123.0,779.0,779.0,Good,Walk to local stop + feeder bus,True,2.81,6.5,2,17.0,9.7,20.9,10,11.1,75.1,15,90.1,60+ min,60+ min,No impact,False,8,18,8,20,54,Medium,3,Long commute commuters
EMP0869,Norderstedt,near_workplace,53.717939,10.035268,3.79,Norderstedt Mitte,Norderstedt,U-Bahn / AKN,"U1, A2",0.95,3005.0,457.0,457.0,Excellent,Walk to local stop + feeder bus,True,3.06,7.1,1,9.0,5.7,0.0,5,11.1,37.8,15,52.8,31-45 min,46-60 min,Minor impact,True,28,25,14,10,77,High,0,Delay-sensitive commuters
EMP0870,Hamburg-City,urban,53.543755,9.949386,17.72,Altona,Hamburg-Altona,S-Bahn / Regional,"S1, S2, S3, RE",0.95,1321.0,1033.0,1033.0,Acceptable,Walk directly to major station,False,0.0,0.0,1,4.0,16.5,22.3,5,11.1,58.8,15,73.8,46-60 min,60+ min,Minor impact,False,18,10,14,10,52,Medium,2,Delay-sensitive commuters
EMP0871,Quickborn,suburban,53.756607,9.93291,6.99,Quickborn,Quickborn,AKN,A1,0.7,3424.0,752.0,752.0,Good,Walk to local stop + feeder bus,True,3.21,7.4,2,18.0,9.4,10.5,10,11.1,66.3,15,81.3,60+ min,60+ min,No impact,False,8,18,8,20,54,Medium,3,Moderate-potential commuters
EMP0872,Norderstedt,near_workplace,53.721311,10.042436,4.39,Norderstedt Mitte,Norderstedt,U-Bahn / AKN,"U1, A2",0.95,3586.0,589.0,589.0,Good,Walk to local stop + feeder bus,True,3.6,8.3,1,9.0,7.4,0.0,5,11.1,40.7,15,55.7,31-45 min,46-60 min,Minor impact,True,28,18,14,10,70,High,0,Delay-sensitive commuters
EMP0873,Bad Oldesloe,regional,53.788039,10.420668,30.24,Bad Oldesloe,Bad Oldesloe,Regional,RE,0.65,3989.0,1103.0,1103.0,Acceptable,Walk to local stop + feeder bus,True,3.46,8.0,3,23.0,13.8,34.6,15,11.1,105.4,15,120.4,60+ min,60+ min,No impact,False,8,10,3,20,41,Low,1,Long commute commuters
EMP0874,Hamburg-Eimsbuettel,urban,53.578096,9.978582,13.75,Kellinghusenstrasse,Hamburg-Eppendorf,U-Bahn,"U1, U3",0.9,1335.0,414.0,414.0,Excellent,Walk directly to major station,False,0.0,0.0,0,5.0,16.7,27.1,0,11.1,59.8,15,74.8,46-60 min,60+ min,Minor impact,False,18,25,20,10,73,High,0,Delay-sensitive commuters
EMP0875,Quickborn,suburban,53.722461,9.902207,5.89,Quickborn,Quickborn,AKN,A1,0.7,957.0,727.0,727.0,Good,Walk directly to major station,False,0.0,0.0,1,9.0,12.0,10.5,5,11.1,47.5,15,62.5,46-60 min,60+ min,Minor impact,False,18,18,14,10,60,Medium,2,Delay-sensitive commuters
EMP0876,Kaltenkirchen,outer_suburban,53.842925,10.026173,15.94,Kaltenkirchen,Kaltenkirchen,AKN,A1,0.65,4262.0,974.0,974.0,Good,Walk to local stop + feeder bus,True,3.94,9.1,2,21.0,12.2,23.8,10,11.1,87.1,15,102.1,60+ min,60+ min,No impact,False,8,18,8,20,54,Medium,3,Long commute commuters
EMP0877,Hamburg-Eimsbuettel,urban,53.579077,9.943625,13.9,Altona,Hamburg-Altona,S-Bahn / Regional,"S1, S2, S3, RE",0.95,3064.0,940.0,940.0,Good,Walk to local stop + feeder bus,True,2.55,5.9,2,10.0,11.8,22.3,10,11.1,71.0,15,86.0,60+ min,60+ min,No impact,False,8,18,8,20,54,Medium,2,Moderate-potential commuters
EMP0878,Hamburg-Altona,urban,53.573745,9.898439,15.32,Altona,Hamburg-Altona,S-Bahn / Regional,"S1, S2, S3, RE",0.95,3417.0,533.0,533.0,Good,Walk to local stop + feeder bus,True,3.46,8.0,2,10.0,6.7,22.3,10,11.1,68.0,15,83.0,60+ min,60+ min,No impact,False,8,18,8,20,54,Medium,2,Moderate-potential commuters
EMP0879,Hamburg-Harburg,outer_urban,53.485715,9.936823,24.22,Harburg,Hamburg-Harburg,S-Bahn / Regional,"S3, S5, RE",0.9,4876.0,643.0,643.0,Good,Walk to local stop + feeder bus,True,5.08,11.7,3,13.0,8.0,35.2,15,11.1,94.0,15,109.0,60+ min,60+ min,No impact,False,8,18,3,20,49,Medium,3,Long commute commuters
EMP0880,Hamburg-Barmbek,urban,53.578519,10.009795,13.8,Kellinghusenstrasse,Hamburg-Eppendorf,U-Bahn,"U1, U3",0.9,1679.0,549.0,549.0,Good,Walk to local stop + feeder bus,True,1.36,3.1,1,11.0,6.9,27.1,5,11.1,64.1,15,79.1,60+ min,60+ min,No impact,False,8,18,14,20,60,Medium,2,Moderate-potential commuters
EMP0881,Hamburg-Eimsbuettel,urban,53.557063,9.914795,16.73,Altona,Hamburg-Altona,S-Bahn / Regional,"S1, S2, S3, RE",0.95,1449.0,1021.0,1021.0,Acceptable,Walk directly to major station,False,0.0,0.0,1,4.0,18.1,22.3,5,11.1,60.4,15,75.4,60+ min,60+ min,No impact,False,8,10,14,20,52,Medium,2,Moderate-potential commuters
EMP0882,Hamburg-Harburg,outer_urban,53.480429,10.008102,24.65,Harburg,Hamburg-Harburg,S-Bahn / Regional,"S3, S5, RE",0.9,2943.0,1105.0,1105.0,Acceptable,Walk to local stop + feeder bus,True,2.2,5.1,3,13.0,13.8,35.2,15,11.1,93.1,15,108.1,60+ min,60+ min,No impact,False,8,10,3,20,41,Low,3,Long commute commuters
EMP0883,Elmshorn,outer_suburban,53.793325,9.68556,22.15,Elmshorn,Elmshorn,Regional,RE,0.7,4868.0,1818.0,1818.0,Poor,Walk to local stop + feeder bus,True,3.66,8.4,3,20.0,22.7,28.8,15,11.1,106.0,15,121.0,60+ min,60+ min,No impact,False,8,4,3,20,35,Low,1,Poor station access commuters
EMP0884,Hamburg-Wandsbek,urban,53.54845,10.104324,18.78,Wandsbek Markt,Hamburg-Wandsbek,U-Bahn / Bus,"U1, Bus",0.85,3596.0,556.0,556.0,Good,Walk to local stop + feeder bus,True,3.65,8.4,1,12.0,6.9,32.3,5,11.1,75.7,15,90.7,60+ min,60+ min,No impact,False,8,18,14,20,60,Medium,2,Long commute commuters
EMP0885,Hamburg-City,urban,53.570535,9.942946,14.84,Altona,Hamburg-Altona,S-Bahn / Regional,"S1, S2, S3, RE",0.95,2127.0,802.0,802.0,Good,Walk to local stop + feeder bus,True,1.59,3.7,2,10.0,10.0,22.3,10,11.1,67.0,15,82.0,60+ min,60+ min,No impact,False,8,18,8,20,54,Medium,2,Moderate-potential commuters
EMP0886,Hamburg-Eimsbuettel,urban,53.58924,9.996873,12.53,Kellinghusenstrasse,Hamburg-Eppendorf,U-Bahn,"U1, U3",0.9,474.0,474.0,474.0,Excellent,Walk directly to major station,False,0.0,0.0,0,5.0,5.9,27.1,0,11.1,49.1,15,64.1,46-60 min,60+ min,Minor impact,False,18,25,20,10,73,High,0,Delay-sensitive commuters
EMP0887,Hamburg-Eimsbuettel,urban,53.579699,9.948871,13.77,Kellinghusenstrasse,Hamburg-Eppendorf,U-Bahn,"U1, U3",0.9,2868.0,460.0,460.0,Excellent,Walk to local stop + feeder bus,True,2.89,6.7,1,11.0,5.8,27.1,5,11.1,66.6,15,81.6,60+ min,60+ min,No impact,False,8,25,14,20,67,High,2,Moderate-potential commuters
EMP0888,Norderstedt,near_workplace,53.707552,9.958752,1.82,Norderstedt Mitte,Norderstedt,U-Bahn / AKN,"U1, A2",0.95,2241.0,411.0,411.0,Excellent,Walk to local stop + feeder bus,True,2.2,5.1,1,9.0,5.1,0.0,5,11.1,35.3,15,50.3,31-45 min,46-60 min,Minor impact,True,28,25,14,10,77,High,0,Delay-sensitive commuters
EMP0889,Hamburg-City,urban,53.53573,9.958744,18.53,Altona,Hamburg-Altona,S-Bahn / Regional,"S1, S2, S3, RE",0.95,2395.0,567.0,567.0,Good,Walk to local stop + feeder bus,True,2.19,5.1,2,10.0,7.1,22.3,10,11.1,65.5,15,80.5,60+ min,60+ min,No impact,False,8,18,8,20,54,Medium,2,Moderate-potential commuters
EMP0890,Pinneberg,suburban,53.658088,9.82411,11.63,Pinneberg,Pinneberg,S-Bahn / Regional,"S3, RE",0.8,1843.0,1381.0,1381.0,Acceptable,Walk to local stop + feeder bus,True,0.55,1.3,2,16.0,17.3,17.8,10,11.1,73.4,15,88.4,60+ min,60+ min,No impact,False,8,10,8,20,46,Medium,3,Moderate-potential commuters
EMP0891,Hamburg-Altona,urban,53.558594,9.948071,16.09,Altona,Hamburg-Altona,S-Bahn / Regional,"S1, S2, S3, RE",0.95,1133.0,308.0,308.0,Excellent,Walk directly to major station,False,0.0,0.0,1,4.0,14.2,22.3,5,11.1,56.5,15,71.5,46-60 min,60+ min,Minor impact,False,18,25,14,10,67,High,2,Delay-sensitive commuters
EMP0892,Elmshorn,outer_suburban,53.736695,9.618605,24.39,Elmshorn,Elmshorn,Regional,RE,0.7,2970.0,1043.0,1043.0,Acceptable,Walk to local stop + feeder bus,True,2.31,5.3,3,20.0,13.0,28.8,15,11.1,93.2,15,108.2,60+ min,60+ min,No impact,False,8,10,3,20,41,Low,3,Long commute commuters
EMP0893,Hamburg-City,urban,53.557338,10.043049,16.51,Wandsbek Markt,Hamburg-Wandsbek,U-Bahn / Bus,"U1, Bus",0.85,2272.0,460.0,460.0,Excellent,Walk to local stop + feeder bus,True,2.17,5.0,1,12.0,5.8,32.3,5,11.1,71.1,15,86.1,60+ min,60+ min,No impact,False,8,25,14,20,67,High,2,Moderate-potential commuters
EMP0894,Norderstedt,near_workplace,53.696774,9.95377,2.1,Richtweg,Norderstedt,U-Bahn,U1,0.85,2722.0,402.0,402.0,Excellent,Walk to local stop + feeder bus,True,2.78,6.4,1,11.0,5.0,2.9,5,11.1,41.5,15,56.5,31-45 min,46-60 min,Minor impact,True,28,25,14,10,77,High,0,Delay-sensitive commuters
EMP0895,Quickborn,suburban,53.749529,9.886972,8.34,Quickborn,Quickborn,AKN,A1,0.7,2345.0,885.0,885.0,Good,Walk to local stop + feeder bus,True,1.75,4.0,2,18.0,11.1,10.5,10,11.1,64.6,15,79.6,60+ min,60+ min,No impact,False,8,18,8,20,54,Medium,3,Moderate-potential commuters
EMP0896,Kaltenkirchen,outer_suburban,53.843343,9.944047,15.97,Kaltenkirchen,Kaltenkirchen,AKN,A1,0.65,1373.0,1373.0,1373.0,Acceptable,Walk directly to major station,False,0.0,0.0,1,10.0,17.2,23.8,5,11.1,67.0,15,82.0,60+ min,60+ min,No impact,False,8,10,14,20,52,Medium,3,Moderate-potential commuters
EMP0897,Hamburg-Altona,urban,53.547712,9.87482,18.59,Altona,Hamburg-Altona,S-Bahn / Regional,"S1, S2, S3, RE",0.95,4004.0,946.0,946.0,Good,Walk to local stop + feeder bus,True,3.67,8.5,2,10.0,11.8,22.3,10,11.1,73.6,15,88.6,60+ min,60+ min,No impact,False,8,18,8,20,54,Medium,2,Moderate-potential commuters
EMP0898,Hamburg-City,urban,53.566749,9.955767,15.13,Altona,Hamburg-Altona,S-Bahn / Regional,"S1, S2, S3, RE",0.95,2138.0,581.0,581.0,Good,Walk to local stop + feeder bus,True,1.87,4.3,2,10.0,7.3,22.3,10,11.1,64.9,15,79.9,60+ min,60+ min,No impact,False,8,18,8,20,54,Medium,2,Moderate-potential commuters
EMP0899,Hamburg-City,urban,53.536123,9.967926,18.44,Jungfernstieg,Hamburg-City,U-Bahn / S-Bahn,"U1, U2, U4, S1, S3",0.95,2467.0,589.0,589.0,Good,Walk to local stop + feeder bus,True,2.25,5.2,1,10.0,7.4,31.5,5,11.1,70.1,15,85.1,60+ min,60+ min,No impact,False,8,18,14,20,60,Medium,2,Moderate-potential commuters
EMP0900,Hamburg-Barmbek,urban,53.577135,10.001876,13.9,Kellinghusenstrasse,Hamburg-Eppendorf,U-Bahn,"U1, U3",0.9,1440.0,514.0,514.0,Good,Walk directly to major station,False,0.0,0.0,0,5.0,18.0,27.1,0,11.1,61.1,15,76.1,60+ min,60+ min,No impact,False,8,18,20,20,66,High,2,Moderate-potential commuters
EMP0901,Hamburg-Wandsbek,urban,53.614909,10.082707,11.62,Ohlsdorf,Hamburg-Ohlsdorf,U-Bahn / S-Bahn,"U1, S1",0.95,3477.0,897.0,897.0,Good,Walk to local stop + feeder bus,True,3.1,7.1,1,10.0,11.2,18.2,5,11.1,62.6,15,77.6,60+ min,60+ min,No impact,False,8,18,14,20,60,Medium,2,Moderate-potential commuters
EMP0902,Hamburg-City,urban,53.576879,10.011292,13.99,Kellinghusenstrasse,Hamburg-Eppendorf,U-Bahn,"U1, U3",0.9,1872.0,538.0,538.0,Good,Walk to local stop + feeder bus,True,1.6,3.7,1,11.0,6.7,27.1,5,11.1,64.6,15,79.6,60+ min,60+ min,No impact,False,8,18,14,20,60,Medium,2,Moderate-potential commuters
EMP0903,Norderstedt,near_workplace,53.720071,10.015483,2.88,Norderstedt Mitte,Norderstedt,U-Bahn / AKN,"U1, A2",0.95,2007.0,484.0,484.0,Excellent,Walk to local stop + feeder bus,True,1.83,4.2,1,9.0,6.0,0.0,5,11.1,35.3,15,50.3,31-45 min,46-60 min,Minor impact,True,28,25,14,10,77,High,0,Delay-sensitive commuters
EMP0904,Hamburg-Wandsbek,urban,53.565005,10.140389,18.35,Wandsbek Markt,Hamburg-Wandsbek,U-Bahn / Bus,"U1, Bus",0.85,4908.0,472.0,472.0,Excellent,Walk to local stop + feeder bus,True,5.32,12.3,1,12.0,5.9,32.3,5,11.1,78.5,15,93.5,60+ min,60+ min,No impact,False,8,25,14,20,67,High,2,Long commute commuters
EMP0905,Elmshorn,outer_suburban,53.761409,9.681373,21.02,Elmshorn,Elmshorn,Regional,RE,0.7,2039.0,1114.0,1114.0,Acceptable,Walk to local stop + feeder bus,True,1.11,2.6,3,20.0,13.9,28.8,15,11.1,91.3,15,106.3,60+ min,60+ min,No impact,False,8,10,3,20,41,Low,3,Long commute commuters
EMP0906,Pinneberg,suburban,53.695382,9.816822,11.07,Pinneberg,Pinneberg,S-Bahn / Regional,"S3, RE",0.8,4783.0,1057.0,1057.0,Acceptable,Walk to local stop + feeder bus,True,4.47,10.3,2,16.0,13.2,17.8,10,11.1,78.4,15,93.4,60+ min,60+ min,No impact,False,8,10,8,20,46,Medium,3,Long commute commuters
EMP0907,Hamburg-Wandsbek,urban,53.580171,10.06908,14.62,Wandsbek Markt,Hamburg-Wandsbek,U-Bahn / Bus,"U1, Bus",0.85,919.0,609.0,609.0,Good,Walk directly to major station,False,0.0,0.0,0,6.0,11.5,32.3,0,11.1,60.8,15,75.8,60+ min,60+ min,No impact,False,8,18,20,20,66,High,2,Moderate-potential commuters
EMP0908,Norderstedt,near_workplace,53.73351,10.003047,3.74,Norderstedt Mitte,Norderstedt,U-Bahn / AKN,"U1, A2",0.95,2916.0,408.0,408.0,Excellent,Walk to local stop + feeder bus,True,3.01,6.9,1,9.0,5.1,0.0,5,11.1,37.1,15,52.1,31-45 min,46-60 min,Minor impact,True,28,25,14,10,77,High,0,Delay-sensitive commuters
EMP0909,Hamburg-City,urban,53.545449,10.03958,17.75,Hamburg Hbf,Hamburg-City,U-Bahn / S-Bahn / Regional,"U1, U2, U3, U4, S-Bahn, RE",1.0,2317.0,759.0,759.0,Good,Walk to local stop + feeder bus,True,1.87,4.3,1,9.0,9.5,21.7,5,11.1,60.6,15,75.6,60+ min,60+ min,No impact,False,8,18,14,20,60,Medium,2,Moderate-potential commuters
EMP0910,Hamburg-Altona,urban,53.518255,9.95828,20.47,Altona,Hamburg-Altona,S-Bahn / Regional,"S1, S2, S3, RE",0.95,4055.0,421.0,421.0,Excellent,Walk to local stop + feeder bus,True,4.36,10.1,2,10.0,5.3,22.3,10,11.1,68.7,15,83.7,60+ min,60+ min,No impact,False,8,25,8,20,61,Medium,2,Moderate-potential commuters
EMP0911,Quickborn,suburban,53.722011,9.950788,3.17,Norderstedt Mitte,Norderstedt,U-Bahn / AKN,"U1, A2",0.95,3173.0,758.0,758.0,Good,Walk to local stop + feeder bus,True,2.9,6.7,1,13.0,9.5,0.0,5,11.1,45.2,15,60.2,46-60 min,60+ min,Minor impact,False,18,18,14,10,60,Medium,2,Delay-sensitive commuters
EMP0912,Henstedt-Ulzburg,outer_suburban,53.832524,10.008836,14.63,Kaltenkirchen,Kaltenkirchen,AKN,A1,0.65,3113.0,1203.0,1203.0,Acceptable,Walk to local stop + feeder bus,True,2.29,5.3,2,21.0,15.0,23.8,10,11.1,86.2,15,101.2,60+ min,60+ min,No impact,False,8,10,8,20,46,Medium,3,Long commute commuters
EMP0913,Kaltenkirchen,outer_suburban,53.875442,9.954085,19.42,Kaltenkirchen,Kaltenkirchen,AKN,A1,0.65,4306.0,906.0,906.0,Good,Walk to local stop + feeder bus,True,4.08,9.4,2,21.0,11.3,23.8,10,11.1,86.6,15,101.6,60+ min,60+ min,No impact,False,8,18,8,20,54,Medium,3,Long commute commuters
EMP0914,Lueneburg,regional,53.226375,10.421656,60.25,Lueneburg,Lueneburg,Regional,RE,0.7,2458.0,1458.0,1458.0,Acceptable,Walk to local stop + feeder bus,True,1.2,2.8,3,22.0,18.2,73.1,15,11.1,142.1,15,157.1,60+ min,60+ min,No impact,False,8,10,3,20,41,Low,1,Long commute commuters
EMP0915,Lueneburg,regional,53.261796,10.354321,54.69,Lueneburg,Lueneburg,Regional,RE,0.7,4256.0,1391.0,1391.0,Acceptable,Walk to local stop + feeder bus,True,3.44,7.9,3,22.0,17.4,73.1,15,11.1,146.5,15,161.5,60+ min,60+ min,No impact,False,8,10,3,20,41,Low,1,Long commute commuters
EMP0916,Elmshorn,outer_suburban,53.759304,9.703383,19.58,Elmshorn,Elmshorn,Regional,RE,0.7,3364.0,1299.0,1299.0,Acceptable,Walk to local stop + feeder bus,True,2.48,5.7,3,20.0,16.2,28.8,15,11.1,96.8,15,111.8,60+ min,60+ min,No impact,False,8,10,3,20,41,Low,1,Long commute commuters
EMP0917,Norderstedt,near_workplace,53.675132,10.007819,3.33,Ochsenzoll,Hamburg-Langenhorn,U-Bahn,U1,0.8,495.0,495.0,495.0,Excellent,Walk directly to major station,False,0.0,0.0,0,7.0,6.2,7.1,0,11.1,31.3,15,46.3,31-45 min,46-60 min,Minor impact,True,28,25,20,10,83,Very High,0,High-potential PT users
EMP0918,Norderstedt,near_workplace,53.69533,9.950333,2.36,Richtweg,Norderstedt,U-Bahn,U1,0.85,2941.0,240.0,240.0,Excellent,Walk to local stop + feeder bus,True,3.24,7.5,1,11.0,3.0,2.9,5,11.1,40.5,15,55.5,31-45 min,46-60 min,Minor impact,True,28,25,14,10,77,High,0,Delay-sensitive commuters
EMP0919,Hamburg-Altona,urban,53.538968,9.9095,18.76,Altona,Hamburg-Altona,S-Bahn / Regional,"S1, S2, S3, RE",0.95,2222.0,564.0,564.0,Good,Walk to local stop + feeder bus,True,1.99,4.6,2,10.0,7.0,22.3,10,11.1,65.0,15,80.0,60+ min,60+ min,No impact,False,8,18,8,20,54,Medium,2,Moderate-potential commuters
EMP0920,Hamburg-Barmbek,urban,53.584335,10.052191,13.79,Barmbek,Hamburg-Barmbek,U-Bahn / S-Bahn,"U3, S1",0.9,617.0,486.0,486.0,Excellent,Walk directly to major station,False,0.0,0.0,1,5.0,7.7,25.2,5,11.1,53.9,15,68.9,46-60 min,60+ min,Minor impact,False,18,25,14,10,67,High,2,Delay-sensitive commuters
EMP0921,Norderstedt,near_workplace,53.712455,9.956013,2.23,Norderstedt Mitte,Norderstedt,U-Bahn / AKN,"U1, A2",0.95,2471.0,384.0,384.0,Excellent,Walk to local stop + feeder bus,True,2.5,5.8,1,9.0,4.8,0.0,5,11.1,35.6,15,50.6,31-45 min,46-60 min,Minor impact,True,28,25,14,10,77,High,0,Delay-sensitive commuters
EMP0922,Henstedt-Ulzburg,outer_suburban,53.770347,9.998292,7.69,Henstedt-Ulzburg,Henstedt-Ulzburg,AKN,"A1, A2",0.7,2433.0,1129.0,1129.0,Acceptable,Walk to local stop + feeder bus,True,1.57,3.6,2,20.0,14.1,15.0,10,11.1,73.8,15,88.8,60+ min,60+ min,No impact,False,8,10,8,20,46,Medium,3,Moderate-potential commuters
EMP0923,Hamburg-Harburg,outer_urban,53.468709,10.039131,26.16,Harburg,Hamburg-Harburg,S-Bahn / Regional,"S3, S5, RE",0.9,3486.0,421.0,421.0,Excellent,Walk to local stop + feeder bus,True,3.68,8.5,3,13.0,5.3,35.2,15,11.1,88.0,15,103.0,60+ min,60+ min,No impact,False,8,25,3,20,56,Medium,3,Long commute commuters
EMP0924,Hamburg-Barmbek,urban,53.589874,10.05738,13.33,Barmbek,Hamburg-Barmbek,U-Bahn / S-Bahn,"U3, S1",0.9,939.0,504.0,504.0,Good,Walk directly to major station,False,0.0,0.0,1,5.0,11.7,25.2,5,11.1,58.0,15,73.0,46-60 min,60+ min,Minor impact,False,18,18,14,10,60,Medium,2,Delay-sensitive commuters
EMP0925,Hamburg-City,urban,53.553527,9.956708,16.58,Altona,Hamburg-Altona,S-Bahn / Regional,"S1, S2, S3, RE",0.95,1444.0,576.0,576.0,Good,Walk directly to major station,False,0.0,0.0,1,4.0,18.1,22.3,5,11.1,60.4,15,75.4,60+ min,60+ min,No impact,False,8,18,14,20,60,Medium,2,Moderate-potential commuters
EMP0926,Hamburg-City,urban,53.533824,10.020926,18.82,Hamburg Hbf,Hamburg-City,U-Bahn / S-Bahn / Regional,"U1, U2, U3, U4, S-Bahn, RE",1.0,2300.0,759.0,759.0,Good,Walk to local stop + feeder bus,True,1.85,4.3,1,9.0,9.5,21.7,5,11.1,60.5,15,75.5,60+ min,60+ min,No impact,False,8,18,14,20,60,Medium,2,Moderate-potential commuters
EMP0927,Hamburg-City,urban,53.559212,9.962173,15.91,Dammtor,Hamburg-City,S-Bahn / Regional,"S-Bahn, RE",0.9,1794.0,842.0,842.0,Good,Walk to local stop + feeder bus,True,1.14,2.6,2,11.0,10.5,20.5,10,11.1,65.7,15,80.7,60+ min,60+ min,No impact,False,8,18,8,20,54,Medium,2,Moderate-potential commuters
EMP0928,Henstedt-Ulzburg,outer_suburban,53.793204,9.910182,11.29,Henstedt-Ulzburg,Henstedt-Ulzburg,AKN,"A1, A2",0.7,4731.0,1878.0,1878.0,Poor,Walk to local stop + feeder bus,True,3.42,7.9,2,20.0,23.5,15.0,10,11.1,87.5,15,102.5,60+ min,60+ min,No impact,False,8,4,8,20,40,Low,1,Poor station access commuters
EMP0929,Hamburg-Barmbek,urban,53.577995,10.01443,13.9,Kellinghusenstrasse,Hamburg-Eppendorf,U-Bahn,"U1, U3",0.9,1959.0,346.0,346.0,Excellent,Walk to local stop + feeder bus,True,1.94,4.5,1,11.0,4.3,27.1,5,11.1,62.9,15,77.9,60+ min,60+ min,No impact,False,8,25,14,20,67,High,2,Moderate-potential commuters
EMP0930,Quickborn,suburban,53.728661,9.860786,8.68,Quickborn,Quickborn,AKN,A1,0.7,2855.0,1197.0,1197.0,Acceptable,Walk to local stop + feeder bus,True,1.99,4.6,2,18.0,15.0,10.5,10,11.1,69.1,15,84.1,60+ min,60+ min,No impact,False,8,10,8,20,46,Medium,3,Moderate-potential commuters
EMP0931,Hamburg-Altona,urban,53.527567,9.957514,19.44,Altona,Hamburg-Altona,S-Bahn / Regional,"S1, S2, S3, RE",0.95,3097.0,550.0,550.0,Good,Walk to local stop + feeder bus,True,3.06,7.1,2,10.0,6.9,22.3,10,11.1,67.3,15,82.3,60+ min,60+ min,No impact,False,8,18,8,20,54,Medium,2,Moderate-potential commuters
EMP0932,Hamburg-Eimsbuettel,urban,53.570197,9.972117,14.65,Dammtor,Hamburg-City,S-Bahn / Regional,"S-Bahn, RE",0.9,1538.0,683.0,683.0,Good,Walk to local stop + feeder bus,True,1.03,2.4,2,11.0,8.5,20.5,10,11.1,63.5,15,78.5,60+ min,60+ min,No impact,False,8,18,8,20,54,Medium,2,Moderate-potential commuters
EMP0933,Hamburg-Eimsbuettel,urban,53.564854,9.966028,15.27,Dammtor,Hamburg-City,S-Bahn / Regional,"S-Bahn, RE",0.9,1595.0,517.0,517.0,Good,Walk to local stop + feeder bus,True,1.29,3.0,2,11.0,6.5,20.5,10,11.1,62.0,15,77.0,60+ min,60+ min,No impact,False,8,18,8,20,54,Medium,2,Moderate-potential commuters
EMP0934,Quickborn,suburban,53.706254,9.926251,3.87,Quickborn,Quickborn,AKN,A1,0.7,3117.0,1146.0,1146.0,Acceptable,Walk to local stop + feeder bus,True,2.37,5.5,2,18.0,14.3,10.5,10,11.1,69.3,15,84.3,60+ min,60+ min,No impact,False,8,10,8,20,46,Medium,3,Moderate-potential commuters
EMP0935,Quickborn,suburban,53.735219,9.897111,6.86,Quickborn,Quickborn,AKN,A1,0.7,652.0,652.0,652.0,Good,Walk directly to major station,False,0.0,0.0,1,9.0,8.2,10.5,5,11.1,43.7,15,58.7,31-45 min,46-60 min,Minor impact,True,28,18,14,10,70,High,0,Delay-sensitive commuters
EMP0936,Hamburg-City,urban,53.533481,9.965335,18.75,Jungfernstieg,Hamburg-City,U-Bahn / S-Bahn,"U1, U2, U4, S1, S3",0.95,2798.0,630.0,630.0,Good,Walk to local stop + feeder bus,True,2.6,6.0,1,10.0,7.9,31.5,5,11.1,71.4,15,86.4,60+ min,60+ min,No impact,False,8,18,14,20,60,Medium,2,Moderate-potential commuters
EMP0937,Elmshorn,outer_suburban,53.77632,9.657832,23.04,Elmshorn,Elmshorn,Regional,RE,0.7,2502.0,1049.0,1049.0,Acceptable,Walk to local stop + feeder bus,True,1.74,4.0,3,20.0,13.1,28.8,15,11.1,92.0,15,107.0,60+ min,60+ min,No impact,False,8,10,3,20,41,Low,3,Long commute commuters
EMP0938,Norderstedt,near_workplace,53.71934,10.014207,2.76,Norderstedt Mitte,Norderstedt,U-Bahn / AKN,"U1, A2",0.95,1891.0,544.0,544.0,Good,Walk to local stop + feeder bus,True,1.62,3.7,1,9.0,6.8,0.0,5,11.1,35.6,15,50.6,31-45 min,46-60 min,Minor impact,True,28,18,14,10,70,High,0,Delay-sensitive commuters
EMP0939,Kaltenkirchen,outer_suburban,53.832612,10.009783,14.65,Kaltenkirchen,Kaltenkirchen,AKN,A1,0.65,3173.0,1178.0,1178.0,Acceptable,Walk to local stop + feeder bus,True,2.39,5.5,2,21.0,14.7,23.8,10,11.1,86.1,15,101.1,60+ min,60+ min,No impact,False,8,10,8,20,46,Medium,3,Long commute commuters
EMP0940,Norderstedt,near_workplace,53.705885,9.994652,0.81,Norderstedt Mitte,Norderstedt,U-Bahn / AKN,"U1, A2",0.95,265.0,265.0,265.0,Excellent,Walk directly to major station,False,0.0,0.0,0,4.0,3.3,0.0,0,11.1,18.4,15,33.4,0-30 min,31-45 min,Minor impact,False,35,25,20,10,90,Very High,0,High-potential PT users
EMP0941,Hamburg-Altona,urban,53.555797,9.950781,16.38,Altona,Hamburg-Altona,S-Bahn / Regional,"S1, S2, S3, RE",0.95,1125.0,598.0,598.0,Good,Walk directly to major station,False,0.0,0.0,1,4.0,14.1,22.3,5,11.1,56.4,15,71.4,46-60 min,60+ min,Minor impact,False,18,18,14,10,60,Medium,2,Delay-sensitive commuters
EMP0942,Henstedt-Ulzburg,outer_suburban,53.766408,9.970568,7.25,Henstedt-Ulzburg,Henstedt-Ulzburg,AKN,"A1, A2",0.7,2729.0,893.0,893.0,Good,Walk to local stop + feeder bus,True,2.2,5.1,2,20.0,11.2,15.0,10,11.1,72.3,15,87.3,60+ min,60+ min,No impact,False,8,18,8,20,54,Medium,3,Moderate-potential commuters
EMP0943,Hamburg-City,urban,53.534906,9.985146,18.55,Jungfernstieg,Hamburg-City,U-Bahn / S-Bahn,"U1, U2, U4, S1, S3",0.95,1989.0,458.0,458.0,Excellent,Walk to local stop + feeder bus,True,1.84,4.2,1,10.0,5.7,31.5,5,11.1,67.5,15,82.5,60+ min,60+ min,No impact,False,8,25,14,20,67,High,2,Moderate-potential commuters
EMP0944,Hamburg-Eimsbuettel,urban,53.604639,9.964313,10.88,Kellinghusenstrasse,Hamburg-Eppendorf,U-Bahn,"U1, U3",0.9,2509.0,285.0,285.0,Excellent,Walk to local stop + feeder bus,True,2.67,6.2,1,11.0,3.6,27.1,5,11.1,63.9,15,78.9,60+ min,60+ min,No impact,False,8,25,14,20,67,High,2,Moderate-potential commuters
EMP0945,Hamburg-Wandsbek,urban,53.59577,10.100304,14.03,Wandsbek Markt,Hamburg-Wandsbek,U-Bahn / Bus,"U1, Bus",0.85,3438.0,802.0,802.0,Good,Walk to local stop + feeder bus,True,3.16,7.3,1,12.0,10.0,32.3,5,11.1,77.6,15,92.6,60+ min,60+ min,No impact,False,8,18,14,20,60,Medium,2,Long commute commuters
EMP0946,Hamburg-City,urban,53.572704,10.041532,14.83,Barmbek,Hamburg-Barmbek,U-Bahn / S-Bahn,"U3, S1",0.9,1598.0,588.0,588.0,Good,Walk to local stop + feeder bus,True,1.21,2.8,2,11.0,7.3,25.2,10,11.1,67.4,15,82.4,60+ min,60+ min,No impact,False,8,18,8,20,54,Medium,2,Moderate-potential commuters
EMP0947,Quickborn,suburban,53.708197,9.869939,7.58,Quickborn,Quickborn,AKN,A1,0.7,3384.0,949.0,949.0,Good,Walk to local stop + feeder bus,True,2.92,6.7,2,18.0,11.9,10.5,10,11.1,68.1,15,83.1,60+ min,60+ min,No impact,False,8,18,8,20,54,Medium,3,Moderate-potential commuters
EMP0948,Henstedt-Ulzburg,outer_suburban,53.804349,9.982107,11.42,Henstedt-Ulzburg,Henstedt-Ulzburg,AKN,"A1, A2",0.7,1596.0,787.0,787.0,Good,Walk to local stop + feeder bus,True,0.97,2.2,2,20.0,9.8,15.0,10,11.1,68.2,15,83.2,60+ min,60+ min,No impact,False,8,18,8,20,54,Medium,3,Moderate-potential commuters
EMP0949,Henstedt-Ulzburg,outer_suburban,53.811085,9.978505,12.17,Henstedt-Ulzburg,Henstedt-Ulzburg,AKN,"A1, A2",0.7,2356.0,1427.0,1427.0,Acceptable,Walk to local stop + feeder bus,True,1.11,2.6,2,20.0,17.8,15.0,10,11.1,76.5,15,91.5,60+ min,60+ min,No impact,False,8,10,8,20,46,Medium,3,Long commute commuters
EMP0950,Hamburg-Altona,urban,53.533286,9.907541,19.4,Altona,Hamburg-Altona,S-Bahn / Regional,"S1, S2, S3, RE",0.95,2761.0,666.0,666.0,Good,Walk to local stop + feeder bus,True,2.51,5.8,2,10.0,8.3,22.3,10,11.1,67.5,15,82.5,60+ min,60+ min,No impact,False,8,18,8,20,54,Medium,2,Moderate-potential commuters
EMP0951,Hamburg-Barmbek,urban,53.566308,10.078153,16.27,Wandsbek Markt,Hamburg-Wandsbek,U-Bahn / Bus,"U1, Bus",0.85,971.0,420.0,420.0,Excellent,Walk directly to major station,False,0.0,0.0,0,6.0,12.1,32.3,0,11.1,61.4,15,76.4,60+ min,60+ min,No impact,False,8,25,20,20,73,High,0,Moderate-potential commuters
EMP0952,Hamburg-City,urban,53.572391,10.042526,14.88,Wandsbek Markt,Hamburg-Wandsbek,U-Bahn / Bus,"U1, Bus",0.85,1617.0,571.0,571.0,Good,Walk to local stop + feeder bus,True,1.26,2.9,1,12.0,7.1,32.3,5,11.1,70.3,15,85.3,60+ min,60+ min,No impact,False,8,18,14,20,60,Medium,2,Moderate-potential commuters
EMP0953,Hamburg-City,urban,53.530051,10.02734,19.29,Hamburg Hbf,Hamburg-City,U-Bahn / S-Bahn / Regional,"U1, U2, U3, U4, S-Bahn, RE",1.0,2864.0,339.0,339.0,Excellent,Walk to local stop + feeder bus,True,3.03,7.0,1,9.0,4.2,21.7,5,11.1,58.0,15,73.0,46-60 min,60+ min,Minor impact,False,18,25,14,10,67,High,2,Delay-sensitive commuters
EMP0954,Hamburg-City,urban,53.559573,9.990784,15.81,Dammtor,Hamburg-City,S-Bahn / Regional,"S-Bahn, RE",0.9,172.0,172.0,172.0,Excellent,Walk directly to major station,False,0.0,0.0,1,5.0,2.1,20.5,5,11.1,43.7,15,58.7,31-45 min,46-60 min,Minor impact,True,28,25,14,10,77,High,0,Delay-sensitive commuters
EMP0955,Elmshorn,outer_suburban,53.784034,9.626253,25.28,Elmshorn,Elmshorn,Regional,RE,0.7,3774.0,1251.0,1251.0,Acceptable,Walk to local stop + feeder bus,True,3.03,7.0,3,20.0,15.6,28.8,15,11.1,97.4,15,112.4,60+ min,60+ min,No impact,False,8,10,3,20,41,Low,1,Long commute commuters
EMP0956,Kaltenkirchen,outer_suburban,53.832083,9.933718,14.88,Kaltenkirchen,Kaltenkirchen,AKN,A1,0.65,1935.0,1429.0,1429.0,Acceptable,Walk to local stop + feeder bus,True,0.61,1.4,2,21.0,17.9,23.8,10,11.1,85.1,15,100.1,60+ min,60+ min,No impact,False,8,10,8,20,46,Medium,3,Long commute commuters
EMP0957,Quickborn,suburban,53.700074,9.89159,6.13,Quickborn,Quickborn,AKN,A1,0.7,3534.0,1202.0,1202.0,Acceptable,Walk to local stop + feeder bus,True,2.8,6.5,2,18.0,15.0,10.5,10,11.1,71.0,15,86.0,60+ min,60+ min,No impact,False,8,10,8,20,46,Medium,3,Moderate-potential commuters
EMP0958,Hamburg-Wandsbek,urban,53.566232,10.091409,16.63,Wandsbek Markt,Hamburg-Wandsbek,U-Bahn / Bus,"U1, Bus",0.85,1735.0,600.0,600.0,Good,Walk to local stop + feeder bus,True,1.36,3.1,1,12.0,7.5,32.3,5,11.1,71.0,15,86.0,60+ min,60+ min,No impact,False,8,18,14,20,60,Medium,2,Moderate-potential commuters
EMP0959,Hamburg-Wandsbek,urban,53.584838,10.153388,17.11,Wandsbek Markt,Hamburg-Wandsbek,U-Bahn / Bus,"U1, Bus",0.85,5879.0,650.0,650.0,Good,Walk to local stop + feeder bus,True,6.27,14.5,1,12.0,8.1,32.3,5,11.1,82.9,15,97.9,60+ min,60+ min,No impact,False,8,18,14,20,60,Medium,2,Long commute commuters
EMP0960,Hamburg-Barmbek,urban,53.614927,10.053611,10.67,Ohlsdorf,Hamburg-Ohlsdorf,U-Bahn / S-Bahn,"U1, S1",0.95,1637.0,530.0,530.0,Good,Walk to local stop + feeder bus,True,1.33,3.1,1,10.0,6.6,18.2,5,11.1,53.9,15,68.9,46-60 min,60+ min,Minor impact,False,18,18,14,10,60,Medium,2,Delay-sensitive commuters
EMP0961,Hamburg-Barmbek,urban,53.591728,10.043982,12.84,Barmbek,Hamburg-Barmbek,U-Bahn / S-Bahn,"U3, S1",0.9,526.0,417.0,417.0,Excellent,Walk directly to major station,False,0.0,0.0,1,5.0,6.6,25.2,5,11.1,52.8,15,67.8,46-60 min,60+ min,Minor impact,False,18,25,14,10,67,High,2,Delay-sensitive commuters
EMP0962,Hamburg-Wandsbek,urban,53.602912,10.13612,14.85,Wandsbek Markt,Hamburg-Wandsbek,U-Bahn / Bus,"U1, Bus",0.85,5712.0,168.0,168.0,Excellent,Walk to local stop + feeder bus,True,6.65,15.4,1,12.0,2.1,32.3,5,11.1,77.8,15,92.8,60+ min,60+ min,No impact,False,8,25,14,20,67,High,2,Long commute commuters
EMP0963,Norderstedt,near_workplace,53.732732,10.012209,3.9,Norderstedt Mitte,Norderstedt,U-Bahn / AKN,"U1, A2",0.95,3032.0,265.0,265.0,Excellent,Walk to local stop + feeder bus,True,3.32,7.7,1,9.0,3.3,0.0,5,11.1,36.0,15,51.0,31-45 min,46-60 min,Minor impact,True,28,25,14,10,77,High,0,Delay-sensitive commuters
EMP0964,Norderstedt,near_workplace,53.695865,9.952268,2.23,Richtweg,Norderstedt,U-Bahn,U1,0.85,2815.0,414.0,414.0,Excellent,Walk to local stop + feeder bus,True,2.88,6.6,1,11.0,5.2,2.9,5,11.1,41.8,15,56.8,31-45 min,46-60 min,Minor impact,True,28,25,14,10,77,High,0,Delay-sensitive commuters
EMP0965,Elmshorn,outer_suburban,53.729093,9.700671,18.93,Elmshorn,Elmshorn,Regional,RE,0.7,4183.0,700.0,700.0,Good,Walk to local stop + feeder bus,True,4.18,9.6,3,20.0,8.7,28.8,15,11.1,93.2,15,108.2,60+ min,60+ min,No impact,False,8,18,3,20,49,Medium,3,Long commute commuters
EMP0966,Hamburg-Wandsbek,urban,53.566273,10.063993,15.94,Wandsbek Markt,Hamburg-Wandsbek,U-Bahn / Bus,"U1, Bus",0.85,667.0,402.0,402.0,Excellent,Walk directly to major station,False,0.0,0.0,0,6.0,8.3,32.3,0,11.1,57.6,15,72.6,46-60 min,60+ min,Minor impact,False,18,25,20,10,73,High,0,Delay-sensitive commuters
EMP0967,Elmshorn,outer_suburban,53.714983,9.625357,23.69,Elmshorn,Elmshorn,Regional,RE,0.7,4704.0,667.0,667.0,Good,Walk to local stop + feeder bus,True,4.84,11.2,3,20.0,8.3,28.8,15,11.1,94.3,15,109.3,60+ min,60+ min,No impact,False,8,18,3,20,49,Medium,3,Long commute commuters
EMP0968,Hamburg-City,urban,53.538746,9.957597,18.21,Altona,Hamburg-Altona,S-Bahn / Regional,"S1, S2, S3, RE",0.95,2098.0,340.0,340.0,Excellent,Walk to local stop + feeder bus,True,2.11,4.9,2,10.0,4.2,22.3,10,11.1,62.5,15,77.5,60+ min,60+ min,No impact,False,8,25,8,20,61,Medium,2,Moderate-potential commuters
EMP0969,Hamburg-Barmbek,urban,53.584982,10.05802,13.85,Barmbek,Hamburg-Barmbek,U-Bahn / S-Bahn,"U3, S1",0.9,952.0,479.0,479.0,Excellent,Walk directly to major station,False,0.0,0.0,1,5.0,11.9,25.2,5,11.1,58.1,15,73.1,46-60 min,60+ min,Minor impact,False,18,25,14,10,67,High,2,Delay-sensitive commuters
EMP0970,Hamburg-City,urban,53.551229,10.000112,16.76,Jungfernstieg,Hamburg-City,U-Bahn / S-Bahn,"U1, U2, U4, S1, S3",0.95,413.0,413.0,413.0,Excellent,Walk directly to major station,False,0.0,0.0,0,4.0,5.2,31.5,0,11.1,51.7,15,66.7,46-60 min,60+ min,Minor impact,False,18,25,20,10,73,High,0,Delay-sensitive commuters
EMP0971,Hamburg-City,urban,53.568038,9.991299,14.87,Dammtor,Hamburg-City,S-Bahn / Regional,"S-Bahn, RE",0.9,817.0,772.0,772.0,Good,Walk directly to major station,False,0.0,0.0,1,5.0,10.2,20.5,5,11.1,51.8,15,66.8,46-60 min,60+ min,Minor impact,False,18,18,14,10,60,Medium,2,Delay-sensitive commuters
EMP0972,Norderstedt,near_workplace,53.712867,9.972047,1.49,Norderstedt Mitte,Norderstedt,U-Bahn / AKN,"U1, A2",0.95,1469.0,455.0,455.0,Excellent,Walk directly to major station,False,0.0,0.0,0,4.0,18.4,0.0,0,11.1,33.4,15,48.4,31-45 min,46-60 min,Minor impact,True,28,25,20,10,83,Very High,0,High-potential PT users
EMP0973,Norderstedt,near_workplace,53.702116,10.0335,3.22,Richtweg,Norderstedt,U-Bahn,U1,0.85,2655.0,424.0,424.0,Excellent,Walk to local stop + feeder bus,True,2.68,6.2,1,11.0,5.3,2.9,5,11.1,41.5,15,56.5,31-45 min,46-60 min,Minor impact,True,28,25,14,10,77,High,0,Delay-sensitive commuters
EMP0974,Kaltenkirchen,outer_suburban,53.818862,10.022888,13.27,Henstedt-Ulzburg,Henstedt-Ulzburg,AKN,"A1, A2",0.7,4184.0,936.0,936.0,Good,Walk to local stop + feeder bus,True,3.9,9.0,2,20.0,11.7,15.0,10,11.1,76.8,15,91.8,60+ min,60+ min,No impact,False,8,18,8,20,54,Medium,3,Long commute commuters
EMP0975,Hamburg-Altona,urban,53.58253,9.920093,13.92,Altona,Hamburg-Altona,S-Bahn / Regional,"S1, S2, S3, RE",0.95,3535.0,893.0,893.0,Good,Walk to local stop + feeder bus,True,3.17,7.3,2,10.0,11.2,22.3,10,11.1,71.8,15,86.8,60+ min,60+ min,No impact,False,8,18,8,20,54,Medium,2,Moderate-potential commuters
EMP0976,Hamburg-Harburg,outer_urban,53.482606,10.03781,24.61,Harburg,Hamburg-Harburg,S-Bahn / Regional,"S3, S5, RE",0.9,4284.0,849.0,849.0,Good,Walk to local stop + feeder bus,True,4.12,9.5,3,13.0,10.6,35.2,15,11.1,94.3,15,109.3,60+ min,60+ min,No impact,False,8,18,3,20,49,Medium,3,Long commute commuters
EMP0977,Hamburg-Wandsbek,urban,53.609051,10.141413,14.59,Wandsbek Markt,Hamburg-Wandsbek,U-Bahn / Bus,"U1, Bus",0.85,6410.0,437.0,437.0,Excellent,Walk to local stop + feeder bus,True,7.17,16.5,1,12.0,5.5,32.3,5,11.1,82.3,15,97.3,60+ min,60+ min,No impact,False,8,25,14,20,67,High,2,Long commute commuters
EMP0978,Hamburg-Eimsbuettel,urban,53.556227,9.953047,16.31,Altona,Hamburg-Altona,S-Bahn / Regional,"S1, S2, S3, RE",0.95,1281.0,631.0,631.0,Good,Walk directly to major station,False,0.0,0.0,1,4.0,16.0,22.3,5,11.1,58.4,15,73.4,46-60 min,60+ min,Minor impact,False,18,18,14,10,60,Medium,2,Delay-sensitive commuters
EMP0979,Hamburg-Barmbek,urban,53.59089,10.048815,13.03,Barmbek,Hamburg-Barmbek,U-Bahn / S-Bahn,"U3, S1",0.9,537.0,527.0,527.0,Good,Walk directly to major station,False,0.0,0.0,1,5.0,6.7,25.2,5,11.1,53.0,15,68.0,46-60 min,60+ min,Minor impact,False,18,18,14,10,60,Medium,2,Delay-sensitive commuters
EMP0980,Hamburg-City,urban,53.551544,10.051685,17.27,Wandsbek Markt,Hamburg-Wandsbek,U-Bahn / Bus,"U1, Bus",0.85,2489.0,164.0,164.0,Excellent,Walk to local stop + feeder bus,True,2.79,6.4,1,12.0,2.1,32.3,5,11.1,68.8,15,83.8,60+ min,60+ min,No impact,False,8,25,14,20,67,High,2,Moderate-potential commuters
EMP0981,Lueneburg,regional,53.25998,10.34311,54.55,Lueneburg,Lueneburg,Regional,RE,0.7,4900.0,1338.0,1338.0,Acceptable,Walk to local stop + feeder bus,True,4.28,9.9,3,22.0,16.7,73.1,15,11.1,147.7,15,162.7,60+ min,60+ min,No impact,False,8,10,3,20,41,Low,1,Long commute commuters
EMP0982,Ahrensburg,suburban,53.700151,10.27116,18.86,Ahrensburg,Ahrensburg,Regional,RE,0.75,3508.0,820.0,820.0,Good,Walk to local stop + feeder bus,True,3.23,7.4,2,17.0,10.3,20.9,10,11.1,76.6,15,91.6,60+ min,60+ min,No impact,False,8,18,8,20,54,Medium,3,Long commute commuters
EMP0983,Quickborn,suburban,53.727807,9.946838,3.82,Quickborn,Quickborn,AKN,A1,0.7,2840.0,1252.0,1252.0,Acceptable,Walk to local stop + feeder bus,True,1.91,4.4,2,18.0,15.7,10.5,10,11.1,69.6,15,84.6,60+ min,60+ min,No impact,False,8,10,8,20,46,Medium,3,Moderate-potential commuters
EMP0984,Hamburg-Wandsbek,urban,53.573027,10.119804,16.86,Wandsbek Markt,Hamburg-Wandsbek,U-Bahn / Bus,"U1, Bus",0.85,3488.0,405.0,405.0,Excellent,Walk to local stop + feeder bus,True,3.7,8.5,1,12.0,5.1,32.3,5,11.1,73.9,15,88.9,60+ min,60+ min,No impact,False,8,25,14,20,67,High,2,Moderate-potential commuters
EMP0985,Norderstedt,near_workplace,53.693202,9.983335,0.95,Richtweg,Norderstedt,U-Bahn,U1,0.85,794.0,205.0,205.0,Excellent,Walk directly to major station,False,0.0,0.0,0,6.0,9.9,2.9,0,11.1,29.9,15,44.9,0-30 min,31-45 min,Minor impact,False,35,25,20,10,90,Very High,0,High-potential PT users
EMP0986,Elmshorn,outer_suburban,53.718342,9.664845,21.13,Elmshorn,Elmshorn,Regional,RE,0.7,4041.0,1597.0,1597.0,Poor,Walk to local stop + feeder bus,True,2.93,6.8,3,20.0,20.0,28.8,15,11.1,101.5,15,116.5,60+ min,60+ min,No impact,False,8,4,3,20,35,Low,1,Poor station access commuters
EMP0987,Hamburg-Eimsbuettel,urban,53.595474,9.99344,11.83,Kellinghusenstrasse,Hamburg-Eppendorf,U-Bahn,"U1, U3",0.9,862.0,808.0,808.0,Good,Walk directly to major station,False,0.0,0.0,0,5.0,10.8,27.1,0,11.1,53.9,15,68.9,46-60 min,60+ min,Minor impact,False,18,18,20,10,66,High,0,Delay-sensitive commuters
EMP0988,Norderstedt,near_workplace,53.674398,9.993018,3.09,Ochsenzoll,Hamburg-Langenhorn,U-Bahn,U1,0.8,600.0,367.0,367.0,Excellent,Walk directly to major station,False,0.0,0.0,0,7.0,7.5,7.1,0,11.1,32.6,15,47.6,31-45 min,46-60 min,Minor impact,True,28,25,20,10,83,Very High,0,High-potential PT users
EMP0989,Hamburg-Eimsbuettel,urban,53.559315,9.919666,16.4,Altona,Hamburg-Altona,S-Bahn / Regional,"S1, S2, S3, RE",0.95,1299.0,699.0,699.0,Good,Walk directly to major station,False,0.0,0.0,1,4.0,16.2,22.3,5,11.1,58.6,15,73.6,46-60 min,60+ min,Minor impact,False,18,18,14,10,60,Medium,2,Delay-sensitive commuters
EMP0990,Ahrensburg,suburban,53.66699,10.177422,13.27,Ahrensburg,Ahrensburg,Regional,RE,0.75,4153.0,1330.0,1330.0,Acceptable,Walk to local stop + feeder bus,True,3.39,7.8,2,17.0,16.6,20.9,10,11.1,83.3,15,98.3,60+ min,60+ min,No impact,False,8,10,8,20,46,Medium,3,Long commute commuters
EMP0991,Hamburg-Harburg,outer_urban,53.442041,9.956873,28.93,Harburg,Hamburg-Harburg,S-Bahn / Regional,"S3, S5, RE",0.9,2742.0,1042.0,1042.0,Acceptable,Walk to local stop + feeder bus,True,2.04,4.7,3,13.0,13.0,35.2,15,11.1,91.9,15,106.9,60+ min,60+ min,No impact,False,8,10,3,20,41,Low,3,Long commute commuters
EMP0992,Quickborn,suburban,53.75175,9.929759,6.63,Quickborn,Quickborn,AKN,A1,0.7,2862.0,1551.0,1551.0,Poor,Walk to local stop + feeder bus,True,1.57,3.6,2,18.0,19.4,10.5,10,11.1,72.6,15,87.6,60+ min,60+ min,No impact,False,8,4,8,20,40,Low,3,Poor station access commuters
EMP0993,Ahrensburg,suburban,53.693208,10.253613,17.74,Ahrensburg,Ahrensburg,Regional,RE,0.75,2242.0,818.0,818.0,Good,Walk to local stop + feeder bus,True,1.71,3.9,2,17.0,10.2,20.9,10,11.1,73.1,15,88.1,60+ min,60+ min,No impact,False,8,18,8,20,54,Medium,3,Moderate-potential commuters
EMP0994,Hamburg-City,urban,53.575879,10.010428,14.09,Kellinghusenstrasse,Hamburg-Eppendorf,U-Bahn,"U1, U3",0.9,1907.0,484.0,484.0,Excellent,Walk to local stop + feeder bus,True,1.71,3.9,1,11.0,6.1,27.1,5,11.1,64.1,15,79.1,60+ min,60+ min,No impact,False,8,25,14,20,67,High,2,Moderate-potential commuters
EMP0995,Elmshorn,outer_suburban,53.772794,9.703324,20.12,Elmshorn,Elmshorn,Regional,RE,0.7,3913.0,1037.0,1037.0,Acceptable,Walk to local stop + feeder bus,True,3.45,8.0,3,20.0,13.0,28.8,15,11.1,95.7,15,110.7,60+ min,60+ min,No impact,False,8,10,3,20,41,Low,3,Long commute commuters
EMP0996,Hamburg-Wandsbek,urban,53.593671,10.016766,12.2,Kellinghusenstrasse,Hamburg-Eppendorf,U-Bahn,"U1, U3",0.9,1876.0,502.0,502.0,Good,Walk to local stop + feeder bus,True,1.65,3.8,1,11.0,6.3,27.1,5,11.1,64.2,15,79.2,60+ min,60+ min,No impact,False,8,18,14,20,60,Medium,2,Moderate-potential commuters
EMP0997,Hamburg-Harburg,outer_urban,53.447803,10.035178,28.43,Harburg,Hamburg-Harburg,S-Bahn / Regional,"S3, S5, RE",0.9,3064.0,1087.0,1087.0,Acceptable,Walk to local stop + feeder bus,True,2.37,5.5,3,13.0,13.6,35.2,15,11.1,93.3,15,108.3,60+ min,60+ min,No impact,False,8,10,3,20,41,Low,3,Long commute commuters
EMP0998,Norderstedt,near_workplace,53.684136,9.978855,1.99,Garstedt,Norderstedt,U-Bahn,U1,0.85,1005.0,656.0,656.0,Good,Walk directly to major station,False,0.0,0.0,0,6.0,12.6,5.6,0,11.1,35.3,15,50.3,31-45 min,46-60 min,Minor impact,True,28,18,20,10,76,High,0,Delay-sensitive commuters
EMP0999,Lueneburg,regional,53.235407,10.385448,58.24,Lueneburg,Lueneburg,Regional,RE,0.7,2360.0,2237.0,2237.0,Poor,Walk to local stop + feeder bus,True,0.15,0.3,3,22.0,28.0,73.1,15,11.1,149.4,15,164.4,60+ min,60+ min,No impact,False,8,4,3,20,35,Low,1,Poor station access commuters
EMP1000,Hamburg-Altona,urban,53.56119,9.93253,16.0,Altona,Hamburg-Altona,S-Bahn / Regional,"S1, S2, S3, RE",0.95,1035.0,519.0,519.0,Good,Walk directly to major station,False,0.0,0.0,1,4.0,12.9,22.3,5,11.1,55.3,15,70.3,46-60 min,60+ min,Minor impact,False,18,18,14,10,60,Medium,2,Delay-sensitive commuters
